participant_id,source_clip_id,condition,scene_code,auc
P09,C04,RAW,TL,577.95686126736825
P09,C04,RAW,TL,545.50874420458922
P09,C13,RAW,TL,567.40223624455018
P09,C16,RAW,TL,787.2557490106924
P09,C16,RAW,TL,764.38672717548297
P09,C18,RAW,TL,551.31323919800047
P09,C18,RAW,TL,669.79332078501193
P10,C02,RAW,TL,477.00230286476409
P10,C03,RAW,TL,513.15148755400037
P10,C05,RAW,TL,645.51999657023634
P10,C06,RAW,TL,690.65504897436722
P10,C07,RAW,TL,585.78184429402847
P10,C17,RAW,TL,801.33703739193686
P10,C17,RAW,TL,717.50484427984225
P11,C17,RAW,TL,543.88713645131213
P11,C17,RAW,TL,577.40445591403181
P11,C07,RAW,TL,630.64575513138823
P11,C06,RAW,TL,555.35346273747336
P11,C05,RAW,TL,591.75456024530581
P11,C03,RAW,TL,524.12385334739542
P11,C02,RAW,TL,304.5669352317193
P12,C02,RAW,TL,602.03911799300352
P12,C03,RAW,TL,748.77336013139279
P12,C05,RAW,TL,721.91233376579419
P12,C06,RAW,TL,712.37129461981135
P12,C07,RAW,TL,727.42694920874249
P12,C17,RAW,TL,785.03418007149219
P12,C17,RAW,TL,698.47624736143916
P13,C18,RAW,TL,514.5149690077568
P13,C18,RAW,TL,410.22486113490243
P13,C16,RAW,TL,651.20314363620071
P13,C16,RAW,TL,621.98076590874621
P13,C13,RAW,TL,730.65769668198936
P13,C04,RAW,TL,629.43981032966497
P13,C04,RAW,TL,601.48646628469885
P14,C18,RAW,TL,547.83982623601719
P14,C18,RAW,TL,691.76868390181085
P14,C16,RAW,TL,518.92591317212532
P14,C16,RAW,TL,529.33720179034242
P14,C13,RAW,TL,537.34878399243087
P14,C04,RAW,TL,676.98409315618915
P14,C04,RAW,TL,581.20649605003939
P15,C17,RAW,TL,543.31438112695514
P15,C17,RAW,TL,565.99279729164391
P15,C07,RAW,TL,534.47437305340304
P15,C06,RAW,TL,586.39983795834996
P15,C05,RAW,TL,597.88662338952759
P15,C03,RAW,TL,557.99953587808466
P15,C02,RAW,TL,549.38834196540404
P16,C13,RAW,TL,745.43033161988046
P16,C18,RAW,TL,721.03737487943624
P16,C18,RAW,TL,787.0956085018164
P16,C04,RAW,TL,740.4804254447364
P16,C04,RAW,TL,731.08226570603904
P16,C16,RAW,TL,944.00282284120681
P16,C16,RAW,TL,777.28326491146731
P17,C02,RAW,TL,570.18139580320212
P17,C03,RAW,TL,622.62417982376928
P17,C05,RAW,TL,687.30213801736556
P17,C06,RAW,TL,663.43814100096597
P17,C07,RAW,TL,554.36121510035764
P17,C17,RAW,TL,611.12759525319916
P17,C17,RAW,TL,604.14715413309887
P18,C04,RAW,TL,602.71947723483538
P18,C04,RAW,TL,486.09360365962522
P18,C13,RAW,TL,750.65260214500438
P18,C16,RAW,TL,595.60011053348512
P18,C16,RAW,TL,585.85790525659058
P18,C18,RAW,TL,776.01093768094086
P18,C18,RAW,TL,710.95715176686724
P01,C17,RAW,TL,710.18733939678918
P01,C17,RAW,TL,529.09752611605279
P01,C07,RAW,TL,1026.6296494923797
P01,C06,RAW,TL,781.24946290899038
P01,C05,RAW,TL,761.13037036477988
P01,C03,RAW,TL,746.65297779829007
P01,C02,RAW,TL,808.10455457364401
P19,C17,RAW,TL,699.80491731715665
P19,C17,RAW,TL,793.34642527320307
P19,C07,RAW,TL,969.19124262039804
P19,C06,RAW,TL,666.18130635627824
P19,C05,RAW,TL,652.83741217740032
P19,C03,RAW,TL,737.7060959694503
P19,C02,RAW,TL,731.45474128100693
P20,C17,RAW,TL,572.15360213912959
P20,C17,RAW,TL,638.02150896423234
P20,C07,RAW,TL,502.46197743366639
P20,C06,RAW,TL,627.71354384324991
P20,C05,RAW,TL,512.47770361272069
P20,C03,RAW,TL,416.81069500422223
P20,C02,RAW,TL,437.73087525412802
P02,C02,RAW,TL,712.09839106000618
P02,C03,RAW,TL,639.91073639395609
P02,C05,RAW,TL,694.78332221123765
P02,C06,RAW,TL,920.42690868703619
P02,C07,RAW,TL,760.71337054274125
P02,C17,RAW,TL,814.12024975118413
P02,C17,RAW,TL,466.30879152012187
P03,C04,RAW,TL,546.55253419364306
P03,C04,RAW,TL,674.33719000166809
P03,C13,RAW,TL,696.92376068792464
P03,C16,RAW,TL,709.84447272059504
P03,C16,RAW,TL,703.21529260896784
P03,C18,RAW,TL,495.42464001247362
P03,C18,RAW,TL,485.58372172740002
P04,C18,RAW,TL,685.1394711148298
P04,C18,RAW,TL,536.75598308828103
P04,C16,RAW,TL,660.99979890832867
P04,C16,RAW,TL,707.94967885615097
P04,C13,RAW,TL,576.75503219729933
P04,C04,RAW,TL,729.96613242935962
P04,C04,RAW,TL,750.07787645226904
P05,C17,RAW,TL,631.44625121859337
P05,C17,RAW,TL,755.38037737874583
P05,C07,RAW,TL,557.0638920339768
P05,C06,RAW,TL,564.47447500126736
P05,C05,RAW,TL,718.93983749731728
P05,C03,RAW,TL,581.98120935413704
P05,C02,RAW,TL,560.99774331406593
P06,C04,RAW,TL,751.17468733322278
P06,C04,RAW,TL,736.36758504079955
P06,C13,RAW,TL,643.17500677239786
P06,C16,RAW,TL,807.99042531053237
P06,C16,RAW,TL,638.25138839628175
P06,C18,RAW,TL,609.29090305844193
P06,C18,RAW,TL,673.42297429018038
P07,C18,RAW,TL,689.1651863669515
P07,C18,RAW,TL,732.54341098220925
P07,C16,RAW,TL,528.43546984473903
P07,C16,RAW,TL,574.02718245958624
P07,C13,RAW,TL,730.59140343256399
P07,C04,RAW,TL,425.16595439401721
P07,C04,RAW,TL,563.1058647295655
P08,C18,RAW,TL,573.20286976378918
P08,C18,RAW,TL,556.57674854479262
P08,C16,RAW,TL,647.61916191910473
P08,C16,RAW,TL,427.32020707878019
P08,C13,RAW,TL,445.6535579116225
P08,C04,RAW,TL,491.3506064234715
P08,C04,RAW,TL,507.45864069104312
P09,C02,HUD,TL,530.099234220982
P09,C05,HUD,TL,647.56244848803772
P09,C06,HUD,TL,735.51426100932679
P09,C07,HUD,TL,521.21011677464446
P09,C17,HUD,TL,676.96928568689907
P09,C17,HUD,TL,607.36716267213967
P09,C03,HUD,TL,599.19789758586819
P10,C04,HUD,TL,576.50568730334032
P10,C04,HUD,TL,545.76256223226312
P10,C13,HUD,TL,771.4773662926915
P10,C16,HUD,TL,667.47274525687453
P10,C16,HUD,TL,580.51220445890681
P10,C18,HUD,TL,576.8557482008631
P10,C18,HUD,TL,552.00485575948949
P11,C18,HUD,TL,457.12261361258095
P11,C18,HUD,TL,422.25791671584898
P11,C16,HUD,TL,596.64940095976942
P11,C16,HUD,TL,512.80387347173973
P11,C13,HUD,TL,518.63099492376682
P11,C04,HUD,TL,532.77333889880401
P11,C04,HUD,TL,441.92711341568304
P12,C04,HUD,TL,674.53622727993991
P12,C04,HUD,TL,629.03749701278491
P12,C13,HUD,TL,686.54651008619601
P12,C16,HUD,TL,682.42856103752956
P12,C16,HUD,TL,720.60670272598384
P12,C18,HUD,TL,511.04322242371478
P12,C18,HUD,TL,572.02788242519637
P13,C17,HUD,TL,581.03321482856074
P13,C17,HUD,TL,621.70095824173245
P13,C07,HUD,TL,561.58147772487541
P13,C06,HUD,TL,563.26463567471978
P13,C05,HUD,TL,603.83181981425207
P13,C03,HUD,TL,741.35510853021799
P13,C02,HUD,TL,497.5996303311241
P14,C17,HUD,TL,897.95160297644929
P14,C17,HUD,TL,459.7604540014396
P14,C07,HUD,TL,632.4219042909707
P14,C06,HUD,TL,882.09907957832741
P14,C05,HUD,TL,660.516058344783
P14,C03,HUD,TL,642.15211044375587
P14,C02,HUD,TL,550.12392035402331
P15,C18,HUD,TL,375.91847993009605
P15,C18,HUD,TL,483.66958402700459
P15,C16,HUD,TL,688.91163064517514
P15,C16,HUD,TL,626.00634636183554
P15,C13,HUD,TL,608.6948595083378
P15,C04,HUD,TL,663.38217498861991
P15,C04,HUD,TL,553.9188644853848
P16,C02,HUD,TL,516.31683748463661
P16,C03,HUD,TL,508.53485087905256
P16,C05,HUD,TL,567.18182965594463
P16,C06,HUD,TL,464.14870356236293
P16,C07,HUD,TL,482.0534059768143
P16,C17,HUD,TL,588.21599271633465
P16,C17,HUD,TL,391.2736336006385
P17,C04,HUD,TL,531.09617400029424
P17,C04,HUD,TL,552.58946493647636
P17,C13,HUD,TL,808.74865830017347
P17,C16,HUD,TL,621.71819698473564
P17,C16,HUD,TL,899.07468735683221
P17,C18,HUD,TL,619.68945937322894
P17,C18,HUD,TL,358.67454749277528
P18,C02,HUD,TL,544.04691856116835
P18,C03,HUD,TL,672.54396807209514
P18,C05,HUD,TL,712.79066941128224
P18,C06,HUD,TL,632.2293355007406
P18,C07,HUD,TL,585.69287350805143
P18,C17,HUD,TL,562.81059379614635
P18,C17,HUD,TL,787.46195138948337
P01,C18,HUD,TL,413.00111182485779
P01,C18,HUD,TL,456.43094321714131
P01,C16,HUD,TL,570.66388899261051
P01,C16,HUD,TL,374.49189510985406
P01,C13,HUD,TL,584.38376956305228
P01,C04,HUD,TL,548.70508315486995
P01,C04,HUD,TL,522.96365112275032
P19,C18,HUD,TL,831.61721376831235
P19,C18,HUD,TL,627.53053124897087
P19,C16,HUD,TL,770.34036155628257
P19,C16,HUD,TL,716.26635602000363
P19,C13,HUD,TL,859.6053030423783
P19,C04,HUD,TL,748.83793255754335
P19,C04,HUD,TL,630.082615657308
P20,C18,HUD,TL,559.19798864219194
P20,C18,HUD,TL,529.2972183497036
P20,C16,HUD,TL,577.08836612725395
P20,C16,HUD,TL,557.68043863981359
P20,C13,HUD,TL,538.03264115271395
P20,C04,HUD,TL,501.00439518488707
P20,C04,HUD,TL,549.73791195050842
P02,C04,HUD,TL,464.02449184347626
P02,C04,HUD,TL,534.22444473412031
P02,C13,HUD,TL,670.58968969281545
P02,C16,HUD,TL,514.65718287199718
P02,C16,HUD,TL,291.9745772419144
P02,C18,HUD,TL,414.8341646299948
P02,C18,HUD,TL,367.30419433812818
P03,C02,HUD,TL,553.2752986740104
P03,C03,HUD,TL,581.97488513555072
P03,C05,HUD,TL,656.76148497966676
P03,C06,HUD,TL,637.37454577656172
P03,C07,HUD,TL,461.21265704777807
P03,C17,HUD,TL,569.91167493012904
P03,C17,HUD,TL,517.28106641632098
P04,C17,HUD,TL,729.3839551614509
P04,C17,HUD,TL,487.00987241095402
P04,C07,HUD,TL,492.69007737907287
P04,C06,HUD,TL,766.98986961706487
P04,C05,HUD,TL,682.93110455191504
P04,C03,HUD,TL,694.94543390669241
P04,C02,HUD,TL,683.34553210840261
P05,C18,HUD,TL,549.41272071317201
P05,C18,HUD,TL,726.44212266460409
P05,C16,HUD,TL,564.1040637909631
P05,C16,HUD,TL,365.74832388932299
P05,C13,HUD,TL,617.65078499039248
P05,C04,HUD,TL,512.81108113810365
P05,C04,HUD,TL,725.07254405235267
P06,C02,HUD,TL,617.94716431115194
P06,C03,HUD,TL,638.42255153078236
P06,C05,HUD,TL,708.38924365183982
P06,C06,HUD,TL,752.26785790198016
P06,C07,HUD,TL,647.53538244409515
P06,C17,HUD,TL,856.73409938771988
P06,C17,HUD,TL,697.42311094300328
P07,C17,HUD,TL,681.19327774015528
P07,C17,HUD,TL,644.76683513556793
P07,C07,HUD,TL,545.33209711886866
P07,C06,HUD,TL,571.35926873063352
P07,C05,HUD,TL,642.44192432308034
P07,C03,HUD,TL,553.80426980868879
P07,C02,HUD,TL,679.60088925020136
P08,C17,HUD,TL,553.68291477367086
P08,C17,HUD,TL,394.6970290605272
P08,C07,HUD,TL,537.63677788302982
P08,C06,HUD,TL,526.72883480524911
P08,C05,HUD,TL,622.84370846761431
P08,C03,HUD,TL,506.96931927171732
P08,C02,HUD,TL,588.74992929727068
P09,C04,RAW,PTL,714.11999519758092
P09,C04,RAW,PTL,960.47776488794796
P09,C13,RAW,PTL,807.24556047365797
P09,C16,RAW,PTL,852.40467554464669
P09,C16,RAW,PTL,815.28824165587253
P09,C18,RAW,PTL,999.24506360058763
P09,C18,RAW,PTL,950.73325610913321
P10,C02,RAW,PTL,971.91431415468242
P10,C03,RAW,PTL,835.44195823655366
P10,C05,RAW,PTL,868.094379646525
P10,C06,RAW,PTL,1019.0822689386276
P10,C07,RAW,PTL,1011.5608858895692
P10,C17,RAW,PTL,774.13765549826155
P10,C17,RAW,PTL,778.02545724798847
P11,C17,RAW,PTL,886.51693823980338
P11,C17,RAW,PTL,788.26584782977079
P11,C07,RAW,PTL,855.65568370628057
P11,C06,RAW,PTL,953.44790259580043
P11,C05,RAW,PTL,1013.686576990782
P11,C03,RAW,PTL,583.91192295439851
P11,C02,RAW,PTL,998.80074654747818
P12,C02,RAW,PTL,973.60431003407837
P12,C03,RAW,PTL,878.00718716434096
P12,C05,RAW,PTL,875.96278373798214
P12,C06,RAW,PTL,984.62837307027962
P12,C07,RAW,PTL,961.79982894096565
P12,C17,RAW,PTL,945.36037931709643
P12,C17,RAW,PTL,875.1767527786476
P13,C18,RAW,PTL,700.72918255575337
P13,C18,RAW,PTL,603.29062728712393
P13,C16,RAW,PTL,909.28162443005078
P13,C16,RAW,PTL,925.35107311804074
P13,C13,RAW,PTL,873.33361951953725
P13,C04,RAW,PTL,885.82230904139169
P13,C04,RAW,PTL,977.69310378720377
P14,C18,RAW,PTL,652.11645495485857
P14,C18,RAW,PTL,926.67729296561379
P14,C16,RAW,PTL,664.23350584153036
P14,C16,RAW,PTL,751.72334252211488
P14,C13,RAW,PTL,806.1024600710158
P14,C04,RAW,PTL,975.67159697585237
P14,C04,RAW,PTL,937.79022550409195
P15,C17,RAW,PTL,706.99886361243875
P15,C17,RAW,PTL,605.77309114533261
P15,C07,RAW,PTL,530.30951110462934
P15,C06,RAW,PTL,883.31466757552414
P15,C05,RAW,PTL,793.65874124404934
P15,C03,RAW,PTL,762.21769982106673
P15,C02,RAW,PTL,984.10768193771958
P16,C13,RAW,PTL,906.64598556969497
P16,C18,RAW,PTL,905.89301065869677
P16,C18,RAW,PTL,1004.8218501447764
P16,C04,RAW,PTL,957.07058809492457
P16,C04,RAW,PTL,1026.4385666689016
P16,C16,RAW,PTL,911.11656227705043
P16,C16,RAW,PTL,968.01505173632484
P17,C02,RAW,PTL,924.98331193756258
P17,C03,RAW,PTL,826.42673323382724
P17,C05,RAW,PTL,870.63466628635877
P17,C06,RAW,PTL,761.08537070424529
P17,C07,RAW,PTL,830.35376630229609
P17,C17,RAW,PTL,810.94883739090517
P17,C17,RAW,PTL,600.81205729942417
P18,C04,RAW,PTL,898.93890921672016
P18,C04,RAW,PTL,954.37129910014096
P18,C13,RAW,PTL,934.00843998371602
P18,C16,RAW,PTL,868.13779761841442
P18,C16,RAW,PTL,887.20171220552243
P18,C18,RAW,PTL,961.90400324038796
P18,C18,RAW,PTL,969.82967078642957
P01,C17,RAW,PTL,923.57863453532264
P01,C17,RAW,PTL,764.0528713855166
P01,C07,RAW,PTL,792.65147651807661
P01,C06,RAW,PTL,1094.2925620681283
P01,C05,RAW,PTL,902.27881387545642
P01,C03,RAW,PTL,966.4025095932916
P01,C02,RAW,PTL,1004.5420702642092
P19,C17,RAW,PTL,830.57149929453078
P19,C17,RAW,PTL,743.06337572489031
P19,C07,RAW,PTL,995.93008945349482
P19,C06,RAW,PTL,914.95916294449364
P19,C05,RAW,PTL,882.64323474201774
P19,C03,RAW,PTL,816.09787627662558
P19,C02,RAW,PTL,819.73944907168482
P20,C17,RAW,PTL,819.01434826189313
P20,C17,RAW,PTL,582.46845685217727
P20,C07,RAW,PTL,745.52236049480348
P20,C06,RAW,PTL,629.76628914367313
P20,C05,RAW,PTL,797.05322636362666
P20,C03,RAW,PTL,735.37404636573785
P20,C02,RAW,PTL,899.21258464218488
P02,C02,RAW,PTL,1003.6471431982555
P02,C03,RAW,PTL,860.92755588012255
P02,C05,RAW,PTL,950.5927849329446
P02,C06,RAW,PTL,1011.4024888935472
P02,C07,RAW,PTL,993.96043306909655
P02,C17,RAW,PTL,943.31618242890295
P02,C17,RAW,PTL,1198.7715771495027
P03,C04,RAW,PTL,865.67131567455488
P03,C04,RAW,PTL,970.94042159202479
P03,C13,RAW,PTL,940.17972707308445
P03,C16,RAW,PTL,831.77970281593684
P03,C16,RAW,PTL,932.65993280933196
P03,C18,RAW,PTL,736.40906361538111
P03,C18,RAW,PTL,798.31102775909949
P04,C18,RAW,PTL,889.68279753488662
P04,C18,RAW,PTL,852.83823904842711
P04,C16,RAW,PTL,925.6518916763456
P04,C16,RAW,PTL,792.86160397040976
P04,C13,RAW,PTL,793.30789839369697
P04,C04,RAW,PTL,916.72130191816518
P04,C04,RAW,PTL,977.31515501055082
P05,C17,RAW,PTL,808.83457591790909
P05,C17,RAW,PTL,952.54556717165258
P05,C07,RAW,PTL,886.04105068927277
P05,C06,RAW,PTL,1101.3373200615049
P05,C05,RAW,PTL,878.78985949147989
P05,C03,RAW,PTL,844.2208529875237
P05,C02,RAW,PTL,912.71803051862241
P06,C04,RAW,PTL,947.812667016094
P06,C04,RAW,PTL,975.80858155105284
P06,C13,RAW,PTL,900.52886752335121
P06,C16,RAW,PTL,905.03551286134882
P06,C16,RAW,PTL,887.11515569215203
P06,C18,RAW,PTL,856.39524214346989
P06,C18,RAW,PTL,1023.5951414548314
P07,C18,RAW,PTL,765.7493670458673
P07,C18,RAW,PTL,730.62889287501184
P07,C16,RAW,PTL,935.61559800621637
P07,C16,RAW,PTL,829.5730841272624
P07,C13,RAW,PTL,899.53085464331309
P07,C04,RAW,PTL,822.76649279058665
P07,C04,RAW,PTL,974.27242716432602
P08,C18,RAW,PTL,624.42002851284462
P08,C18,RAW,PTL,904.18037955163936
P08,C16,RAW,PTL,967.2724686711324
P08,C16,RAW,PTL,830.07156435885042
P08,C13,RAW,PTL,852.13199477373473
P08,C04,RAW,PTL,943.9523798138074
P08,C04,RAW,PTL,965.24822400429844
P09,C02,HUD,PTL,896.47826268632843
P09,C05,HUD,PTL,867.85861191136576
P09,C06,HUD,PTL,845.97326191294701
P09,C07,HUD,PTL,903.82628386541785
P09,C17,HUD,PTL,816.42071963701596
P09,C17,HUD,PTL,921.43893972439241
P09,C03,HUD,PTL,809.63607369777253
P10,C04,HUD,PTL,875.86799631522842
P10,C04,HUD,PTL,979.42508112813402
P10,C13,HUD,PTL,906.03635215895281
P10,C16,HUD,PTL,857.38056618796702
P10,C16,HUD,PTL,802.03610272617277
P10,C18,HUD,PTL,930.028865518418
P10,C18,HUD,PTL,1013.1366695670448
P11,C18,HUD,PTL,681.91049216482691
P11,C18,HUD,PTL,783.83592369180826
P11,C16,HUD,PTL,827.65573733077713
P11,C16,HUD,PTL,760.43923086693326
P11,C13,HUD,PTL,768.20856114313403
P11,C04,HUD,PTL,862.72382304155553
P11,C04,HUD,PTL,934.28192824942278
P12,C04,HUD,PTL,892.71705972881659
P12,C04,HUD,PTL,939.32675113658559
P12,C13,HUD,PTL,938.62891832720356
P12,C16,HUD,PTL,888.30127787910737
P12,C16,HUD,PTL,862.82165039072584
P12,C18,HUD,PTL,909.06385350697758
P12,C18,HUD,PTL,863.90371676951838
P13,C17,HUD,PTL,801.81942287892707
P13,C17,HUD,PTL,811.71254595550818
P13,C07,HUD,PTL,820.16931534318667
P13,C06,HUD,PTL,735.48224638536908
P13,C05,HUD,PTL,949.22895078237059
P13,C03,HUD,PTL,712.49259167605089
P13,C02,HUD,PTL,845.99729309447548
P14,C17,HUD,PTL,656.91606846618072
P14,C17,HUD,PTL,743.60611497810771
P14,C07,HUD,PTL,695.06752627147364
P14,C06,HUD,PTL,819.5018128694428
P14,C05,HUD,PTL,852.42793025590458
P14,C03,HUD,PTL,758.87786294229556
P14,C02,HUD,PTL,882.46611919253428
P15,C18,HUD,PTL,496.7690170831429
P15,C18,HUD,PTL,691.13210469518265
P15,C16,HUD,PTL,632.83545267569707
P15,C16,HUD,PTL,759.82903295804647
P15,C13,HUD,PTL,695.43133995376161
P15,C04,HUD,PTL,889.01478612289736
P15,C04,HUD,PTL,917.76112121030417
P16,C02,HUD,PTL,839.18270747965312
P16,C03,HUD,PTL,503.64648655548666
P16,C05,HUD,PTL,827.82044422529839
P16,C06,HUD,PTL,906.81099987138236
P16,C07,HUD,PTL,805.40281400790514
P16,C17,HUD,PTL,489.75959091413631
P16,C17,HUD,PTL,657.40055586015183
P17,C04,HUD,PTL,880.17374355375648
P17,C04,HUD,PTL,961.25226667418644
P17,C13,HUD,PTL,896.71883773274396
P17,C16,HUD,PTL,838.21754985766233
P17,C16,HUD,PTL,771.36590020528467
P17,C18,HUD,PTL,637.1252955450002
P17,C18,HUD,PTL,655.0415492057374
P18,C02,HUD,PTL,892.52689104816432
P18,C03,HUD,PTL,688.43865839236196
P18,C05,HUD,PTL,876.13293763084368
P18,C06,HUD,PTL,776.2361298902606
P18,C07,HUD,PTL,807.30249923090901
P18,C17,HUD,PTL,749.8509118080824
P18,C17,HUD,PTL,617.59600611499195
P01,C18,HUD,PTL,791.34625072900428
P01,C18,HUD,PTL,838.80355646017279
P01,C16,HUD,PTL,759.6798700878096
P01,C16,HUD,PTL,735.51655323153011
P01,C13,HUD,PTL,726.55133565287019
P01,C04,HUD,PTL,838.70655293065658
P01,C04,HUD,PTL,989.71488262906496
P19,C18,HUD,PTL,781.52964291514706
P19,C18,HUD,PTL,996.74289626869802
P19,C16,HUD,PTL,841.17415855617048
P19,C16,HUD,PTL,808.67438148185067
P19,C16,HUD,PTL,695.05217254800209
P19,C13,HUD,PTL,904.16200613510296
P19,C04,HUD,PTL,842.45827229211864
P19,C04,HUD,PTL,936.8931304169148
P20,C18,HUD,PTL,624.99647250002863
P20,C18,HUD,PTL,724.54747699649351
P20,C16,HUD,PTL,805.72455522615928
P20,C16,HUD,PTL,689.08151727483948
P20,C13,HUD,PTL,869.81964543037566
P20,C04,HUD,PTL,894.69715457044117
P20,C04,HUD,PTL,897.92377372232056
P02,C04,HUD,PTL,759.95215979083082
P02,C04,HUD,PTL,820.95027749664689
P02,C13,HUD,PTL,828.4202197131475
P02,C16,HUD,PTL,753.39712393632556
P02,C16,HUD,PTL,659.67958356762097
P02,C18,HUD,PTL,879.53753938855562
P02,C18,HUD,PTL,1051.380731027072
P03,C02,HUD,PTL,932.25992383400865
P03,C03,HUD,PTL,732.66681453681895
P03,C05,HUD,PTL,831.61641889790656
P03,C06,HUD,PTL,631.46155973325654
P03,C07,HUD,PTL,822.99277616082395
P03,C17,HUD,PTL,858.45684050099521
P03,C17,HUD,PTL,733.4156671281952
P04,C17,HUD,PTL,854.13320008805522
P04,C17,HUD,PTL,706.15214622454539
P04,C07,HUD,PTL,815.46790213476663
P04,C06,HUD,PTL,899.73242702880293
P04,C05,HUD,PTL,879.70422112821166
P04,C03,HUD,PTL,897.81128742499175
P04,C02,HUD,PTL,923.95460876919196
P05,C18,HUD,PTL,892.31445656187486
P05,C18,HUD,PTL,934.89424202471275
P05,C16,HUD,PTL,851.68569313918022
P05,C16,HUD,PTL,897.09908458991208
P05,C13,HUD,PTL,875.76854761997538
P05,C04,HUD,PTL,957.15907352222519
P05,C04,HUD,PTL,962.38547681671355
P06,C02,HUD,PTL,972.34008127469122
P06,C03,HUD,PTL,774.74496864076684
P06,C05,HUD,PTL,909.42743676432303
P06,C06,HUD,PTL,903.83498736683157
P06,C07,HUD,PTL,872.84988219327261
P06,C17,HUD,PTL,840.33683111057326
P06,C17,HUD,PTL,837.87732162608268
P07,C17,HUD,PTL,814.09131157673391
P07,C17,HUD,PTL,840.41703686692983
P07,C07,HUD,PTL,962.98376700889139
P07,C06,HUD,PTL,875.74699429927728
P07,C05,HUD,PTL,877.04789797297485
P07,C03,HUD,PTL,820.55451786549804
P07,C02,HUD,PTL,894.10400448136068
P08,C17,HUD,PTL,820.71910803062519
P08,C17,HUD,PTL,778.21152988100448
P08,C07,HUD,PTL,634.23900311730119
P08,C06,HUD,PTL,767.29681314085622
P08,C05,HUD,PTL,900.08399072547081
P08,C03,HUD,PTL,857.17418692328761
P08,C02,HUD,PTL,941.66681414697939
P09,C10,RAW,LL,1025.16265957625
P09,C12,RAW,LL,926.84820940319196
P09,C15,RAW,LL,924.52019644763823
P09,C16,RAW,LL,937.4929825412936
P10,C03,RAW,LL,1057.1087117624636
P10,C11,RAW,LL,972.88850181699138
P10,C11,RAW,LL,944.72812847990463
P10,C14,RAW,LL,941.34819611554701
P11,C14,RAW,LL,897.8655870839516
P11,C11,RAW,LL,907.74739559464979
P11,C11,RAW,LL,925.84234132986376
P11,C03,RAW,LL,937.63673226072683
P12,C03,RAW,LL,982.24832972909724
P12,C11,RAW,LL,991.8399359471448
P12,C11,RAW,LL,966.3155786851944
P12,C14,RAW,LL,1028.6778615331834
P13,C16,RAW,LL,941.96652657543245
P13,C15,RAW,LL,947.94614740540658
P13,C12,RAW,LL,992.43884419353799
P13,C10,RAW,LL,1030.6282813650839
P14,C16,RAW,LL,961.5583690392308
P14,C15,RAW,LL,948.93384951394557
P14,C12,RAW,LL,945.59485479599516
P14,C10,RAW,LL,1071.1672724519526
P15,C14,RAW,LL,1046.0245988178226
P15,C11,RAW,LL,1032.3885743353403
P15,C11,RAW,LL,951.56674130557565
P15,C03,RAW,LL,894.1742090738943
P16,C10,RAW,LL,1072.8482156933164
P16,C12,RAW,LL,991.60583790330725
P16,C15,RAW,LL,961.42876897793519
P16,C16,RAW,LL,969.80817391519201
P17,C03,RAW,LL,967.29155033654558
P17,C11,RAW,LL,847.50626656225052
P17,C11,RAW,LL,880.57552861001807
P17,C14,RAW,LL,999.59202183103957
P18,C10,RAW,LL,951.6120478368864
P18,C12,RAW,LL,923.94845407557182
P18,C15,RAW,LL,879.50772215434392
P18,C16,RAW,LL,983.53389979017163
P01,C14,RAW,LL,1025.5388114892501
P01,C11,RAW,LL,1013.3338836568504
P01,C11,RAW,LL,981.83405917560845
P01,C03,RAW,LL,963.57570953844845
P19,C14,RAW,LL,1034.4011738498073
P19,C11,RAW,LL,1106.2871284627761
P19,C11,RAW,LL,1006.2034219472296
P19,C03,RAW,LL,841.52349819132485
P20,C14,RAW,LL,909.38187023601165
P20,C11,RAW,LL,857.22279072919264
P20,C11,RAW,LL,891.34496350852078
P20,C03,RAW,LL,839.9308356595393
P02,C03,RAW,LL,1020.5635268217264
P02,C11,RAW,LL,993.30606744553279
P02,C11,RAW,LL,984.07581746689198
P02,C14,RAW,LL,982.58739058085462
P03,C10,RAW,LL,957.93222644735579
P03,C12,RAW,LL,915.65949726346003
P03,C15,RAW,LL,941.16270232246563
P03,C16,RAW,LL,953.956712797872
P04,C16,RAW,LL,953.62476114920923
P04,C15,RAW,LL,943.51385988542381
P04,C12,RAW,LL,979.67238769913604
P04,C10,RAW,LL,973.36647959620097
P05,C14,RAW,LL,966.2578506175372
P05,C11,RAW,LL,937.46181044317359
P05,C11,RAW,LL,876.41824203654187
P05,C03,RAW,LL,969.31816083399576
P06,C10,RAW,LL,1014.5587339756776
P06,C12,RAW,LL,967.30210432478123
P06,C15,RAW,LL,991.86051141336338
P06,C16,RAW,LL,989.05992011655042
P07,C16,RAW,LL,835.85815099810611
P07,C15,RAW,LL,921.83354613301435
P07,C12,RAW,LL,892.95619267759696
P07,C10,RAW,LL,944.168911859172
P08,C16,RAW,LL,966.20616771182438
P08,C15,RAW,LL,939.81155773544845
P08,C12,RAW,LL,950.05503585192037
P08,C10,RAW,LL,951.36210350293163
P09,C11,HUD,LL,950.10822765616842
P09,C11,HUD,LL,922.13123096388938
P09,C14,HUD,LL,980.38457914999879
P09,C03,HUD,LL,919.15279071543603
P10,C10,HUD,LL,1031.6786441259098
P10,C12,HUD,LL,918.26957113505318
P10,C15,HUD,LL,944.17185965893759
P10,C16,HUD,LL,947.22331817207964
P11,C16,HUD,LL,871.1946422033767
P11,C15,HUD,LL,914.27388155871483
P11,C12,HUD,LL,910.89486987186217
P11,C10,HUD,LL,1067.0966407008214
P12,C10,HUD,LL,985.73598616593404
P12,C12,HUD,LL,981.24003086737719
P12,C15,HUD,LL,955.65499463424737
P12,C16,HUD,LL,986.42745770358317
P13,C14,HUD,LL,943.53053936724916
P13,C11,HUD,LL,918.75574289041163
P13,C11,HUD,LL,999.41048248792595
P13,C03,HUD,LL,1048.888967886551
P14,C14,HUD,LL,975.42676225973719
P14,C11,HUD,LL,1016.0099510230946
P14,C11,HUD,LL,932.94364075879241
P14,C03,HUD,LL,935.58286663131923
P15,C16,HUD,LL,911.43428572241714
P15,C15,HUD,LL,956.67138587369755
P15,C12,HUD,LL,906.91933391280577
P15,C10,HUD,LL,968.91928324402863
P16,C03,HUD,LL,710.25421305112843
P16,C11,HUD,LL,784.92952384869193
P16,C11,HUD,LL,871.56457132198022
P16,C14,HUD,LL,926.79998424732321
P17,C10,HUD,LL,939.22016494521404
P17,C12,HUD,LL,879.51907318097358
P17,C15,HUD,LL,927.21445126454762
P17,C16,HUD,LL,949.79678142958778
P18,C03,HUD,LL,942.09374890606045
P18,C11,HUD,LL,910.0116245237906
P18,C11,HUD,LL,887.02530703015407
P18,C14,HUD,LL,940.47749867899176
P01,C16,HUD,LL,870.93624318061018
P01,C15,HUD,LL,802.75291548266216
P01,C12,HUD,LL,727.4173482827099
P01,C10,HUD,LL,831.64443222683542
P19,C16,HUD,LL,917.20784971898638
P19,C15,HUD,LL,907.44400072644362
P19,C12,HUD,LL,801.05152724572076
P19,C10,HUD,LL,954.94040212269704
P20,C16,HUD,LL,922.45433139268403
P20,C15,HUD,LL,904.54518992463079
P20,C12,HUD,LL,894.97349497136827
P20,C10,HUD,LL,886.77656265896246
P02,C10,HUD,LL,755.39941661053081
P02,C12,HUD,LL,853.79764925684276
P02,C15,HUD,LL,792.44508997564049
P02,C16,HUD,LL,734.32815512005391
P03,C03,HUD,LL,897.65059186204383
P03,C11,HUD,LL,911.93555104468157
P03,C11,HUD,LL,897.51723962455492
P03,C14,HUD,LL,919.86667047394201
P04,C14,HUD,LL,985.36297848199979
P04,C11,HUD,LL,831.26719381026339
P04,C11,HUD,LL,966.64824528354438
P04,C03,HUD,LL,1043.453404974395
P05,C16,HUD,LL,939.34053987380696
P05,C15,HUD,LL,934.37512248539315
P05,C12,HUD,LL,910.02177105007877
P05,C10,HUD,LL,911.02492233284363
P06,C03,HUD,LL,966.67615395581879
P06,C11,HUD,LL,1010.059931755333
P06,C11,HUD,LL,1025.2450964491843
P06,C14,HUD,LL,994.25472540013936
P07,C14,HUD,LL,973.86583880818239
P07,C11,HUD,LL,964.67662640761478
P07,C11,HUD,LL,910.00134398192722
P07,C03,HUD,LL,964.03704581797558
P08,C14,HUD,LL,941.67343177898761
P08,C11,HUD,LL,977.29280639021397
P08,C11,HUD,LL,977.33950334489077
P08,C03,HUD,LL,985.99519324416201
P09,C10,RAW,PLL,927.061995091168
P09,C12,RAW,PLL,665.4685944380667
P09,C15,RAW,PLL,780.14302999885535
P09,C16,RAW,PLL,865.19275200569973
P10,C03,RAW,PLL,919.85205193982961
P10,C11,RAW,PLL,902.60370127803435
P10,C11,RAW,PLL,654.60613154026885
P10,C14,RAW,PLL,811.65153592102183
P11,C14,RAW,PLL,601.55532445689585
P11,C11,RAW,PLL,892.51171309043025
P11,C11,RAW,PLL,686.02919516297391
P11,C03,RAW,PLL,957.62503740511363
P12,C03,RAW,PLL,979.02451019214925
P12,C11,RAW,PLL,972.67347068043239
P12,C11,RAW,PLL,914.28106483263264
P12,C14,RAW,PLL,978.75156476803238
P13,C16,RAW,PLL,893.04814697339191
P13,C15,RAW,PLL,945.29701657459555
P13,C12,RAW,PLL,798.72938072798445
P13,C10,RAW,PLL,822.75002166037223
P14,C16,RAW,PLL,912.51349157707125
P14,C15,RAW,PLL,879.9030504331048
P14,C12,RAW,PLL,698.18112251106345
P14,C10,RAW,PLL,922.35711606305983
P15,C14,RAW,PLL,955.74349218572297
P15,C11,RAW,PLL,969.71107509741216
P15,C11,RAW,PLL,873.30434391964423
P15,C03,RAW,PLL,990.11343960964962
P16,C10,RAW,PLL,970.63539237946043
P16,C12,RAW,PLL,944.6854769183152
P16,C15,RAW,PLL,979.11384661191562
P16,C16,RAW,PLL,940.31837498733637
P17,C03,RAW,PLL,1006.15626178062
P17,C11,RAW,PLL,822.64162654698771
P17,C11,RAW,PLL,688.38713034374882
P17,C14,RAW,PLL,757.28732033516724
P18,C10,RAW,PLL,910.70535015042583
P18,C12,RAW,PLL,733.43665055794031
P18,C15,RAW,PLL,720.69342245338316
P18,C16,RAW,PLL,781.11792875214121
P01,C14,RAW,PLL,944.27784256570555
P01,C11,RAW,PLL,982.07909906484963
P01,C11,RAW,PLL,886.33788427990544
P01,C03,RAW,PLL,1025.4967502126674
P19,C14,RAW,PLL,865.6276406039251
P19,C11,RAW,PLL,959.9276819993828
P19,C11,RAW,PLL,895.12464187021044
P19,C03,RAW,PLL,1031.0405309036059
P20,C14,RAW,PLL,853.66562330179181
P20,C11,RAW,PLL,877.70079632586817
P20,C11,RAW,PLL,817.97319582945374
P20,C03,RAW,PLL,877.72785007645518
P02,C03,RAW,PLL,987.65546635550197
P02,C11,RAW,PLL,918.84165747511042
P02,C11,RAW,PLL,904.95321071038961
P02,C14,RAW,PLL,934.62221102103615
P03,C10,RAW,PLL,877.31244769418834
P03,C12,RAW,PLL,868.37299327932942
P03,C15,RAW,PLL,908.01310576520177
P03,C16,RAW,PLL,948.76086040976202
P04,C16,RAW,PLL,883.91350053196072
P04,C15,RAW,PLL,942.23730839521579
P04,C12,RAW,PLL,919.17212909110822
P04,C10,RAW,PLL,937.95336663897262
P05,C14,RAW,PLL,795.86696577611133
P05,C11,RAW,PLL,937.78115790959919
P05,C11,RAW,PLL,867.61191305534305
P05,C03,RAW,PLL,1005.5280596188642
P06,C10,RAW,PLL,936.8203385267152
P06,C12,RAW,PLL,917.38165980175995
P06,C15,RAW,PLL,955.83194120650398
P06,C16,RAW,PLL,917.1345767193144
P07,C16,RAW,PLL,581.93655734983975
P07,C15,RAW,PLL,929.60021638705723
P07,C12,RAW,PLL,830.88496051297727
P07,C10,RAW,PLL,613.72991915066359
P08,C16,RAW,PLL,918.22879749730919
P08,C15,RAW,PLL,834.91287706832816
P08,C12,RAW,PLL,900.1308635043406
P08,C10,RAW,PLL,910.14462151434839
P09,C11,HUD,PLL,863.28631457926554
P09,C11,HUD,PLL,604.6683675192935
P09,C14,HUD,PLL,581.9976766314868
P09,C03,HUD,PLL,641.7516621393753
P10,C10,HUD,PLL,672.32912605425611
P10,C12,HUD,PLL,851.92491797576565
P10,C15,HUD,PLL,784.63501210527488
P10,C16,HUD,PLL,867.94458963680268
P11,C16,HUD,PLL,641.21138637980789
P11,C15,HUD,PLL,541.06898635946686
P11,C12,HUD,PLL,710.94860616970254
P11,C10,HUD,PLL,755.70399306635795
P12,C10,HUD,PLL,931.91234097285076
P12,C12,HUD,PLL,914.1392192951422
P12,C15,HUD,PLL,907.49132413227562
P12,C16,HUD,PLL,962.17167437579064
P13,C14,HUD,PLL,880.60661997460465
P13,C11,HUD,PLL,896.26410495603363
P13,C11,HUD,PLL,871.53375381662931
P13,C03,HUD,PLL,974.24871179490003
P14,C14,HUD,PLL,995.24611372277525
P14,C11,HUD,PLL,812.36888369313021
P14,C11,HUD,PLL,867.25213296320931
P14,C03,HUD,PLL,914.30410855313676
P15,C16,HUD,PLL,879.32103702156121
P15,C15,HUD,PLL,873.2527648861751
P15,C12,HUD,PLL,858.42314366160247
P15,C10,HUD,PLL,915.05808936224958
P16,C03,HUD,PLL,289.2254485180527
P16,C11,HUD,PLL,465.42070484088168
P16,C11,HUD,PLL,467.14927282927698
P16,C14,HUD,PLL,477.8634496413689
P17,C10,HUD,PLL,900.41295574433479
P17,C12,HUD,PLL,739.21031989716312
P17,C15,HUD,PLL,739.73637014292831
P17,C16,HUD,PLL,704.14807967301988
P18,C03,HUD,PLL,900.26902004147667
P18,C11,HUD,PLL,613.04094587298118
P18,C11,HUD,PLL,797.93801821810189
P18,C14,HUD,PLL,768.62939646328425
P01,C16,HUD,PLL,465.59579148007941
P01,C15,HUD,PLL,474.81373887621976
P01,C12,HUD,PLL,636.93501301719368
P01,C10,HUD,PLL,623.88913016866331
P19,C16,HUD,PLL,865.78649847015959
P19,C15,HUD,PLL,804.07326428455349
P19,C12,HUD,PLL,863.08898308753953
P19,C10,HUD,PLL,893.34802580369001
P20,C16,HUD,PLL,813.64748146131114
P20,C15,HUD,PLL,861.55380528225214
P20,C12,HUD,PLL,856.83840180451114
P20,C10,HUD,PLL,830.12942000611179
P02,C10,HUD,PLL,664.80315723523461
P02,C12,HUD,PLL,601.30161063648552
P02,C15,HUD,PLL,540.22478499567842
P02,C16,HUD,PLL,486.36143921852721
P03,C03,HUD,PLL,870.00148745225181
P03,C11,HUD,PLL,861.43153124407422
P03,C11,HUD,PLL,781.97061902224641
P03,C14,HUD,PLL,852.78894672859849
P04,C14,HUD,PLL,833.97779573014452
P04,C11,HUD,PLL,818.25494446950995
P04,C11,HUD,PLL,877.58227894471361
P04,C03,HUD,PLL,971.29987151819842
P05,C16,HUD,PLL,799.2420139499759
P05,C15,HUD,PLL,831.14177159018482
P05,C12,HUD,PLL,834.10352895835388
P05,C10,HUD,PLL,853.74559863542265
P06,C03,HUD,PLL,914.46679337878959
P06,C11,HUD,PLL,882.72496758633554
P06,C11,HUD,PLL,864.73579324947821
P06,C14,HUD,PLL,843.18803583238866
P07,C14,HUD,PLL,539.94523631543768
P07,C11,HUD,PLL,572.28761270575535
P07,C11,HUD,PLL,450.132998341112
P07,C03,HUD,PLL,514.85270804526237
P08,C14,HUD,PLL,949.56831285881924
P08,C11,HUD,PLL,933.58043458768884
P08,C11,HUD,PLL,890.0691900444026
P08,C03,HUD,PLL,978.39694665140541
P09,C01,RAW,S,1089.2765208634737
P09,C01,RAW,S,1001.3007125891386
P09,C04,RAW,S,906.18766095851538
P09,C04,RAW,S,902.4994903720642
P09,C04,RAW,S,927.37022198751481
P09,C09,RAW,S,935.99233723037401
P09,C09,RAW,S,955.0643010023548
P09,C10,RAW,S,909.78774641127836
P09,C10,RAW,S,945.01451726910238
P09,C12,RAW,S,909.2743462001132
P09,C12,RAW,S,935.32237063920445
P09,C12,RAW,S,941.52866077282317
P09,C13,RAW,S,882.60051592400362
P09,C13,RAW,S,886.7203592895371
P09,C13,RAW,S,765.02337158011539
P09,C15,RAW,S,894.78315429390784
P09,C15,RAW,S,1018.2453870837904
P09,C15,RAW,S,986.32992392771996
P09,C15,RAW,S,919.16416814282195
P09,C16,RAW,S,910.38698051690005
P09,C16,RAW,S,914.89564778104523
P09,C16,RAW,S,941.75977513562361
P09,C16,RAW,S,956.4194164406448
P09,C18,RAW,S,934.04703662937675
P09,C18,RAW,S,962.01939501506115
P09,C18,RAW,S,961.59222074387844
P10,C02,RAW,S,920.07202162002761
P10,C02,RAW,S,920.12525983068758
P10,C03,RAW,S,884.84074960252917
P10,C03,RAW,S,993.56718957077896
P10,C03,RAW,S,997.23240576198282
P10,C03,RAW,S,951.4841321845696
P10,C03,RAW,S,904.90276774867402
P10,C05,RAW,S,901.10556018596958
P10,C05,RAW,S,887.20761630438733
P10,C05,RAW,S,958.53710757256238
P10,C06,RAW,S,976.35539683999821
P10,C06,RAW,S,869.85279311835518
P10,C06,RAW,S,928.1912854550136
P10,C07,RAW,S,914.90096997525279
P10,C07,RAW,S,899.26335391234295
P10,C07,RAW,S,959.25203911500819
P10,C08,RAW,S,1025.5619414885
P10,C08,RAW,S,799.88135775021783
P10,C08,RAW,S,918.92649065244564
P10,C11,RAW,S,911.24347916546276
P10,C11,RAW,S,833.60097609087518
P10,C11,RAW,S,1082.9919294592564
P10,C14,RAW,S,936.3899390917328
P10,C14,RAW,S,1013.0180684526596
P10,C14,RAW,S,949.29410281565276
P10,C14,RAW,S,1098.4434932275797
P10,C17,RAW,S,902.13310041344221
P10,C17,RAW,S,952.82590314822198
P10,C17,RAW,S,923.88486309627262
P10,C17,RAW,S,949.48395683220383
P11,C17,RAW,S,908.09066681351783
P11,C17,RAW,S,931.74300188883217
P11,C17,RAW,S,911.99679940882322
P11,C17,RAW,S,980.14107426155283
P11,C14,RAW,S,879.62551087839552
P11,C14,RAW,S,972.28499500175701
P11,C14,RAW,S,942.46861276270238
P11,C14,RAW,S,1116.4149406346762
P11,C11,RAW,S,938.79143354310224
P11,C11,RAW,S,839.77026153793827
P11,C11,RAW,S,937.88631164585684
P11,C08,RAW,S,998.77909430717
P11,C08,RAW,S,1022.261645802026
P11,C08,RAW,S,1008.7390676526678
P11,C07,RAW,S,874.06812997272834
P11,C07,RAW,S,995.350420916296
P11,C07,RAW,S,926.62456540496157
P11,C06,RAW,S,921.82694947151037
P11,C06,RAW,S,892.78167896678804
P11,C06,RAW,S,911.33165422530362
P11,C05,RAW,S,940.64361106362958
P11,C05,RAW,S,913.86767348345984
P11,C05,RAW,S,939.97236802691998
P11,C03,RAW,S,947.56772248658058
P11,C03,RAW,S,930.32846548844122
P11,C03,RAW,S,894.17032710101671
P11,C03,RAW,S,950.30673278311838
P11,C03,RAW,S,870.4358669590722
P11,C02,RAW,S,936.75998425927344
P11,C02,RAW,S,880.28181980137515
P12,C02,RAW,S,982.25622973590521
P12,C02,RAW,S,926.47736034134437
P12,C03,RAW,S,968.10927297104922
P12,C03,RAW,S,957.62209763425199
P12,C03,RAW,S,997.00014390751403
P12,C03,RAW,S,976.04484913886597
P12,C03,RAW,S,915.20124902259818
P12,C05,RAW,S,1016.3648454754668
P12,C05,RAW,S,1006.3304840493856
P12,C05,RAW,S,981.88220880874235
P12,C06,RAW,S,984.49229296969497
P12,C06,RAW,S,941.72198736559142
P12,C06,RAW,S,1092.2272727272727
P12,C07,RAW,S,1008.722332303048
P12,C07,RAW,S,919.38655843920003
P12,C07,RAW,S,1026.5905477350159
P12,C08,RAW,S,996.95935254701044
P12,C08,RAW,S,1013.3667539311808
P12,C08,RAW,S,1099.9642750180246
P12,C11,RAW,S,988.1880691081476
P12,C11,RAW,S,908
P12,C11,RAW,S,963.49079426340336
P12,C14,RAW,S,953.89108229314115
P12,C14,RAW,S,1030.3390953998487
P12,C14,RAW,S,987.51555154245682
P12,C14,RAW,S,1127.5565228705657
P12,C17,RAW,S,974.40465847972121
P12,C17,RAW,S,988.68157454891525
P12,C17,RAW,S,970.44881225529264
P12,C17,RAW,S,976.51820312852396
P13,C18,RAW,S,921.28456913468278
P13,C18,RAW,S,988.2358479774224
P13,C18,RAW,S,907.12530851035456
P13,C16,RAW,S,958.66215179512119
P13,C16,RAW,S,1057.0740059845523
P13,C16,RAW,S,1033.8388846062978
P13,C16,RAW,S,956.82888371169395
P13,C15,RAW,S,857.65169348671031
P13,C15,RAW,S,1071.0323698643288
P13,C15,RAW,S,951.50393612243158
P13,C15,RAW,S,991.91817214091077
P13,C13,RAW,S,961.73773795901639
P13,C13,RAW,S,989.63228465922316
P13,C13,RAW,S,864.51591435749685
P13,C12,RAW,S,923.37862347795078
P13,C12,RAW,S,900.19483642864179
P13,C12,RAW,S,937.75032209120843
P13,C10,RAW,S,902.95003659468523
P13,C10,RAW,S,938.09923935724078
P13,C09,RAW,S,987.77379791401518
P13,C09,RAW,S,963.13257788346198
P13,C04,RAW,S,955.465736256936
P13,C04,RAW,S,919.49008150358725
P13,C04,RAW,S,1016.6893920958952
P13,C01,RAW,S,1122.5245025684319
P13,C01,RAW,S,1039.3118897481124
P14,C18,RAW,S,920.47936672542221
P14,C18,RAW,S,973.78605758532319
P14,C18,RAW,S,817.65526650242737
P14,C16,RAW,S,867.08914108541705
P14,C16,RAW,S,938
P14,C16,RAW,S,837.20232162893524
P14,C16,RAW,S,948.7839329027488
P14,C16,RAW,S,1044.199692795358
P14,C15,RAW,S,916.27163639764638
P14,C15,RAW,S,999.50969598564757
P14,C15,RAW,S,921.3320771460144
P14,C15,RAW,S,867.79066926244013
P14,C13,RAW,S,814.91790514852983
P14,C13,RAW,S,861.36136421632784
P14,C13,RAW,S,824.62711398985903
P14,C12,RAW,S,943.19895096348364
P14,C12,RAW,S,870.91838740363107
P14,C12,RAW,S,853.53857798957029
P14,C10,RAW,S,848.91466855612236
P14,C10,RAW,S,936.67525736457037
P14,C09,RAW,S,936.08940861536644
P14,C09,RAW,S,983.31711235668979
P14,C04,RAW,S,995.61442322391702
P14,C04,RAW,S,924.410906173733
P14,C04,RAW,S,1024.8118279310506
P14,C01,RAW,S,1129.3546745492172
P14,C01,RAW,S,958.1980465955188
P15,C17,RAW,S,939.53798147086684
P15,C17,RAW,S,911.14395903638035
P15,C17,RAW,S,961.08094732160157
P15,C17,RAW,S,939.52118034716136
P15,C14,RAW,S,893.98086560011336
P15,C14,RAW,S,994.36840194619299
P15,C14,RAW,S,960.96618886002761
P15,C14,RAW,S,1095.5230643230689
P15,C11,RAW,S,933.62481822330301
P15,C11,RAW,S,826.41530858013857
P15,C11,RAW,S,958.87151340636365
P15,C08,RAW,S,1009.4955981951564
P15,C08,RAW,S,964.03644989843315
P15,C08,RAW,S,1030.7675028837834
P15,C07,RAW,S,912.1268731186376
P15,C07,RAW,S,895.55152515025452
P15,C07,RAW,S,988.49171162138555
P15,C06,RAW,S,953.03041101039162
P15,C06,RAW,S,892.33605877955881
P15,C06,RAW,S,966.78570914132399
P15,C05,RAW,S,922.70474309728161
P15,C05,RAW,S,931.95586783370402
P15,C05,RAW,S,892.63980755990031
P15,C03,RAW,S,867.78382019129583
P15,C03,RAW,S,947.54666137950721
P15,C03,RAW,S,943.44222050562018
P15,C03,RAW,S,984.3328360966816
P15,C03,RAW,S,871.07752830133154
P15,C02,RAW,S,931.20408901922656
P15,C02,RAW,S,893.66592460660661
P16,C01,RAW,S,993.65606635813583
P16,C01,RAW,S,977.23957689479676
P16,C09,RAW,S,955.32433099411003
P16,C09,RAW,S,952.18411694947622
P16,C10,RAW,S,910.10993423359503
P16,C10,RAW,S,979.40544817430759
P16,C12,RAW,S,927.5789200388366
P16,C12,RAW,S,978.81911092636278
P16,C12,RAW,S,955.87030831476284
P16,C13,RAW,S,920.7943853734688
P16,C13,RAW,S,931.69472969035041
P16,C13,RAW,S,862.20924511218618
P16,C15,RAW,S,956.2347354316172
P16,C15,RAW,S,1028.5511842850638
P16,C15,RAW,S,966.37602589160258
P16,C15,RAW,S,996.30261568306219
P16,C18,RAW,S,951.35417737696116
P16,C18,RAW,S,970.36352417028195
P16,C18,RAW,S,973.11742764711835
P16,C04,RAW,S,1138.7886390442288
P16,C04,RAW,S,949.11460897732525
P16,C04,RAW,S,981.78934241702279
P16,C16,RAW,S,940.31315431775681
P16,C16,RAW,S,971.8485445406784
P16,C16,RAW,S,978.39903542562115
P16,C16,RAW,S,966.11541349263598
P17,C02,RAW,S,942.16971496476219
P17,C02,RAW,S,947.83097296566041
P17,C03,RAW,S,962.25457415593723
P17,C03,RAW,S,952.13498221323164
P17,C03,RAW,S,955.76851142829798
P17,C03,RAW,S,966.65336038027965
P17,C03,RAW,S,953.90537509329624
P17,C05,RAW,S,978.6074013085904
P17,C05,RAW,S,984.43089529909184
P17,C05,RAW,S,941.85195493129038
P17,C06,RAW,S,965.14779822767082
P17,C06,RAW,S,948.18797843537584
P17,C06,RAW,S,858.21541452686245
P17,C07,RAW,S,945.06318212510598
P17,C07,RAW,S,921.59198738396003
P17,C07,RAW,S,971.67106880559925
P17,C08,RAW,S,984.47849255870517
P17,C08,RAW,S,974.37472401855121
P17,C08,RAW,S,1020.7682157666056
P17,C11,RAW,S,963.68476430976443
P17,C11,RAW,S,874.0917905202416
P17,C11,RAW,S,943.56758360684523
P17,C14,RAW,S,887.68805405540434
P17,C14,RAW,S,970.9121808461914
P17,C14,RAW,S,955.69185088665222
P17,C14,RAW,S,1144.8547215952888
P17,C17,RAW,S,944.644443142922
P17,C17,RAW,S,941.52342521977516
P17,C17,RAW,S,949.60609048663196
P17,C17,RAW,S,911.20426118296041
P18,C01,RAW,S,1105.8160824903352
P18,C01,RAW,S,977.1429290100582
P18,C04,RAW,S,920.87671385624083
P18,C04,RAW,S,933.21125776928818
P18,C04,RAW,S,957.04858572521061
P18,C09,RAW,S,941.78942696444244
P18,C09,RAW,S,982.58146447330284
P18,C10,RAW,S,883.36844831887652
P18,C10,RAW,S,939.42701682228881
P18,C12,RAW,S,924.77661319960418
P18,C12,RAW,S,882.41043628681575
P18,C12,RAW,S,936.54449081888777
P18,C13,RAW,S,912.17490187689521
P18,C13,RAW,S,902.7570689303318
P18,C13,RAW,S,903.21082725792382
P18,C15,RAW,S,850.68167622669
P18,C15,RAW,S,1080.247463239147
P18,C15,RAW,S,937.23597171004576
P18,C15,RAW,S,909.15803040316757
P18,C16,RAW,S,960.15995197895518
P18,C16,RAW,S,1003.31037282408
P18,C16,RAW,S,999.82226699783564
P18,C16,RAW,S,953.33406597190242
P18,C18,RAW,S,938.46533122873075
P18,C18,RAW,S,981.41705961916045
P18,C18,RAW,S,914.89522697227801
P01,C17,RAW,S,960.29030339168798
P01,C17,RAW,S,971.74202532272602
P01,C17,RAW,S,986.99816772363999
P01,C17,RAW,S,961.98719216379163
P01,C14,RAW,S,891.02183501366642
P01,C14,RAW,S,997.83174869185302
P01,C14,RAW,S,981.61730266864095
P01,C14,RAW,S,1283.9552815348011
P01,C11,RAW,S,974.103390243626
P01,C11,RAW,S,858.00000000000011
P01,C11,RAW,S,945.02276212868117
P01,C08,RAW,S,963.13766013538043
P01,C08,RAW,S,933.20744643712203
P01,C08,RAW,S,1156.6203497833601
P01,C07,RAW,S,968.49525809965485
P01,C07,RAW,S,999.97788910142162
P01,C07,RAW,S,1001.0397532572284
P01,C06,RAW,S,972.4366631410312
P01,C06,RAW,S,956.81166679173521
P01,C06,RAW,S,963.62033899895278
P01,C05,RAW,S,963.56262066187776
P01,C05,RAW,S,986.81003851849277
P01,C05,RAW,S,974.13828360766615
P01,C03,RAW,S,893.27816627701168
P01,C03,RAW,S,977.63630548099115
P01,C03,RAW,S,966.52024032305883
P01,C03,RAW,S,994.89764469351041
P01,C03,RAW,S,879.23115408501656
P01,C02,RAW,S,924.61575090699523
P01,C02,RAW,S,961.27408451390204
P19,C17,RAW,S,786.84425922301466
P19,C17,RAW,S,898.96056859157602
P19,C17,RAW,S,958.1192920448168
P19,C17,RAW,S,889.04923929148617
P19,C14,RAW,S,1039.1931060546508
P19,C14,RAW,S,961.24312287081239
P19,C14,RAW,S,966.64750535532403
P19,C14,RAW,S,984.134576852132
P19,C11,RAW,S,853.31508194799187
P19,C11,RAW,S,931.01353603373798
P19,C11,RAW,S,984.53465205233681
P19,C08,RAW,S,1001.170070985268
P19,C08,RAW,S,965.05184160971919
P19,C08,RAW,S,836.14514613152789
P19,C07,RAW,S,914.96336316185761
P19,C07,RAW,S,895.26837462215701
P19,C07,RAW,S,923.03295859103525
P19,C06,RAW,S,947.62365163985817
P19,C06,RAW,S,877.8317373251889
P19,C06,RAW,S,954
P19,C05,RAW,S,695.98785851525975
P19,C05,RAW,S,885.36467630289587
P19,C05,RAW,S,835.60427199686455
P19,C03,RAW,S,954.11338694429321
P19,C03,RAW,S,980.36670323778606
P19,C03,RAW,S,1010.4942589648816
P19,C03,RAW,S,914.79963439689823
P19,C03,RAW,S,988.82636822429663
P19,C02,RAW,S,789.16256950251272
P19,C02,RAW,S,913.25425419591397
P20,C17,RAW,S,929.52215231780315
P20,C17,RAW,S,917.50405575254501
P20,C17,RAW,S,949.28642959151159
P20,C17,RAW,S,913.55253962522943
P20,C14,RAW,S,853.36029267104368
P20,C14,RAW,S,952.58790762156502
P20,C14,RAW,S,943.99909392999018
P20,C14,RAW,S,1170.1988741003249
P20,C11,RAW,S,948.09286336815558
P20,C11,RAW,S,848.99998450701105
P20,C11,RAW,S,893.45509653722013
P20,C08,RAW,S,970.25410232432841
P20,C08,RAW,S,904.68697058302325
P20,C08,RAW,S,946.64818935634662
P20,C07,RAW,S,919.59644048944995
P20,C07,RAW,S,911.31839069024318
P20,C07,RAW,S,932.32240863860284
P20,C06,RAW,S,934.83514611389955
P20,C06,RAW,S,902.084316246659
P20,C06,RAW,S,912.66566563502602
P20,C05,RAW,S,928.70921310264737
P20,C05,RAW,S,935.62615950466602
P20,C05,RAW,S,864.40574054406852
P20,C03,RAW,S,909.0049601894026
P20,C03,RAW,S,914.86071194162957
P20,C03,RAW,S,907.5896774961044
P20,C03,RAW,S,900.53304248887423
P20,C03,RAW,S,883.32441990112773
P20,C02,RAW,S,884.23013258313892
P20,C02,RAW,S,895.95325796545626
P02,C02,RAW,S,988.41433391820942
P02,C02,RAW,S,954.08458920089436
P02,C03,RAW,S,931.36169882161562
P02,C03,RAW,S,997.82412160181082
P02,C03,RAW,S,1017.7749790459339
P02,C03,RAW,S,993.39596184816503
P02,C03,RAW,S,874.04217998316881
P02,C05,RAW,S,948.08383246105882
P02,C05,RAW,S,984.60622804604884
P02,C05,RAW,S,944.27057853488282
P02,C06,RAW,S,989.65443725036937
P02,C06,RAW,S,950.97196351339403
P02,C06,RAW,S,965.09339237060919
P02,C07,RAW,S,959.49795741386845
P02,C07,RAW,S,957.70302172706943
P02,C07,RAW,S,988.28535845818521
P02,C08,RAW,S,1029.8929637846404
P02,C08,RAW,S,977.86554255072758
P02,C08,RAW,S,1165.7760056826016
P02,C11,RAW,S,974.50572798661995
P02,C11,RAW,S,889.58956045824732
P02,C11,RAW,S,974.96512009068363
P02,C14,RAW,S,935.11038675947441
P02,C14,RAW,S,990.43627834162123
P02,C14,RAW,S,999.85547352201263
P02,C14,RAW,S,1021.165813196332
P02,C14,RAW,S,1082.5168700840943
P02,C17,RAW,S,958.89197449180597
P02,C17,RAW,S,989.14076673160537
P02,C17,RAW,S,982.70244079502402
P02,C17,RAW,S,986.11636690955481
P03,C01,RAW,S,1016.5740967204572
P03,C01,RAW,S,984.48102136398677
P03,C04,RAW,S,939.55739296037802
P03,C04,RAW,S,927.90376170981756
P03,C04,RAW,S,967.13061616938364
P03,C09,RAW,S,953.04570017663116
P03,C09,RAW,S,991.57297992518738
P03,C10,RAW,S,914.90116150474705
P03,C10,RAW,S,965.89061947731
P03,C12,RAW,S,929.85123580533616
P03,C12,RAW,S,924.38443032360601
P03,C12,RAW,S,940.12219116621441
P03,C13,RAW,S,920.83738472031018
P03,C13,RAW,S,907.50793801416182
P03,C13,RAW,S,958.56016883713164
P03,C15,RAW,S,1001.7309246085002
P03,C15,RAW,S,979.0557268803874
P03,C15,RAW,S,953.34676047293135
P03,C15,RAW,S,967.3780030561004
P03,C16,RAW,S,952.88847637907156
P03,C16,RAW,S,939.93765646217855
P03,C16,RAW,S,972.82802809210318
P03,C16,RAW,S,962.87002708602017
P03,C18,RAW,S,951.02681515354084
P03,C18,RAW,S,961.35964903859804
P03,C18,RAW,S,934.50855923421841
P04,C18,RAW,S,977.66265934028365
P04,C18,RAW,S,952.2435620312358
P04,C18,RAW,S,937.75416324711375
P04,C16,RAW,S,975.05793756881405
P04,C16,RAW,S,951.88494763716915
P04,C16,RAW,S,1007.0251954840592
P04,C16,RAW,S,955.51034104091241
P04,C15,RAW,S,903.20833900168918
P04,C15,RAW,S,1060.446985302551
P04,C15,RAW,S,1017.18380927386
P04,C15,RAW,S,871.70697436742591
P04,C13,RAW,S,879.0873745328696
P04,C13,RAW,S,860.5148207518464
P04,C13,RAW,S,848.7345737229806
P04,C12,RAW,S,922.22305599747199
P04,C12,RAW,S,921.05522114767359
P04,C12,RAW,S,981.29421712569876
P04,C10,RAW,S,860.33581393922054
P04,C10,RAW,S,978.35943319979776
P04,C09,RAW,S,937.19481168237496
P04,C09,RAW,S,930.14514471945279
P04,C04,RAW,S,959.62486797364681
P04,C04,RAW,S,937.44430938954122
P04,C04,RAW,S,1027.1798686721929
P04,C01,RAW,S,1032.9323266776048
P04,C01,RAW,S,948.52476721604376
P05,C17,RAW,S,926.31349524042298
P05,C17,RAW,S,987.91584651704795
P05,C17,RAW,S,941.99436925526641
P05,C17,RAW,S,955.39015418744043
P05,C14,RAW,S,912.53104761004738
P05,C14,RAW,S,1013.3103851464052
P05,C14,RAW,S,963.93647807210243
P05,C14,RAW,S,1107.9670083943258
P05,C11,RAW,S,925.56794124374039
P05,C11,RAW,S,878
P05,C11,RAW,S,947.90380179000101
P05,C08,RAW,S,974.36613981367123
P05,C08,RAW,S,960.83381339220296
P05,C08,RAW,S,1008.7888793200392
P05,C07,RAW,S,974.06900148363798
P05,C07,RAW,S,947.63298233140245
P05,C07,RAW,S,948.78434088207155
P05,C06,RAW,S,950.97676820381264
P05,C06,RAW,S,924.87555657350322
P05,C06,RAW,S,939.5
P05,C05,RAW,S,974.79500673546977
P05,C05,RAW,S,983.08615748955003
P05,C05,RAW,S,893.5647853598532
P05,C03,RAW,S,964.59662672375759
P05,C03,RAW,S,975.16791213255237
P05,C03,RAW,S,944.02597401133482
P05,C03,RAW,S,961.7908175944508
P05,C03,RAW,S,930.53184427424162
P05,C02,RAW,S,935.22611096730941
P05,C02,RAW,S,912.50218266076877
P06,C01,RAW,S,1112.8243330293869
P06,C01,RAW,S,1021.8333646947182
P06,C04,RAW,S,906.58166392457917
P06,C04,RAW,S,949.52830859088397
P06,C04,RAW,S,1069.6331000181069
P06,C09,RAW,S,975.05282173436035
P06,C09,RAW,S,1007.207847648228
P06,C10,RAW,S,920.62567781602445
P06,C10,RAW,S,983.95711455421201
P06,C12,RAW,S,930.6081212411998
P06,C12,RAW,S,891.25673031186261
P06,C12,RAW,S,1012.3792258315556
P06,C13,RAW,S,904.77832676507126
P06,C13,RAW,S,820.26217802694771
P06,C13,RAW,S,961.78497746354378
P06,C15,RAW,S,886.07442333515871
P06,C15,RAW,S,1053.7949131226665
P06,C15,RAW,S,1002.563113126086
P06,C15,RAW,S,887.73401733473133
P06,C16,RAW,S,986.3057526712804
P06,C16,RAW,S,1049.0868412940642
P06,C16,RAW,S,1040.9071158487784
P06,C16,RAW,S,1057.2942416896403
P06,C18,RAW,S,977.72094312176239
P06,C18,RAW,S,984.36168757345877
P06,C18,RAW,S,995.70678558936766
P07,C18,RAW,S,912.91896919377882
P07,C18,RAW,S,969.25940290616279
P07,C18,RAW,S,1007.3340253391872
P07,C16,RAW,S,916.96446290716403
P07,C16,RAW,S,946.94863051763195
P07,C16,RAW,S,917.76138944214415
P07,C16,RAW,S,1098.7700748870782
P07,C15,RAW,S,693.11881247718043
P07,C15,RAW,S,1020.8989594941496
P07,C15,RAW,S,969.92781495671238
P07,C15,RAW,S,883.99955909745256
P07,C13,RAW,S,917.45353526071676
P07,C13,RAW,S,900.30986899352934
P07,C13,RAW,S,886.74838769173596
P07,C12,RAW,S,887.9250731970975
P07,C12,RAW,S,866.23819617133995
P07,C12,RAW,S,889.5668584429302
P07,C10,RAW,S,863.01604337735705
P07,C10,RAW,S,983.59606719087799
P07,C09,RAW,S,922.15148312395479
P07,C09,RAW,S,970.18533385424325
P07,C04,RAW,S,878.24699800978226
P07,C04,RAW,S,861.19876420685853
P07,C04,RAW,S,977.17370234907798
P07,C01,RAW,S,1056.306832604133
P07,C01,RAW,S,958.41343312514925
P08,C18,RAW,S,945.3285873606776
P08,C18,RAW,S,937.52411039812876
P08,C18,RAW,S,924.96566737602075
P08,C16,RAW,S,949.16016193209077
P08,C16,RAW,S,920
P08,C16,RAW,S,952.67215881897755
P08,C16,RAW,S,984.65879264614
P08,C16,RAW,S,889.75275251418861
P08,C15,RAW,S,755.25495457500529
P08,C15,RAW,S,1049.5014433725546
P08,C15,RAW,S,962.72351968468763
P08,C15,RAW,S,959.58463546565758
P08,C13,RAW,S,902.44234638844136
P08,C13,RAW,S,906.72603096931675
P08,C13,RAW,S,901.49678220519957
P08,C12,RAW,S,930.34492403178945
P08,C12,RAW,S,902.37443430316296
P08,C12,RAW,S,950.8551626575196
P08,C12,RAW,S,929.34389290320962
P08,C10,RAW,S,862.84269733448173
P08,C10,RAW,S,937.67610320996937
P08,C09,RAW,S,903.36454743761158
P08,C09,RAW,S,977.10737362318639
P08,C04,RAW,S,911.16887097449921
P08,C04,RAW,S,921.07076784618437
P08,C04,RAW,S,918.93277173324918
P08,C01,RAW,S,1100.6897206762578
P08,C01,RAW,S,956.12527832906642
P09,C02,HUD,S,936.28482789621262
P09,C02,HUD,S,904.64831645246181
P09,C05,HUD,S,884.23150320565412
P09,C05,HUD,S,920.51166384941359
P09,C05,HUD,S,903.14374590014484
P09,C06,HUD,S,931.79299438985402
P09,C06,HUD,S,922.39778666005645
P09,C06,HUD,S,756.45103720334487
P09,C07,HUD,S,919.08745418908563
P09,C07,HUD,S,972.72083677381136
P09,C07,HUD,S,947.35351790603897
P09,C08,HUD,S,975.59380850056016
P09,C08,HUD,S,915.2729103904544
P09,C08,HUD,S,1044.9277378281915
P09,C11,HUD,S,939.66185872445919
P09,C11,HUD,S,878.04766389614883
P09,C11,HUD,S,951.60750560704639
P09,C14,HUD,S,920.02888685822882
P09,C14,HUD,S,988.75243039766724
P09,C14,HUD,S,944.41170495709036
P09,C14,HUD,S,1142.8438835177692
P09,C17,HUD,S,897.76396081325061
P09,C17,HUD,S,937.96101291647403
P09,C17,HUD,S,920.40988653605041
P09,C17,HUD,S,895.41390565164579
P09,C03,HUD,S,953.45141341107501
P09,C03,HUD,S,962.93782485264478
P09,C03,HUD,S,1028.3749741898755
P09,C03,HUD,S,1013.4432643610101
P09,C03,HUD,S,907.95121224788954
P10,C01,HUD,S,1182.072395342298
P10,C01,HUD,S,944.28594276772139
P10,C04,HUD,S,997.25068732260559
P10,C04,HUD,S,900.58216359941889
P10,C04,HUD,S,934.01182803452878
P10,C09,HUD,S,927.38948356349715
P10,C09,HUD,S,916.80138260269041
P10,C10,HUD,S,933.45952372031957
P10,C10,HUD,S,964.40102226659155
P10,C12,HUD,S,938.95788933531719
P10,C12,HUD,S,942.07075635117098
P10,C12,HUD,S,911.87027406893276
P10,C13,HUD,S,944.22617652559802
P10,C13,HUD,S,858.02501870345554
P10,C13,HUD,S,807.64394463740666
P10,C15,HUD,S,947.86973786520036
P10,C15,HUD,S,1049.1697892689124
P10,C15,HUD,S,927.04795800545139
P10,C15,HUD,S,949.4030586086908
P10,C16,HUD,S,951.75168817987242
P10,C16,HUD,S,923
P10,C16,HUD,S,1028.7405681600385
P10,C16,HUD,S,967.65896877592536
P10,C16,HUD,S,983.09008470849096
P10,C18,HUD,S,957.62283192127097
P10,C18,HUD,S,923.2322273503496
P10,C18,HUD,S,950.59781529915676
P11,C18,HUD,S,925.52084192550637
P11,C18,HUD,S,947.46244555281282
P11,C18,HUD,S,830.52886424426288
P11,C16,HUD,S,936.36932214174601
P11,C16,HUD,S,950.73085242688364
P11,C16,HUD,S,979.86826621771218
P11,C16,HUD,S,943.08334520940116
P11,C15,HUD,S,956.93515078159965
P11,C15,HUD,S,1006.9920840251324
P11,C15,HUD,S,892.51357742800246
P11,C15,HUD,S,918.90118530980737
P11,C13,HUD,S,879.47680610112741
P11,C13,HUD,S,874.61510639180892
P11,C13,HUD,S,920.33497563800995
P11,C12,HUD,S,912.718982276882
P11,C12,HUD,S,914.88554790253579
P11,C12,HUD,S,933.590588475559
P11,C10,HUD,S,915.15556342346235
P11,C10,HUD,S,963.08847072080437
P11,C09,HUD,S,942.08013862611494
P11,C09,HUD,S,964.16783210503763
P11,C04,HUD,S,911.75651116448034
P11,C04,HUD,S,903.47453618171016
P11,C04,HUD,S,996.09768197777919
P11,C01,HUD,S,1109.8094664750977
P11,C01,HUD,S,988.10404456729043
P12,C01,HUD,S,1044.8309802723809
P12,C01,HUD,S,985.859404489692
P12,C04,HUD,S,935.86019424988501
P12,C04,HUD,S,960.7828705099862
P12,C04,HUD,S,987.60680386130446
P12,C09,HUD,S,973.93642722683205
P12,C09,HUD,S,987.40620343420539
P12,C10,HUD,S,962.22653186533239
P12,C10,HUD,S,966.2118046086332
P12,C12,HUD,S,959.81738056928805
P12,C12,HUD,S,965.41158872207166
P12,C12,HUD,S,978.96121323650777
P12,C13,HUD,S,962.47419799082002
P12,C13,HUD,S,946.73339456996803
P12,C13,HUD,S,969.42585387813995
P12,C15,HUD,S,988.67833172043038
P12,C15,HUD,S,1040.7651770069422
P12,C15,HUD,S,984.91614582027637
P12,C15,HUD,S,977.77595624457319
P12,C16,HUD,S,987.9682011884712
P12,C16,HUD,S,959.52085490144157
P12,C16,HUD,S,997.32209418486423
P12,C16,HUD,S,993.47202665716543
P12,C18,HUD,S,974.57771528273145
P12,C18,HUD,S,987.23021138665604
P12,C18,HUD,S,976.28839166753403
P13,C17,HUD,S,924.36202666987037
P13,C17,HUD,S,931.70324262033057
P13,C17,HUD,S,1009.8264468017632
P13,C17,HUD,S,880.10392070570151
P13,C17,HUD,S,1000.9452722435726
P13,C14,HUD,S,897.52225408048946
P13,C14,HUD,S,968.75613937238677
P13,C14,HUD,S,992.29398390884603
P13,C14,HUD,S,1228.4618364448088
P13,C11,HUD,S,956.27866045423923
P13,C11,HUD,S,729.09052059052067
P13,C11,HUD,S,933.95893956658756
P13,C08,HUD,S,998.35268290207557
P13,C08,HUD,S,1009.0836072021256
P13,C08,HUD,S,905.54383874013524
P13,C07,HUD,S,959.04508919164925
P13,C07,HUD,S,915.49653136907375
P13,C07,HUD,S,985.36901118311903
P13,C06,HUD,S,958.64528179083163
P13,C06,HUD,S,935.77151079739519
P13,C06,HUD,S,944.97804447703436
P13,C05,HUD,S,940.68515015404205
P13,C05,HUD,S,946.44166093093497
P13,C05,HUD,S,929.78926448031962
P13,C03,HUD,S,895.2546827095324
P13,C03,HUD,S,977.45494662856697
P13,C03,HUD,S,987.58070022235916
P13,C03,HUD,S,936.13687949656423
P13,C03,HUD,S,927.23524508069681
P13,C02,HUD,S,926.01501142119616
P13,C02,HUD,S,949.85129947547375
P14,C17,HUD,S,924.07239294180761
P14,C17,HUD,S,884.77840962791402
P14,C17,HUD,S,925.17488849897302
P14,C17,HUD,S,898.35315889848641
P14,C14,HUD,S,812.56097910448489
P14,C14,HUD,S,954.45457171783119
P14,C14,HUD,S,953.54379639933484
P14,C14,HUD,S,1024.9184348199826
P14,C11,HUD,S,905.38107456641137
P14,C11,HUD,S,762.81532682193836
P14,C11,HUD,S,945.39828410327243
P14,C08,HUD,S,993.84047674780959
P14,C08,HUD,S,922.37076413033378
P14,C08,HUD,S,929.4526483253012
P14,C07,HUD,S,940.43056264358836
P14,C07,HUD,S,909.71299402685679
P14,C07,HUD,S,1015.4480903387353
P14,C06,HUD,S,952.42463307249102
P14,C06,HUD,S,947.81262183129741
P14,C06,HUD,S,981.02928278627041
P14,C05,HUD,S,869.03343155853486
P14,C05,HUD,S,923.42452290831818
P14,C05,HUD,S,937.43903664096104
P14,C03,HUD,S,914.02083071722677
P14,C03,HUD,S,969.51217393679622
P14,C03,HUD,S,981.80452771358478
P14,C03,HUD,S,928.56614059570563
P14,C03,HUD,S,896.74956121405103
P14,C02,HUD,S,954.87872764498536
P14,C02,HUD,S,920.17195840468764
P15,C18,HUD,S,939.04826525610815
P15,C18,HUD,S,944.38243594578455
P15,C18,HUD,S,920.75752495237043
P15,C16,HUD,S,907.05000685627999
P15,C16,HUD,S,980.99410171031684
P15,C16,HUD,S,988.50617520937544
P15,C16,HUD,S,912.35121764021119
P15,C15,HUD,S,782.48720763103461
P15,C15,HUD,S,971.86007233182875
P15,C15,HUD,S,957.32865321754775
P15,C15,HUD,S,913.08154529882961
P15,C13,HUD,S,841.61033347098419
P15,C13,HUD,S,902.64289079021682
P15,C13,HUD,S,972.04442586747996
P15,C12,HUD,S,885.04870449141754
P15,C12,HUD,S,953.8537990274508
P15,C12,HUD,S,931.34851552014322
P15,C10,HUD,S,907.06289856727642
P15,C10,HUD,S,917.87734321153755
P15,C09,HUD,S,959.40588757120963
P15,C09,HUD,S,965.82292462197836
P15,C01,HUD,S,1115.7341517199095
P15,C01,HUD,S,1017.1297346172358
P15,C04,HUD,S,983.03297510484799
P15,C04,HUD,S,913.23522775047377
P15,C04,HUD,S,922.89014087984481
P16,C02,HUD,S,948.91451630798281
P16,C02,HUD,S,939.44329410899104
P16,C03,HUD,S,960.64863881485155
P16,C03,HUD,S,996.36098254740239
P16,C03,HUD,S,1052.6230129212311
P16,C03,HUD,S,992.81792055284518
P16,C03,HUD,S,884.7356417897081
P16,C05,HUD,S,941.76056001339123
P16,C05,HUD,S,1013.0862171288496
P16,C05,HUD,S,936.53952851360282
P16,C06,HUD,S,965.54749792253381
P16,C06,HUD,S,939.96958819595977
P16,C06,HUD,S,953.06389975323759
P16,C07,HUD,S,934.0582373440576
P16,C07,HUD,S,953.2272746995078
P16,C07,HUD,S,976.98705998471917
P16,C08,HUD,S,1010.7186534977876
P16,C08,HUD,S,928.40696178630083
P16,C08,HUD,S,1081.3624842747054
P16,C11,HUD,S,963.27795349680878
P16,C11,HUD,S,881.50000000000011
P16,C11,HUD,S,1069.7139968853919
P16,C14,HUD,S,926.42695284299657
P16,C14,HUD,S,996.7031295267758
P16,C14,HUD,S,972.07830887095758
P16,C14,HUD,S,1167.6369795719029
P16,C17,HUD,S,957.32541900616241
P16,C17,HUD,S,990.44699609113638
P16,C17,HUD,S,962.15468553731137
P16,C17,HUD,S,955.14001538734158
P17,C01,HUD,S,997.15838150985917
P17,C01,HUD,S,970.32855792863359
P17,C04,HUD,S,946.96585289683765
P17,C04,HUD,S,942.29479740504075
P17,C04,HUD,S,967.23905392574159
P17,C09,HUD,S,963.05955305951181
P17,C09,HUD,S,983.09376487301563
P17,C10,HUD,S,904.9900648657632
P17,C10,HUD,S,964.72500119822985
P17,C12,HUD,S,925.92108238027663
P17,C12,HUD,S,933.97473584848342
P17,C12,HUD,S,926.80426199859562
P17,C12,HUD,S,948.043737690439
P17,C13,HUD,S,905.16316065258138
P17,C13,HUD,S,859.80010489679592
P17,C13,HUD,S,920.35901030037917
P17,C15,HUD,S,882.72840414582072
P17,C15,HUD,S,1007.4817641318708
P17,C15,HUD,S,961.28928959709719
P17,C15,HUD,S,914.11050288578519
P17,C16,HUD,S,958.93978083149761
P17,C16,HUD,S,974
P17,C16,HUD,S,938.54519009362218
P17,C16,HUD,S,962.11085138294425
P17,C16,HUD,S,946.72781524291076
P17,C18,HUD,S,965.47629520930957
P17,C18,HUD,S,943.27640484312963
P17,C18,HUD,S,941.80256041086557
P18,C02,HUD,S,956.95343030591982
P18,C02,HUD,S,926.03372844681076
P18,C03,HUD,S,934.07218293008179
P18,C03,HUD,S,971.72534527251617
P18,C03,HUD,S,1001.7346786090754
P18,C03,HUD,S,941.40922579171615
P18,C03,HUD,S,950.95398589961462
P18,C05,HUD,S,940.75880689048722
P18,C05,HUD,S,972.00484656436038
P18,C05,HUD,S,946.35951457391923
P18,C06,HUD,S,955.56590256733443
P18,C06,HUD,S,917.21276476279797
P18,C06,HUD,S,951.88520417853761
P18,C07,HUD,S,912.2004682753992
P18,C07,HUD,S,940.55205936871641
P18,C07,HUD,S,959.47660926994718
P18,C08,HUD,S,1070.3101779439055
P18,C08,HUD,S,938.21990499835624
P18,C08,HUD,S,1082.7866635049586
P18,C11,HUD,S,932.46137938525044
P18,C11,HUD,S,956.33372444988595
P18,C11,HUD,S,941.533233188385
P18,C14,HUD,S,899.99501663625028
P18,C14,HUD,S,974.07301687620702
P18,C14,HUD,S,1026.5774475848052
P18,C14,HUD,S,1116.2627361546131
P18,C17,HUD,S,925.65992887374705
P18,C17,HUD,S,952.77868596526957
P18,C17,HUD,S,976.60648789660161
P18,C17,HUD,S,925.69514811004717
P01,C18,HUD,S,965.91919081026117
P01,C18,HUD,S,976.05380178047858
P01,C18,HUD,S,987.48289698266581
P01,C16,HUD,S,941.44455119132999
P01,C16,HUD,S,952.25754868000922
P01,C16,HUD,S,992.30310783936943
P01,C16,HUD,S,973.54642470852957
P01,C15,HUD,S,989.57385226511781
P01,C15,HUD,S,1067.5046402635858
P01,C15,HUD,S,981.90573276042755
P01,C15,HUD,S,954.42678287552883
P01,C13,HUD,S,909.47435371792199
P01,C13,HUD,S,937.99783953740939
P01,C13,HUD,S,859.07234824254601
P01,C12,HUD,S,980.39630844417161
P01,C12,HUD,S,917.43909370860843
P01,C12,HUD,S,1022.6549274458614
P01,C10,HUD,S,941.91639300758675
P01,C10,HUD,S,973.24759288925497
P01,C09,HUD,S,962.39826861038057
P01,C09,HUD,S,1001.5467248592138
P01,C04,HUD,S,1019.1817880859048
P01,C04,HUD,S,953.59177083674524
P01,C04,HUD,S,1003.7117905457474
P01,C01,HUD,S,1022.781859227337
P01,C01,HUD,S,1014.5412225276552
P19,C18,HUD,S,913.08039817177882
P19,C18,HUD,S,932.21320579645158
P19,C18,HUD,S,916.99495914717636
P19,C16,HUD,S,909.97764625487821
P19,C16,HUD,S,1003.4750866252708
P19,C16,HUD,S,963.81096417237836
P19,C16,HUD,S,869.79324297102085
P19,C15,HUD,S,970.43545806732675
P19,C15,HUD,S,917.72831457033283
P19,C15,HUD,S,960.18915343915319
P19,C15,HUD,S,901.86828241038177
P19,C13,HUD,S,816.6344499114897
P19,C13,HUD,S,770.3257833493717
P19,C13,HUD,S,822.06802783523608
P19,C12,HUD,S,797.20971729476798
P19,C12,HUD,S,988.16262365998762
P19,C12,HUD,S,978.66648351745403
P19,C10,HUD,S,927.20301339243542
P19,C10,HUD,S,974.49384880911441
P19,C09,HUD,S,936.83112310310958
P19,C09,HUD,S,902.02005701138262
P19,C04,HUD,S,1052.9072620694001
P19,C04,HUD,S,782.62466676608085
P19,C04,HUD,S,827.42840443504974
P19,C04,HUD,S,1168.0404167693432
P19,C01,HUD,S,1025.4818294052268
P19,C01,HUD,S,995.52825580713477
P20,C18,HUD,S,927.35509424593579
P20,C18,HUD,S,956.12040718042397
P20,C18,HUD,S,938.97366303495244
P20,C16,HUD,S,916.34714787810515
P20,C16,HUD,S,914
P20,C16,HUD,S,893.88784241052474
P20,C16,HUD,S,937.37334241862845
P20,C16,HUD,S,892.36870738983987
P20,C15,HUD,S,951.10018025371562
P20,C15,HUD,S,968.3906472517624
P20,C15,HUD,S,937.97367129375937
P20,C15,HUD,S,896.33677391364847
P20,C13,HUD,S,891.06527967457828
P20,C13,HUD,S,872.80414514636584
P20,C13,HUD,S,982.09382533611642
P20,C12,HUD,S,896.15229515061094
P20,C12,HUD,S,874.79290582609133
P20,C12,HUD,S,846.62794285714676
P20,C10,HUD,S,862.59056548121714
P20,C10,HUD,S,925.38547589086318
P20,C09,HUD,S,944.80028651025259
P20,C09,HUD,S,993.48214268484719
P20,C04,HUD,S,888.14686813568153
P20,C04,HUD,S,893.66240371482945
P20,C04,HUD,S,945.08383329000355
P20,C01,HUD,S,992.9869747642864
P20,C01,HUD,S,933.02435105234918
P02,C01,HUD,S,1168.5625286233344
P02,C01,HUD,S,968.90261512801681
P02,C04,HUD,S,964.84775094703718
P02,C04,HUD,S,939.67188952224035
P02,C04,HUD,S,1025.5542402678027
P02,C09,HUD,S,987.17995802771679
P02,C09,HUD,S,1015.0909268151042
P02,C10,HUD,S,946.15362805821917
P02,C10,HUD,S,994.12334554037204
P02,C12,HUD,S,954.550870727796
P02,C12,HUD,S,998.97584515725202
P02,C12,HUD,S,987.3844051100092
P02,C13,HUD,S,892.27547422624298
P02,C13,HUD,S,782.3652503357639
P02,C13,HUD,S,801.1072812646886
P02,C15,HUD,S,1017.5519416604328
P02,C15,HUD,S,1002.5983946764416
P02,C15,HUD,S,1045.0481204430046
P02,C15,HUD,S,985.92966411767361
P02,C16,HUD,S,1003.0769598706544
P02,C16,HUD,S,978.35581299015803
P02,C16,HUD,S,990.30560276791243
P02,C16,HUD,S,960.99525235553176
P02,C18,HUD,S,989.04893587180084
P02,C18,HUD,S,973.34969193130564
P02,C18,HUD,S,998.94058527632876
P03,C02,HUD,S,951.14734396779284
P03,C02,HUD,S,939.4465899366138
P03,C03,HUD,S,949.84500811198905
P03,C03,HUD,S,932.9109749175168
P03,C03,HUD,S,946.25707348720437
P03,C03,HUD,S,943.96317739499557
P03,C03,HUD,S,989.92304467541805
P03,C05,HUD,S,993.29253817637664
P03,C05,HUD,S,979.98378477869005
P03,C05,HUD,S,929.04662683872721
P03,C06,HUD,S,951.55963790156522
P03,C06,HUD,S,951.32976001207601
P03,C06,HUD,S,946.57158566586179
P03,C07,HUD,S,940.84705213082725
P03,C07,HUD,S,947.52770535684499
P03,C07,HUD,S,941.44212275212578
P03,C08,HUD,S,945.09955765448922
P03,C08,HUD,S,945.80721092647843
P03,C08,HUD,S,1021.1436321911768
P03,C11,HUD,S,920.70926208617004
P03,C11,HUD,S,900
P03,C11,HUD,S,937.02649327760082
P03,C14,HUD,S,895.55414651562228
P03,C14,HUD,S,977.62765405405423
P03,C14,HUD,S,966.02113194686262
P03,C14,HUD,S,1132.9879907861075
P03,C17,HUD,S,935.38063681449876
P03,C17,HUD,S,957.16592131712116
P03,C17,HUD,S,958.42282020482924
P03,C17,HUD,S,929.09862671968301
P04,C17,HUD,S,873.95523171731384
P04,C17,HUD,S,947.95939975595843
P04,C17,HUD,S,967.08645245767195
P04,C17,HUD,S,949.9798671645608
P04,C14,HUD,S,942.88823558238403
P04,C14,HUD,S,977.59330334037202
P04,C14,HUD,S,967.26493059309837
P04,C14,HUD,S,1021.5653934040718
P04,C11,HUD,S,948.98104748786557
P04,C11,HUD,S,860.5
P04,C11,HUD,S,1008.6169372250732
P04,C08,HUD,S,974.06878641548963
P04,C08,HUD,S,1025.7724259664878
P04,C08,HUD,S,903.00629017156882
P04,C07,HUD,S,977.35313681861157
P04,C07,HUD,S,942.47575397604601
P04,C07,HUD,S,797.54418376852493
P04,C06,HUD,S,940.58273623960361
P04,C06,HUD,S,906.20463854684203
P04,C06,HUD,S,988.628211832126
P04,C05,HUD,S,995.79218245170523
P04,C05,HUD,S,962.95301878950363
P04,C05,HUD,S,936.50806249043603
P04,C03,HUD,S,892.6756373822044
P04,C03,HUD,S,984.12982350737241
P04,C03,HUD,S,1054.440043245276
P04,C03,HUD,S,958.25507518848644
P04,C03,HUD,S,950.24977174169237
P04,C02,HUD,S,910.125803866517
P04,C02,HUD,S,913.14133561391884
P05,C18,HUD,S,944.72013175041002
P05,C18,HUD,S,971.63201311103217
P05,C18,HUD,S,964.12182096931565
P05,C16,HUD,S,973.36098643145181
P05,C16,HUD,S,1039.3621074718517
P05,C16,HUD,S,1007.9122175481014
P05,C16,HUD,S,936.81584859924635
P05,C15,HUD,S,843.48823107619398
P05,C15,HUD,S,1046.0644734009854
P05,C15,HUD,S,993.75527583032544
P05,C15,HUD,S,966.43810388243821
P05,C13,HUD,S,909.05391303786064
P05,C13,HUD,S,888.51511016061238
P05,C13,HUD,S,824.4480230394372
P05,C12,HUD,S,938.44454394235402
P05,C12,HUD,S,919.44179053928065
P05,C12,HUD,S,994.43749721327765
P05,C10,HUD,S,915.66299952220277
P05,C10,HUD,S,1004.0581638715208
P05,C09,HUD,S,968.87678275554595
P05,C09,HUD,S,987.24191214889481
P05,C04,HUD,S,960.71982180163241
P05,C04,HUD,S,927.19005580334795
P05,C04,HUD,S,964.44877233489638
P05,C01,HUD,S,986.12371093019283
P05,C01,HUD,S,951.84782085805637
P06,C02,HUD,S,1041.3724726469886
P06,C02,HUD,S,922.49224055092964
P06,C03,HUD,S,944.60694932635079
P06,C03,HUD,S,991.08686832752085
P06,C03,HUD,S,1012.6538952657399
P06,C03,HUD,S,981.15354775850176
P06,C03,HUD,S,856.79884280806493
P06,C05,HUD,S,973.30058938541117
P06,C05,HUD,S,965.26684017681123
P06,C05,HUD,S,977.87019379152616
P06,C06,HUD,S,982.82526397534718
P06,C06,HUD,S,944.38383004230923
P06,C06,HUD,S,980.38556966899239
P06,C07,HUD,S,976.48935089748522
P06,C07,HUD,S,951.32601654719281
P06,C07,HUD,S,1001.7887884470588
P06,C08,HUD,S,1003.9348812563017
P06,C08,HUD,S,935.74655462740554
P06,C08,HUD,S,1028.7270623758079
P06,C11,HUD,S,964.45098930390361
P06,C11,HUD,S,914.30457658200316
P06,C11,HUD,S,941.20395849342594
P06,C14,HUD,S,949.41298587513757
P06,C14,HUD,S,1019.7696688404868
P06,C14,HUD,S,1033.7071833246789
P06,C14,HUD,S,1115.4386720344492
P06,C17,HUD,S,974.01858626742842
P06,C17,HUD,S,989.08918247467955
P06,C17,HUD,S,988.42013208709523
P06,C17,HUD,S,922.30586415416735
P07,C17,HUD,S,931.56496351792885
P07,C17,HUD,S,894.32018862987684
P07,C17,HUD,S,923.29548339733003
P07,C17,HUD,S,882.69807839806413
P07,C14,HUD,S,860.28956567248144
P07,C14,HUD,S,986.99095539094321
P07,C14,HUD,S,956.92975713424858
P07,C14,HUD,S,1227.1102644492189
P07,C11,HUD,S,913.50890324970521
P07,C11,HUD,S,862.78603397423547
P07,C11,HUD,S,999.96586034172878
P07,C08,HUD,S,940.65084925621954
P07,C08,HUD,S,962.78958263454001
P07,C08,HUD,S,921.69666728192919
P07,C07,HUD,S,897.97680645963158
P07,C07,HUD,S,846.46884566040342
P07,C07,HUD,S,911.7829716053252
P07,C06,HUD,S,927.59925104525519
P07,C06,HUD,S,885.42459748544502
P07,C06,HUD,S,631.67115689523087
P07,C05,HUD,S,935.62309702418702
P07,C05,HUD,S,894.5531827458633
P07,C05,HUD,S,882.70932113504421
P07,C03,HUD,S,895.82227157886234
P07,C03,HUD,S,897.23361525305972
P07,C03,HUD,S,956.728329199379
P07,C03,HUD,S,871.46977213216405
P07,C03,HUD,S,891.82991909474936
P07,C02,HUD,S,854.06831820305297
P07,C02,HUD,S,868.40084164907285
P08,C17,HUD,S,933.90207192180196
P08,C17,HUD,S,981.66775217507143
P08,C17,HUD,S,958.068240199603
P08,C17,HUD,S,963.63696759155141
P08,C14,HUD,S,902.24532547079764
P08,C14,HUD,S,973.25424248175216
P08,C14,HUD,S,948.1721322394452
P08,C14,HUD,S,967.94100752056238
P08,C11,HUD,S,903.95404893771899
P08,C11,HUD,S,917
P08,C11,HUD,S,950.28156522547761
P08,C08,HUD,S,995.98343800592079
P08,C08,HUD,S,975.94143414403322
P08,C08,HUD,S,982.37899972202604
P08,C07,HUD,S,952.99395029818095
P08,C07,HUD,S,921.69174466146524
P08,C07,HUD,S,963.76485222823521
P08,C06,HUD,S,905.68437915243601
P08,C06,HUD,S,933.44068438409704
P08,C06,HUD,S,757.00000000000011
P08,C05,HUD,S,923.79747336325283
P08,C05,HUD,S,977.19869541724802
P08,C05,HUD,S,935.79793497449759
P08,C03,HUD,S,946.01036510047118
P08,C03,HUD,S,933.49387263118695
P08,C03,HUD,S,918.5585433221338
P08,C03,HUD,S,961.73008060440475
P08,C03,HUD,S,864.99244892799538
P08,C02,HUD,S,902.80579467745122
P08,C02,HUD,S,866.16947682879868
P09,C01,RAW,PLR,1060.9976004703817
P09,C09,RAW,PLR,1037.0332913356326
P09,C09,RAW,PLR,938.57507060180842
P09,C10,RAW,PLR,981.30259112867805
P09,C12,RAW,PLR,1026.7872002739412
P09,C16,RAW,PLR,972.28848794099156
P10,C03,RAW,PLR,1232.0152579536359
P10,C08,RAW,PLR,1250.959072201385
P10,C08,RAW,PLR,1011.3277200913564
P10,C14,RAW,PLR,1026.50773819557
P10,C14,RAW,PLR,999.53828964445086
P11,C14,RAW,PLR,1173.7459560870534
P11,C14,RAW,PLR,1039.7831124602108
P11,C08,RAW,PLR,1405.340474610967
P11,C08,RAW,PLR,1177.6554305900836
P11,C03,RAW,PLR,1236.9358400218516
P12,C03,RAW,PLR,1013.3351698763772
P12,C08,RAW,PLR,1090.2816119488157
P12,C08,RAW,PLR,988.29202316576061
P12,C14,RAW,PLR,1019.7752484960477
P12,C14,RAW,PLR,970.35530341036838
P13,C16,RAW,PLR,1063.2345650422028
P13,C12,RAW,PLR,1053.0115334206771
P13,C10,RAW,PLR,955.01256381298163
P13,C09,RAW,PLR,1159.7186128968235
P13,C09,RAW,PLR,941.60876294161062
P13,C01,RAW,PLR,1047.0858583876316
P14,C16,RAW,PLR,1027.8442071162656
P14,C12,RAW,PLR,989.51338436419098
P14,C10,RAW,PLR,830.67305649083437
P14,C09,RAW,PLR,900.16512249856817
P14,C09,RAW,PLR,978.93644356018081
P14,C01,RAW,PLR,1080.6704211953063
P15,C14,RAW,PLR,958.76028153566165
P15,C14,RAW,PLR,1006.4856641427688
P15,C08,RAW,PLR,1144.3773105722148
P15,C08,RAW,PLR,1050.8666019562104
P15,C03,RAW,PLR,1181.7025939940356
P16,C01,RAW,PLR,1004.5594205850916
P16,C09,RAW,PLR,949.08085815593859
P16,C09,RAW,PLR,959.46469014398303
P16,C10,RAW,PLR,1001.3323099374524
P16,C12,RAW,PLR,996.450749501313
P16,C16,RAW,PLR,1033.6785633686461
P17,C03,RAW,PLR,1023.3455307734362
P17,C08,RAW,PLR,1266.2618971244001
P17,C08,RAW,PLR,1135.8794878152189
P17,C14,RAW,PLR,1257.3300430091606
P17,C14,RAW,PLR,1169.4032443020669
P18,C01,RAW,PLR,993.95193637053103
P18,C09,RAW,PLR,902.62376276659484
P18,C09,RAW,PLR,941.93024430144237
P18,C10,RAW,PLR,918.45482387982395
P18,C12,RAW,PLR,1064.9483338889245
P18,C16,RAW,PLR,988.8609593343316
P01,C14,RAW,PLR,1134.9335785260787
P01,C14,RAW,PLR,956.64519527977279
P01,C08,RAW,PLR,1163.7308738446316
P01,C08,RAW,PLR,963.22196620187003
P01,C03,RAW,PLR,1042.7679974532973
P19,C14,RAW,PLR,894.84576263740848
P19,C14,RAW,PLR,908.64688153588656
P19,C08,RAW,PLR,1018
P19,C08,RAW,PLR,1007.3780447500257
P19,C03,RAW,PLR,1054.8954384164056
P20,C14,RAW,PLR,969.62827705123505
P20,C14,RAW,PLR,1030.7800912006965
P20,C08,RAW,PLR,1112.0038420926719
P20,C08,RAW,PLR,1013.220019537114
P20,C03,RAW,PLR,972.85414155542878
P02,C03,RAW,PLR,988.15886625195742
P02,C08,RAW,PLR,1087.5408787221761
P02,C08,RAW,PLR,1020.9192221241956
P02,C14,RAW,PLR,1061.2950872071931
P02,C14,RAW,PLR,987.95650845194075
P03,C01,RAW,PLR,1023.655076340164
P03,C09,RAW,PLR,984.2520148382464
P03,C09,RAW,PLR,955.5
P03,C10,RAW,PLR,941.30346404219836
P03,C12,RAW,PLR,991.70762674016783
P03,C16,RAW,PLR,1031.0952326434331
P04,C16,RAW,PLR,1000.9617470335164
P04,C12,RAW,PLR,979.76878965031256
P04,C10,RAW,PLR,943.26653319107345
P04,C09,RAW,PLR,917.014826299476
P04,C09,RAW,PLR,982.75658362858803
P04,C01,RAW,PLR,1007.8253661279372
P05,C14,RAW,PLR,967.90161823604285
P05,C14,RAW,PLR,1257.2057024687811
P05,C11,RAW,PLR,963
P05,C08,RAW,PLR,1184.4682680146009
P05,C08,RAW,PLR,1047.3550003434621
P05,C03,RAW,PLR,1061.2012170959113
P06,C01,RAW,PLR,1068.6481184370473
P06,C09,RAW,PLR,922.93865816268556
P06,C09,RAW,PLR,974.29239077174157
P06,C10,RAW,PLR,929
P06,C12,RAW,PLR,968.93700085738362
P06,C16,RAW,PLR,1026.3024478544596
P07,C16,RAW,PLR,1017.9639867215396
P07,C12,RAW,PLR,1073.8090752381872
P07,C10,RAW,PLR,1150.7429877236079
P07,C09,RAW,PLR,1067.9896751250803
P07,C09,RAW,PLR,949.66972524852258
P07,C01,RAW,PLR,1174.2270723348149
P08,C16,RAW,PLR,1026.8886978235651
P08,C12,RAW,PLR,979.44131795621843
P08,C10,RAW,PLR,951.09905005717678
P08,C09,RAW,PLR,914.13831581811382
P08,C09,RAW,PLR,936.00017889526475
P08,C01,RAW,PLR,997.69827105214404
P09,C08,HUD,PLR,1312.1532530287527
P09,C08,HUD,PLR,1204.0983788081314
P09,C14,HUD,PLR,1207.7725880219602
P09,C14,HUD,PLR,1140.2720168477251
P09,C03,HUD,PLR,1475.8418541559065
P10,C01,HUD,PLR,1184.4972296620522
P10,C09,HUD,PLR,1190.2307392653072
P10,C09,HUD,PLR,935.95297077949522
P10,C10,HUD,PLR,948.36065496910805
P10,C12,HUD,PLR,1060.8349290176384
P10,C16,HUD,PLR,1014.8184229705092
P11,C16,HUD,PLR,1366.4956867342851
P11,C12,HUD,PLR,984.56124423492997
P11,C10,HUD,PLR,1056.0757679677431
P11,C09,HUD,PLR,1181.5733915589965
P11,C09,HUD,PLR,1031.2114304824745
P11,C01,HUD,PLR,1273.4062005038716
P12,C01,HUD,PLR,1051.4820801200431
P12,C09,HUD,PLR,1035.574067830913
P12,C09,HUD,PLR,972.1449976019336
P12,C10,HUD,PLR,965.46939092825278
P12,C12,HUD,PLR,1047.1955803829544
P12,C16,HUD,PLR,1027.7685433998925
P13,C14,HUD,PLR,1210.8016519532016
P13,C14,HUD,PLR,989.99648945766955
P13,C08,HUD,PLR,1312.3481051847666
P13,C08,HUD,PLR,1038.902289201731
P13,C03,HUD,PLR,1183.9694905048186
P14,C14,HUD,PLR,1210.5435178545681
P14,C14,HUD,PLR,1046.8562726098392
P14,C08,HUD,PLR,957.5
P14,C08,HUD,PLR,1043.373401012748
P14,C03,HUD,PLR,1160.368432884494
P15,C16,HUD,PLR,1111.8772739081803
P15,C12,HUD,PLR,975.43726474108485
P15,C10,HUD,PLR,1041.8902810262341
P15,C09,HUD,PLR,978.2683996727576
P15,C09,HUD,PLR,1022.8709755888208
P15,C01,HUD,PLR,1099.4198905955864
P16,C03,HUD,PLR,1448.9516673782134
P16,C08,HUD,PLR,1621.6333445182847
P16,C08,HUD,PLR,1442.4939780315406
P16,C14,HUD,PLR,1575.6649295554139
P16,C14,HUD,PLR,1575.4274360704544
P17,C01,HUD,PLR,1058.5432449484354
P17,C09,HUD,PLR,1028.9969799000105
P17,C09,HUD,PLR,967.85687142387485
P17,C10,HUD,PLR,947.01251219616699
P17,C12,HUD,PLR,1048.9407016590089
P17,C16,HUD,PLR,1162.8429850703883
P18,C03,HUD,PLR,1108.194470037716
P18,C08,HUD,PLR,1175.8006923104294
P18,C08,HUD,PLR,1053.2842690445273
P18,C11,HUD,PLR,916
P18,C14,HUD,PLR,993.38184216043862
P18,C14,HUD,PLR,985.20319870159994
P01,C16,HUD,PLR,1430.2292275326197
P01,C12,HUD,PLR,1497.2998573545549
P01,C10,HUD,PLR,1617.2099195645771
P01,C09,HUD,PLR,1458.7580520738773
P01,C09,HUD,PLR,1185.7657767057317
P01,C01,HUD,PLR,1418.1347305375778
P19,C16,HUD,PLR,1063.7525670259668
P19,C12,HUD,PLR,1057.7646820591726
P19,C10,HUD,PLR,1063.5706607344746
P19,C09,HUD,PLR,1169.9798246849173
P19,C09,HUD,PLR,1081.7505696697615
P19,C01,HUD,PLR,1076.8220325119789
P20,C16,HUD,PLR,1019.9944145764362
P20,C12,HUD,PLR,957.37008944065235
P20,C10,HUD,PLR,921.92870417759684
P20,C09,HUD,PLR,994.88642040942239
P20,C09,HUD,PLR,984.40705219044162
P20,C01,HUD,PLR,1049.1822107540538
P02,C01,HUD,PLR,1430.8095189560297
P02,C09,HUD,PLR,1298.0692390423255
P02,C09,HUD,PLR,1421.4597543794755
P02,C10,HUD,PLR,1433.2646179228077
P02,C12,HUD,PLR,1335.8276545679405
P02,C16,HUD,PLR,1268.118362312239
P03,C03,HUD,PLR,1184.3256141409377
P03,C08,HUD,PLR,1100.3348479017686
P03,C08,HUD,PLR,1159.1724500567836
P03,C14,HUD,PLR,1122.1972934524963
P03,C14,HUD,PLR,1222.263419635523
P04,C14,HUD,PLR,997.22585892987718
P04,C14,HUD,PLR,979.10846066950762
P04,C08,HUD,PLR,1145.1970744876178
P04,C08,HUD,PLR,1089.6077167720368
P04,C03,HUD,PLR,1193.1445440754533
P05,C16,HUD,PLR,1082.7814646697102
P05,C12,HUD,PLR,1096.023052348321
P05,C10,HUD,PLR,1070.8123371431354
P05,C09,HUD,PLR,1099.1849096288629
P05,C09,HUD,PLR,1081.9821220056911
P05,C01,HUD,PLR,1115.5572515330639
P06,C03,HUD,PLR,1099.3049926323156
P06,C08,HUD,PLR,1264.3441207422291
P06,C08,HUD,PLR,1030.1892782964408
P06,C14,HUD,PLR,1077.5325458667774
P06,C14,HUD,PLR,977.42301707475394
P07,C14,HUD,PLR,1188.4786088146354
P07,C14,HUD,PLR,993.78390324347617
P07,C11,HUD,PLR,972
P07,C08,HUD,PLR,1168.946064993602
P07,C08,HUD,PLR,1096.3785119040872
P07,C03,HUD,PLR,1185.6044555250396
P08,C14,HUD,PLR,978.29878163782723
P08,C14,HUD,PLR,973.3280757380212
P08,C08,HUD,PLR,1070.6336278931526
P08,C08,HUD,PLR,992.80216012943276
P08,C03,HUD,PLR,1048.5663791729089
P09,C01,RAW,LR,1075.1701634878939
P09,C09,RAW,LR,890.08564035019901
P09,C09,RAW,LR,847
P09,C10,RAW,LR,928.29919994642057
P09,C12,RAW,LR,886.15761280563652
P09,C16,RAW,LR,935.27285942899323
P10,C03,RAW,LR,1037.6293303404416
P10,C08,RAW,LR,1120.6853787298548
P10,C08,RAW,LR,958.242586035626
P10,C11,RAW,LR,898.44006103871777
P10,C14,RAW,LR,956.21654920862443
P10,C14,RAW,LR,901.17448869661303
P11,C14,RAW,LR,1064.8953878365212
P11,C14,RAW,LR,975.19614831370279
P11,C11,RAW,LR,893.49005321511061
P11,C08,RAW,LR,1105.5171311477284
P11,C08,RAW,LR,972.12306543352236
P11,C03,RAW,LR,1195.8716309267402
P12,C03,RAW,LR,966.27716221684716
P12,C08,RAW,LR,1044.6846612342681
P12,C08,RAW,LR,1034.8708368078203
P12,C14,RAW,LR,1007.1328449444924
P12,C14,RAW,LR,960.14072157139196
P13,C16,RAW,LR,958.74709246555199
P13,C12,RAW,LR,895.94367988007957
P13,C10,RAW,LR,965.65664674683057
P13,C09,RAW,LR,907.80215654135736
P13,C09,RAW,LR,935.22967570215042
P13,C01,RAW,LR,974.84911661765557
P14,C16,RAW,LR,968.39038322963404
P14,C12,RAW,LR,932.16550919020278
P14,C10,RAW,LR,945.25095693072399
P14,C09,RAW,LR,866.28607034737388
P14,C09,RAW,LR,934.30103174734677
P14,C01,RAW,LR,942.09664420580805
P15,C14,RAW,LR,995.41018405645161
P15,C14,RAW,LR,943.01260392737515
P15,C11,RAW,LR,907.27279136875097
P15,C08,RAW,LR,1072.9593770552872
P15,C08,RAW,LR,1188.6635535928472
P15,C03,RAW,LR,928.0628313262996
P16,C01,RAW,LR,1023.9695081730862
P16,C09,RAW,LR,933.71499066878118
P16,C09,RAW,LR,946.25925858664482
P16,C10,RAW,LR,940.05230151382955
P16,C12,RAW,LR,987.81373778732495
P16,C16,RAW,LR,883.0285806059095
P17,C03,RAW,LR,944.02743752183596
P17,C08,RAW,LR,1078.5912388499164
P17,C08,RAW,LR,1044.7685866173117
P17,C11,RAW,LR,924.20762510149461
P17,C14,RAW,LR,966.66510925697435
P17,C14,RAW,LR,947.7376355307656
P18,C01,RAW,LR,1037.7622735073703
P18,C09,RAW,LR,934.45637313432758
P18,C09,RAW,LR,938.37692886051479
P18,C10,RAW,LR,975.76130837346659
P18,C12,RAW,LR,839.71459804979099
P18,C16,RAW,LR,928.31674264509184
P01,C14,RAW,LR,973.30806245206861
P01,C14,RAW,LR,882.06267785847456
P01,C11,RAW,LR,936.67350022175435
P01,C08,RAW,LR,986.98681300246324
P01,C08,RAW,LR,947.27382441083421
P01,C03,RAW,LR,986.70628075150842
P19,C14,RAW,LR,872.55421450461495
P19,C14,RAW,LR,987.06817329658838
P19,C11,RAW,LR,895.18859399979806
P19,C08,RAW,LR,1082.8355847665539
P19,C08,RAW,LR,1001.3564777916288
P19,C03,RAW,LR,1085.0034398822279
P20,C14,RAW,LR,943.91912062613619
P20,C14,RAW,LR,953.96125530041763
P20,C11,RAW,LR,892.37164688595499
P20,C08,RAW,LR,947.58165856691198
P20,C08,RAW,LR,930.95602954374283
P20,C03,RAW,LR,924.75240621705279
P02,C03,RAW,LR,979.97106110433265
P02,C08,RAW,LR,1014.7388912323838
P02,C08,RAW,LR,979.39458786199862
P02,C11,RAW,LR,929.92940360280681
P02,C14,RAW,LR,1003.3820568688432
P02,C14,RAW,LR,911.69096821397682
P03,C01,RAW,LR,997.44728855603364
P03,C09,RAW,LR,951.11445670220075
P03,C09,RAW,LR,910.5535891138328
P03,C10,RAW,LR,973.38251810032841
P03,C12,RAW,LR,873.07910090921371
P03,C16,RAW,LR,975.1373660501032
P04,C16,RAW,LR,919.24455949190406
P04,C12,RAW,LR,926.21999275922883
P04,C10,RAW,LR,941.3705930419942
P04,C09,RAW,LR,922.86357821238062
P04,C09,RAW,LR,895.39755839361351
P04,C01,RAW,LR,1012.2271635668812
P05,C14,RAW,LR,1155.0163920107302
P05,C14,RAW,LR,908.49454246360801
P05,C11,RAW,LR,995.57746275658178
P05,C08,RAW,LR,990.51460130564237
P05,C08,RAW,LR,939.80572483200103
P05,C03,RAW,LR,926.04051741222963
P06,C01,RAW,LR,986.63668047125043
P06,C09,RAW,LR,897.61814271309891
P06,C09,RAW,LR,920.6417734658844
P06,C10,RAW,LR,963.55296453684525
P06,C12,RAW,LR,821.16804521275321
P06,C16,RAW,LR,940.35263934374245
P07,C16,RAW,LR,1087.9649529340629
P07,C12,RAW,LR,843.0094392313199
P07,C10,RAW,LR,989.14490724596044
P07,C09,RAW,LR,930.07440483435721
P07,C09,RAW,LR,901.99943122552259
P07,C01,RAW,LR,1017.0140716625984
P08,C16,RAW,LR,953.32434999585996
P08,C12,RAW,LR,813.51569366082629
P08,C10,RAW,LR,899.68381201321699
P08,C09,RAW,LR,916.5019652407492
P08,C09,RAW,LR,898.14625425043323
P08,C01,RAW,LR,973.82330068278759
P09,C08,HUD,LR,1045.0851100453399
P09,C08,HUD,LR,1040.0617250753401
P09,C11,HUD,LR,937.42818958613623
P09,C14,HUD,LR,982.80671255488323
P09,C14,HUD,LR,908.68083013517503
P09,C03,HUD,LR,1028.8117386320157
P10,C01,HUD,LR,951.79164959085483
P10,C09,HUD,LR,961.70375250553343
P10,C09,HUD,LR,1071.8667472029042
P10,C10,HUD,LR,1033.7930007832113
P10,C12,HUD,LR,871.75259307219676
P10,C16,HUD,LR,841.3355141474517
P11,C16,HUD,LR,923.95360597531396
P11,C12,HUD,LR,804.43854119211903
P11,C10,HUD,LR,921.64083405389601
P11,C09,HUD,LR,926.48568139750842
P11,C09,HUD,LR,967.57556312587599
P11,C01,HUD,LR,959.16617127830398
P12,C01,HUD,LR,1059.1287165246526
P12,C09,HUD,LR,943.2280208205708
P12,C09,HUD,LR,948.42360820300075
P12,C10,HUD,LR,976.96913537977241
P12,C12,HUD,LR,886.61317023476283
P12,C16,HUD,LR,978.54355731429041
P13,C14,HUD,LR,1027.8834708847053
P13,C14,HUD,LR,933.05588629863917
P13,C11,HUD,LR,956.76029303383757
P13,C08,HUD,LR,1002.9692254294084
P13,C08,HUD,LR,1008.2219791512716
P13,C03,HUD,LR,920.30249508254565
P14,C14,HUD,LR,890.30222419184906
P14,C14,HUD,LR,907.71581629161005
P14,C11,HUD,LR,922.24370620429499
P14,C08,HUD,LR,971.36669508472619
P14,C08,HUD,LR,1021.6999460301664
P14,C03,HUD,LR,921.15711892466538
P15,C16,HUD,LR,938.33992163348876
P15,C12,HUD,LR,861.17910668105037
P15,C10,HUD,LR,990.21546489995524
P15,C09,HUD,LR,912.03137972622835
P15,C09,HUD,LR,901.82934879442564
P15,C01,HUD,LR,1014.6793347987392
P16,C03,HUD,LR,1376.8556498246735
P16,C08,HUD,LR,1244.4066804486183
P16,C08,HUD,LR,1171.6513148301101
P16,C11,HUD,LR,1140.7244648451754
P16,C14,HUD,LR,1136.8685664079144
P16,C14,HUD,LR,1348.3988135768129
P17,C01,HUD,LR,1028.6374518617852
P17,C09,HUD,LR,987.09377928996503
P17,C09,HUD,LR,911.4422892684936
P17,C10,HUD,LR,1021.2724381983974
P17,C12,HUD,LR,864.60818673539029
P17,C16,HUD,LR,949.86692112574121
P18,C03,HUD,LR,1022.5686207984396
P18,C08,HUD,LR,1018.5740047822296
P18,C08,HUD,LR,1066.6013426745717
P18,C11,HUD,LR,971.41504358243037
P18,C14,HUD,LR,985.65139545723002
P18,C14,HUD,LR,912.40461611325259
P01,C16,HUD,LR,1239.7893142734831
P01,C12,HUD,LR,974.20765144998859
P01,C10,HUD,LR,1211.7506689615368
P01,C09,HUD,LR,1127.6781392111145
P01,C09,HUD,LR,1259.2712508800817
P01,C01,HUD,LR,1151.6000070010025
P19,C16,HUD,LR,916.48286648540261
P19,C12,HUD,LR,892.19522218710279
P19,C10,HUD,LR,988.10878783135399
P19,C09,HUD,LR,976.21238975769143
P19,C09,HUD,LR,996.05237187861076
P19,C01,HUD,LR,986.34020413562325
P20,C16,HUD,LR,849.82773812340679
P20,C12,HUD,LR,809.48082979814228
P20,C10,HUD,LR,965.98600769038956
P20,C09,HUD,LR,943.46246568765901
P20,C09,HUD,LR,963.22270023683598
P20,C01,HUD,LR,965.9964190845252
P02,C01,HUD,LR,1161.9417462780812
P02,C09,HUD,LR,1147.3534012960697
P02,C09,HUD,LR,1151.4682711781843
P02,C10,HUD,LR,1094.9641616849135
P02,C12,HUD,LR,1134.1340905771954
P02,C16,HUD,LR,1144.8339311688385
P03,C03,HUD,LR,989.53388265323497
P03,C08,HUD,LR,1005.2098319455284
P03,C08,HUD,LR,1002.049567386268
P03,C11,HUD,LR,974.17358300829756
P03,C14,HUD,LR,1031.0882994227184
P03,C14,HUD,LR,1072.802801567035
P04,C14,HUD,LR,991.98449049540443
P04,C14,HUD,LR,919.19493347214222
P04,C11,HUD,LR,937.43570247924879
P04,C08,HUD,LR,1015.594450748446
P04,C08,HUD,LR,1037.544216006746
P04,C03,HUD,LR,925.8896311843788
P05,C16,HUD,LR,958.3146379938886
P05,C12,HUD,LR,898.9607921753784
P05,C10,HUD,LR,972.64744529789277
P05,C09,HUD,LR,957.47180638531995
P05,C09,HUD,LR,927.8162482757524
P05,C01,HUD,LR,988.41170550914183
P06,C03,HUD,LR,940.20140763900019
P06,C08,HUD,LR,941.45326026832299
P06,C08,HUD,LR,961.79190495061516
P06,C11,HUD,LR,1016.7838624244864
P06,C14,HUD,LR,1019.9508025819242
P06,C14,HUD,LR,935.21558366500994
P07,C14,HUD,LR,1037.2126966415944
P07,C14,HUD,LR,919.89281909070655
P07,C11,HUD,LR,1002.48647339902
P07,C08,HUD,LR,1012.021122297042
P07,C08,HUD,LR,950.31538227680562
P07,C03,HUD,LR,900.53111403865023
P08,C14,HUD,LR,956.28160967342842
P08,C14,HUD,LR,940.33969941814985
P08,C11,HUD,LR,919.5261387137956
P08,C08,HUD,LR,983.13482207823245
P08,C08,HUD,LR,1005.560606060606
P08,C03,HUD,LR,819.83499386701067
P09,C04,RAW,PTR,867.13296338137684
P09,C12,RAW,PTR,936.59548216911242
P09,C13,RAW,PTR,919.2298081441038
P09,C15,RAW,PTR,996.87792764366918
P09,C15,RAW,PTR,862.20312323444477
P09,C18,RAW,PTR,1094.8307259667276
P10,C03,RAW,PTR,1035.9689911141029
P10,C05,RAW,PTR,1175.5618475356359
P10,C05,RAW,PTR,1227.2812895427887
P10,C06,RAW,PTR,997.36593890831637
P10,C07,RAW,PTR,763.58555182216764
P10,C17,RAW,PTR,989.12774754245197
P11,C17,RAW,PTR,1033.4545501465734
P11,C07,RAW,PTR,945.36781084842175
P11,C06,RAW,PTR,1046.7478390415672
P11,C05,RAW,PTR,1115.0470884736274
P11,C05,RAW,PTR,1141.5517941734081
P11,C03,RAW,PTR,988.10121326307683
P12,C03,RAW,PTR,1082.7822633637402
P12,C05,RAW,PTR,1097.7385383362289
P12,C05,RAW,PTR,1221.5545648957009
P12,C06,RAW,PTR,999.84719071955283
P12,C07,RAW,PTR,1068.536173002695
P12,C17,RAW,PTR,1044.4515422217989
P13,C18,RAW,PTR,1145.2237551980693
P13,C15,RAW,PTR,1097.2143261335143
P13,C15,RAW,PTR,957.59987373396859
P13,C13,RAW,PTR,1041.5472189413344
P13,C12,RAW,PTR,1119.7402146493723
P13,C04,RAW,PTR,978.22904543314598
P14,C18,RAW,PTR,962.83063990655421
P14,C15,RAW,PTR,1099.137397746608
P14,C15,RAW,PTR,880.82279266745502
P14,C13,RAW,PTR,780.67061999953421
P14,C12,RAW,PTR,1059.142421790084
P14,C04,RAW,PTR,875.82611507591173
P15,C17,RAW,PTR,980.90861767404999
P15,C07,RAW,PTR,1314.9420822523689
P15,C06,RAW,PTR,1092.4393030668591
P15,C05,RAW,PTR,1218.6099324146696
P15,C05,RAW,PTR,1199.3531646983995
P15,C03,RAW,PTR,1187.5
P16,C12,RAW,PTR,946.584230705962
P16,C13,RAW,PTR,793.5550958370643
P16,C15,RAW,PTR,1055.3374455654273
P16,C15,RAW,PTR,1002.793567062918
P16,C18,RAW,PTR,1026.3644386416879
P16,C04,RAW,PTR,939.99708797417259
P17,C03,RAW,PTR,1119.2680547971495
P17,C05,RAW,PTR,1134.3944529287314
P17,C05,RAW,PTR,1145.3206770772997
P17,C06,RAW,PTR,992.55444180735276
P17,C07,RAW,PTR,1095.8778833675719
P17,C17,RAW,PTR,948.78871489161043
P18,C04,RAW,PTR,996.12417505009603
P18,C12,RAW,PTR,1034.4582278908661
P18,C13,RAW,PTR,937.99459550301299
P18,C15,RAW,PTR,969.11333369345277
P18,C15,RAW,PTR,861.80313287187971
P18,C18,RAW,PTR,925.33803847991157
P01,C17,RAW,PTR,1081.2544268082249
P01,C07,RAW,PTR,959.27721572762619
P01,C06,RAW,PTR,1010.2924771234028
P01,C05,RAW,PTR,1239.6484258401381
P01,C05,RAW,PTR,1205.8204039425691
P01,C03,RAW,PTR,1097.41536048186
P19,C17,RAW,PTR,934.39370780826016
P19,C07,RAW,PTR,911.38795843025196
P19,C06,RAW,PTR,888.19823854306605
P19,C05,RAW,PTR,1217.7302546753538
P19,C05,RAW,PTR,1268.9180050046343
P19,C03,RAW,PTR,1067.4186537155856
P20,C17,RAW,PTR,1138.0453965628978
P20,C07,RAW,PTR,1114.2023908889155
P20,C06,RAW,PTR,997.05926045370995
P20,C05,RAW,PTR,1176.5211773917231
P20,C05,RAW,PTR,1260.2819902673159
P20,C03,RAW,PTR,1079.6539893781355
P02,C03,RAW,PTR,1090.1959254799024
P02,C05,RAW,PTR,1178.725131467623
P02,C05,RAW,PTR,1127.2599806507817
P02,C06,RAW,PTR,1081.1325780673476
P02,C07,RAW,PTR,1036.5779902194815
P02,C17,RAW,PTR,1125.1260357581064
P03,C04,RAW,PTR,1026.6091863300344
P03,C12,RAW,PTR,1061.3535537846999
P03,C13,RAW,PTR,1084.6251499337279
P03,C15,RAW,PTR,1031.7644378933355
P03,C15,RAW,PTR,928.64371279391162
P03,C18,RAW,PTR,971.94110782979999
P04,C18,RAW,PTR,1032.193436508903
P04,C15,RAW,PTR,1032.6968178804129
P04,C15,RAW,PTR,857.2921189768025
P04,C13,RAW,PTR,990.08862299591203
P04,C12,RAW,PTR,1043.2300702427715
P04,C04,RAW,PTR,981.04054139267396
P05,C17,RAW,PTR,1130.3452516074672
P05,C07,RAW,PTR,910.42977871081916
P05,C06,RAW,PTR,1002.1790849070752
P05,C05,RAW,PTR,1253.5597581003651
P05,C05,RAW,PTR,1138.1949982781221
P05,C03,RAW,PTR,989.77509238891901
P06,C04,RAW,PTR,941.39445259306922
P06,C12,RAW,PTR,977.64405375759236
P06,C13,RAW,PTR,842.4337299929872
P06,C15,RAW,PTR,1053.5824752688659
P06,C15,RAW,PTR,877.17602640800635
P06,C18,RAW,PTR,1013.0210484906401
P07,C18,RAW,PTR,979.95556378777462
P07,C15,RAW,PTR,1006.3868284917052
P07,C15,RAW,PTR,861.21032527606644
P07,C13,RAW,PTR,836.00851585531666
P07,C12,RAW,PTR,1070.1113291370659
P07,C04,RAW,PTR,891.29586673616609
P08,C18,RAW,PTR,1081.841737651451
P08,C15,RAW,PTR,1011.9693748139504
P08,C15,RAW,PTR,965.23510175729325
P08,C13,RAW,PTR,1023.0190133886553
P08,C12,RAW,PTR,877.09992945600106
P08,C04,RAW,PTR,917.52890931709999
P09,C05,HUD,PTR,1184.8524378694792
P09,C05,HUD,PTR,814.52327524306975
P09,C06,HUD,PTR,970.30504952054685
P09,C07,HUD,PTR,1029.6696295481624
P09,C17,HUD,PTR,1065.4487733885901
P09,C03,HUD,PTR,1135.374486556643
P10,C04,HUD,PTR,907.76591247114357
P10,C12,HUD,PTR,1000.3641996504992
P10,C13,HUD,PTR,801.60230296224074
P10,C15,HUD,PTR,1019.650384520167
P10,C15,HUD,PTR,895.61360460630385
P10,C18,HUD,PTR,854.30417655108829
P11,C18,HUD,PTR,881.67586295647629
P11,C15,HUD,PTR,1038.2795909080965
P11,C15,HUD,PTR,1013.2091945759252
P11,C13,HUD,PTR,896.41252550231241
P11,C12,HUD,PTR,1028.0327323285164
P11,C04,HUD,PTR,868.02916784193678
P12,C04,HUD,PTR,1007.4943434431216
P12,C12,HUD,PTR,1039.4520737231439
P12,C13,HUD,PTR,1105.7469221490348
P12,C15,HUD,PTR,1040.488993741543
P12,C15,HUD,PTR,1014.833655791086
P12,C18,HUD,PTR,1031.8342633267885
P13,C17,HUD,PTR,1098.020487400117
P13,C07,HUD,PTR,1155.8180817511638
P13,C06,HUD,PTR,1047.78359414447
P13,C05,HUD,PTR,1287.9680614703843
P13,C05,HUD,PTR,1188.3802429261814
P13,C03,HUD,PTR,1077.818322934005
P14,C17,HUD,PTR,1047.0729317715468
P14,C07,HUD,PTR,1087.9305051996405
P14,C06,HUD,PTR,1088.3428408009131
P14,C05,HUD,PTR,1183.7297281063502
P14,C05,HUD,PTR,992.38340121999363
P14,C03,HUD,PTR,1070.6366060031896
P15,C18,HUD,PTR,1102.7066689324795
P15,C15,HUD,PTR,957.28222030687959
P15,C15,HUD,PTR,1056.6251352317229
P15,C13,HUD,PTR,1160.2221400302119
P15,C12,HUD,PTR,1100.3907138495792
P15,C04,HUD,PTR,1042.8516943123436
P16,C03,HUD,PTR,1197.6074245819705
P16,C05,HUD,PTR,1323.4608127993238
P16,C05,HUD,PTR,1137.747553160297
P16,C06,HUD,PTR,1019.2662674285305
P16,C07,HUD,PTR,878.12146782273385
P16,C17,HUD,PTR,1307.3221872403692
P17,C04,HUD,PTR,1016.1011168398128
P17,C12,HUD,PTR,1053.3351241874122
P17,C13,HUD,PTR,1015.8253381145216
P17,C15,HUD,PTR,1037.4750247850784
P17,C15,HUD,PTR,994.03992225699403
P17,C18,HUD,PTR,1064.5392397635128
P18,C03,HUD,PTR,1032.6488391761295
P18,C05,HUD,PTR,1196.1337940117676
P18,C05,HUD,PTR,1008.622815000744
P18,C06,HUD,PTR,1041.7700895273233
P18,C07,HUD,PTR,1154.6198963563866
P18,C17,HUD,PTR,1097.3113514237864
P01,C18,HUD,PTR,920.17782019720084
P01,C15,HUD,PTR,1064.9589648672591
P01,C15,HUD,PTR,828.00242245129743
P01,C13,HUD,PTR,915.88874977638079
P01,C12,HUD,PTR,958.12028721008755
P01,C04,HUD,PTR,977.80409555305323
P19,C18,HUD,PTR,913.5580932403376
P19,C15,HUD,PTR,969.96905188095081
P19,C15,HUD,PTR,940.2502593957048
P19,C13,HUD,PTR,1030.0151258950418
P19,C12,HUD,PTR,1194.8383256316311
P19,C04,HUD,PTR,886.792428959473
P20,C18,HUD,PTR,1122.0582839638591
P20,C15,HUD,PTR,977.81228290091462
P20,C15,HUD,PTR,965.90370894683701
P20,C13,HUD,PTR,1021.8777005804592
P20,C12,HUD,PTR,1153.2441910030695
P20,C04,HUD,PTR,1005.4942859986973
P02,C04,HUD,PTR,982.97990736862016
P02,C12,HUD,PTR,970.00548006739723
P02,C13,HUD,PTR,1005.708062463276
P02,C15,HUD,PTR,1045.0478998594394
P02,C15,HUD,PTR,798.94551660972445
P02,C18,HUD,PTR,956.29217034368537
P03,C03,HUD,PTR,1117.6498819811795
P03,C05,HUD,PTR,1155.2595323896321
P03,C05,HUD,PTR,1363.5031736090605
P03,C06,HUD,PTR,1065.0279094446105
P03,C07,HUD,PTR,1181.3970611215648
P03,C17,HUD,PTR,1085.2809852722289
P04,C17,HUD,PTR,1064.76683275953
P04,C07,HUD,PTR,1161.526104990872
P04,C06,HUD,PTR,1039.4769315654012
P04,C05,HUD,PTR,1191.8074714954805
P04,C05,HUD,PTR,1095.0217383680972
P04,C03,HUD,PTR,1070.047452818314
P05,C18,HUD,PTR,1096.2169680166221
P05,C15,HUD,PTR,1072.7513463469086
P05,C15,HUD,PTR,987.74441526309442
P05,C13,HUD,PTR,966.00312261276156
P05,C12,HUD,PTR,1098.7087189475194
P05,C04,HUD,PTR,930.99376795117723
P06,C03,HUD,PTR,984.76541283673237
P06,C05,HUD,PTR,1137.159676446689
P06,C05,HUD,PTR,1075.2478320864161
P06,C06,HUD,PTR,1010.8783789179564
P06,C07,HUD,PTR,1016.7415310554152
P06,C17,HUD,PTR,1085.7964102901058
P07,C17,HUD,PTR,1037.0163838548026
P07,C07,HUD,PTR,892.53922257554029
P07,C06,HUD,PTR,951.57155551192636
P07,C05,HUD,PTR,1169.1385476006385
P07,C05,HUD,PTR,1150.0096671583874
P07,C03,HUD,PTR,996.71386082576419
P08,C17,HUD,PTR,999.4501598206424
P08,C07,HUD,PTR,1157.3329883598019
P08,C06,HUD,PTR,965.32823863600436
P08,C05,HUD,PTR,1277.8019489846531
P08,C05,HUD,PTR,1359.3019081215891
P08,C03,HUD,PTR,1077.0804253257318
P09,C04,RAW,TR,1469.1390846060422
P09,C12,RAW,TR,1420.8591763356369
P09,C13,RAW,TR,1332.0700170357584
P09,C15,RAW,TR,1332.773527912417
P09,C15,RAW,TR,1453.1922948898775
P09,C18,RAW,TR,1290.5781020160464
P10,C03,RAW,TR,1233.3409443779813
P10,C05,RAW,TR,1210.1708622704029
P10,C05,RAW,TR,1103.5753384724655
P10,C06,RAW,TR,1123.7133191833182
P10,C07,RAW,TR,1334.4731417449862
P10,C17,RAW,TR,1333.5715526489639
P11,C17,RAW,TR,1337.2499660256778
P11,C07,RAW,TR,1438.7853394717158
P11,C06,RAW,TR,1240.9155462691851
P11,C05,RAW,TR,1199.5421527625335
P11,C05,RAW,TR,1021.2847117155196
P11,C03,RAW,TR,1158.3706340298932
P12,C03,RAW,TR,1125.359066329039
P12,C05,RAW,TR,1217.8106218604255
P12,C05,RAW,TR,1090.9470920174006
P12,C06,RAW,TR,1262.5912316755864
P12,C07,RAW,TR,1305.2388953130253
P12,C17,RAW,TR,1179.6950014721967
P13,C18,RAW,TR,1473.6884780202961
P13,C15,RAW,TR,1338.6880055970964
P13,C15,RAW,TR,1352.8469451923561
P13,C13,RAW,TR,1356.0639244631491
P13,C12,RAW,TR,1236.0316398552891
P13,C04,RAW,TR,1528.1324768341551
P14,C18,RAW,TR,1074.0561728395062
P14,C15,RAW,TR,1239.2887205387206
P14,C15,RAW,TR,1519.7968236052814
P14,C13,RAW,TR,1254.3365822738033
P14,C12,RAW,TR,1145.6644841877169
P14,C04,RAW,TR,1451.7908184827222
P15,C17,RAW,TR,1259.338141781986
P15,C07,RAW,TR,1371.0467007717559
P15,C06,RAW,TR,1220.4050588497739
P15,C05,RAW,TR,1201.5357082356477
P15,C05,RAW,TR,1164.7186221676293
P15,C03,RAW,TR,1266.7252194375901
P16,C12,RAW,TR,1337.6348640931274
P16,C13,RAW,TR,1435.2930871485421
P16,C15,RAW,TR,1355.6045460649841
P16,C15,RAW,TR,1243.9582572313625
P16,C18,RAW,TR,1297.2183733961513
P16,C04,RAW,TR,1683.1509426191451
P17,C03,RAW,TR,1251.2747730890906
P17,C05,RAW,TR,1189.5251226825549
P17,C05,RAW,TR,1124.3899858521474
P17,C06,RAW,TR,1147.6343663437451
P17,C07,RAW,TR,1282.2277996958628
P17,C17,RAW,TR,1243.22293201054
P18,C04,RAW,TR,985.97671255875525
P18,C12,RAW,TR,1361.3937496296974
P18,C13,RAW,TR,1496.2223739096328
P18,C15,RAW,TR,1498.3000411900523
P18,C15,RAW,TR,1195.0173703939245
P18,C18,RAW,TR,959.09722463028243
P01,C17,RAW,TR,1355.0857973741429
P01,C07,RAW,TR,1476.7839946246763
P01,C06,RAW,TR,1462.205620477426
P01,C05,RAW,TR,1230.4339984711107
P01,C05,RAW,TR,1156.3001274570297
P01,C03,RAW,TR,1270.4868233764134
P19,C17,RAW,TR,1080.551829985018
P19,C07,RAW,TR,1125.9592402351132
P19,C06,RAW,TR,877.26870274008331
P19,C05,RAW,TR,928.61326811166862
P19,C05,RAW,TR,1179.944633727041
P19,C03,RAW,TR,1231.4155756296329
P20,C17,RAW,TR,1239.2451164742281
P20,C07,RAW,TR,1187.9780872487879
P20,C06,RAW,TR,1175.2341011055637
P20,C05,RAW,TR,1284.505729139431
P20,C05,RAW,TR,1025.0178481813955
P20,C03,RAW,TR,1174.0463144221519
P02,C03,RAW,TR,1158.3578929076421
P02,C05,RAW,TR,1134.6178226706588
P02,C05,RAW,TR,1059.1860538033409
P02,C06,RAW,TR,1457.2720282625266
P02,C07,RAW,TR,1299.9977676078463
P02,C17,RAW,TR,1298.3007969647149
P03,C04,RAW,TR,1444.8391938398868
P03,C12,RAW,TR,1355.3478253134815
P03,C13,RAW,TR,1397.9918792704984
P03,C15,RAW,TR,1311.7035071561045
P03,C15,RAW,TR,1117.720330051749
P03,C18,RAW,TR,1351.294565092086
P04,C18,RAW,TR,1341.0038621021381
P04,C15,RAW,TR,1287.1743625260524
P04,C15,RAW,TR,1426.9385338049967
P04,C13,RAW,TR,1386.4872436535261
P04,C12,RAW,TR,1398.7155433142475
P04,C04,RAW,TR,1575.0232129132637
P05,C17,RAW,TR,1296.2941145921786
P05,C07,RAW,TR,1364.6151662908369
P05,C06,RAW,TR,1330.9147071334951
P05,C05,RAW,TR,1223.7760583928232
P05,C05,RAW,TR,908.1921188764768
P05,C03,RAW,TR,1221.3014689463173
P06,C04,RAW,TR,1240.4994521383246
P06,C12,RAW,TR,1235.3165425934289
P06,C13,RAW,TR,1320.2465826155312
P06,C15,RAW,TR,1430.476687544116
P06,C15,RAW,TR,1091.4506717036902
P06,C18,RAW,TR,1418.3617842737626
P07,C18,RAW,TR,1493.0199494225617
P07,C15,RAW,TR,1450.7575597636203
P07,C15,RAW,TR,1465.3887426241631
P07,C13,RAW,TR,1520.6638415403495
P07,C12,RAW,TR,1205.958035906536
P07,C04,RAW,TR,1542.6346334042046
P08,C18,RAW,TR,1522.9255968089301
P08,C15,RAW,TR,1633.5354192890561
P08,C15,RAW,TR,1415.172994073474
P08,C13,RAW,TR,1528.5972251465491
P08,C12,RAW,TR,1326.9100134355899
P08,C04,RAW,TR,1612.7382943874627
P09,C05,HUD,TR,1073.7450593147726
P09,C05,HUD,TR,1216.5200357979568
P09,C06,HUD,TR,1198.6717820411334
P09,C07,HUD,TR,1527.5286784702214
P09,C17,HUD,TR,1355.169147960115
P09,C03,HUD,TR,1382.6429875322185
P10,C04,HUD,TR,1349.8821359904666
P10,C12,HUD,TR,1361.1240579038213
P10,C13,HUD,TR,1364.3917081080483
P10,C15,HUD,TR,1263.7784407512472
P10,C15,HUD,TR,1389.4218257972552
P10,C18,HUD,TR,1537.5093695884518
P11,C18,HUD,TR,1518.2094156993146
P11,C15,HUD,TR,1483.0304437600062
P11,C15,HUD,TR,1484.5900476913168
P11,C13,HUD,TR,1536.5887999119241
P11,C12,HUD,TR,1439.470936947914
P11,C04,HUD,TR,1475.3668796625509
P12,C04,HUD,TR,1432.609361524112
P12,C12,HUD,TR,1251.324996097756
P12,C13,HUD,TR,1408.3527899478879
P12,C15,HUD,TR,1328.8432661147308
P12,C15,HUD,TR,1270.3267074579908
P12,C18,HUD,TR,1287.3942488507614
P13,C17,HUD,TR,1365.3880167801965
P13,C07,HUD,TR,1261.9444385383911
P13,C06,HUD,TR,1254.2739431617986
P13,C05,HUD,TR,1200.7182058575802
P13,C05,HUD,TR,1036.7809528685527
P13,C03,HUD,TR,1196.0039649193736
P14,C17,HUD,TR,1071.3948983023736
P14,C07,HUD,TR,1235.2004049897732
P14,C06,HUD,TR,1266.7992526755679
P14,C05,HUD,TR,1232.6290737471843
P14,C05,HUD,TR,991.88864446938521
P14,C03,HUD,TR,1243.1970995428069
P15,C18,HUD,TR,1446.6469219904789
P15,C15,HUD,TR,1411.6885551161645
P15,C15,HUD,TR,1365.8927878385146
P15,C13,HUD,TR,1476.6432100069906
P15,C12,HUD,TR,1449.410301333917
P15,C04,HUD,TR,1619.6477722846255
P16,C03,HUD,TR,1366.885642275294
P16,C05,HUD,TR,1206.8279792963583
P16,C05,HUD,TR,1093.5304702529561
P16,C06,HUD,TR,1343.8872328942721
P16,C07,HUD,TR,1523.5974905718708
P16,C17,HUD,TR,1406.7028392440743
P17,C04,HUD,TR,1445.6024204440391
P17,C12,HUD,TR,1404.2009685847863
P17,C13,HUD,TR,1321.7194095879081
P17,C15,HUD,TR,1501.3455061200605
P17,C15,HUD,TR,1396.3144348309656
P17,C18,HUD,TR,1354.912919179586
P18,C03,HUD,TR,1236.0441147404783
P18,C05,HUD,TR,1224.7225897078815
P18,C05,HUD,TR,1090.625114045524
P18,C06,HUD,TR,1309.5452573759728
P18,C07,HUD,TR,1371.9395760828725
P18,C17,HUD,TR,1263.6964141755448
P01,C18,HUD,TR,1653.2933334646548
P01,C15,HUD,TR,1465.525086376781
P01,C15,HUD,TR,1401.2592542303346
P01,C13,HUD,TR,1489.3783696886969
P01,C12,HUD,TR,1476.5378067209788
P01,C04,HUD,TR,1583.9147102341135
P19,C18,HUD,TR,1418.435719288113
P19,C15,HUD,TR,1203.6896557567316
P19,C15,HUD,TR,1260.6011413774322
P19,C13,HUD,TR,1225.9544356553015
P19,C12,HUD,TR,1198.9208877832898
P19,C04,HUD,TR,1194.5467377770472
P20,C18,HUD,TR,1314.8541270779824
P20,C15,HUD,TR,1433.9905749773682
P20,C15,HUD,TR,1347.3308756788299
P20,C13,HUD,TR,1481.355760231334
P20,C12,HUD,TR,1384.0222882466289
P20,C04,HUD,TR,1538.2281774094415
P02,C04,HUD,TR,1658.5297512905452
P02,C12,HUD,TR,1430.246613493201
P02,C13,HUD,TR,1582.6666892234871
P02,C15,HUD,TR,1012.472271536918
P02,C15,HUD,TR,1125.0110783895589
P02,C18,HUD,TR,1440.3616322279424
P03,C03,HUD,TR,1314.8032355512073
P03,C05,HUD,TR,1121.076726685842
P03,C05,HUD,TR,1120.0420105632584
P03,C06,HUD,TR,1317.9288278840577
P03,C07,HUD,TR,1193.3800985129255
P03,C17,HUD,TR,1322.3171113173546
P04,C17,HUD,TR,1267.3309350609161
P04,C07,HUD,TR,1350.2977605010665
P04,C06,HUD,TR,1185.2493752842302
P04,C05,HUD,TR,1159.8829895245767
P04,C05,HUD,TR,1140.8013286979103
P04,C03,HUD,TR,1255.018529574656
P05,C18,HUD,TR,1229.9240972333564
P05,C15,HUD,TR,1732.1542320737765
P05,C15,HUD,TR,1375.8837775772731
P05,C13,HUD,TR,1284.5434889952187
P05,C12,HUD,TR,1380.5177789391169
P05,C04,HUD,TR,1632.1760651040952
P06,C03,HUD,TR,1037.4001453070696
P06,C05,HUD,TR,1185.4852468798631
P06,C05,HUD,TR,1054.6719979302263
P06,C06,HUD,TR,1161.3335492912445
P06,C07,HUD,TR,1188.2422855415332
P06,C17,HUD,TR,1306.335990670656
P07,C17,HUD,TR,1357.1053653711749
P07,C07,HUD,TR,1257.3049148057391
P07,C06,HUD,TR,1118.5708063445129
P07,C05,HUD,TR,1246.464135781207
P07,C05,HUD,TR,1051.8353205538467
P07,C03,HUD,TR,1188.0357116551811
P08,C17,HUD,TR,1314.2916210112423
P08,C07,HUD,TR,1364.415720078699
P08,C06,HUD,TR,1123.4221999587871
P08,C05,HUD,TR,1157.7098395196413
P08,C05,HUD,TR,1081.4676525673924
P08,C03,HUD,TR,1148.7579777638814
