condition,scene_code,transition,probability
RAW,TL,L->L,0.76923076923076927
RAW,TL,L->C,0.2307692307692307
RAW,TL,L->R,0
RAW,TL,C->L,0.42857142857142849
RAW,TL,C->C,0.5714285714285714
RAW,TL,C->R,0
RAW,TL,R->L,0
RAW,TL,R->C,0
RAW,TL,R->R,0
RAW,TL,L->L,0.81818181818181823
RAW,TL,L->C,0.1818181818181818
RAW,TL,L->R,0
RAW,TL,C->L,0.33333333333333331
RAW,TL,C->C,0.66666666666666663
RAW,TL,C->R,0
RAW,TL,R->L,0
RAW,TL,R->C,0
RAW,TL,R->R,0
RAW,TL,L->L,0.90909090909090917
RAW,TL,L->C,0.090909090909090898
RAW,TL,L->R,0
RAW,TL,C->L,0.5
RAW,TL,C->C,0.5
RAW,TL,C->R,0
RAW,TL,R->L,0
RAW,TL,R->C,0
RAW,TL,R->R,0
RAW,TL,L->L,0.66666666666666663
RAW,TL,L->C,0.33333333333333331
RAW,TL,L->R,0
RAW,TL,C->L,0.33333333333333331
RAW,TL,C->C,0.33333333333333331
RAW,TL,C->R,0.33333333333333331
RAW,TL,R->L,0
RAW,TL,R->C,1
RAW,TL,R->R,0
RAW,TL,L->L,0.90909090909090917
RAW,TL,L->C,0.090909090909090898
RAW,TL,L->R,0
RAW,TL,C->L,0
RAW,TL,C->C,1
RAW,TL,C->R,0
RAW,TL,R->L,0.5
RAW,TL,R->C,0
RAW,TL,R->R,0.5
RAW,TL,L->L,0.81818181818181823
RAW,TL,L->C,0.1818181818181818
RAW,TL,L->R,0
RAW,TL,C->L,0.2857142857142857
RAW,TL,C->C,0.5714285714285714
RAW,TL,C->R,0.14285714285714279
RAW,TL,R->L,0
RAW,TL,R->C,1
RAW,TL,R->R,0
RAW,TL,L->L,0.83333333333333337
RAW,TL,L->C,0.1666666666666666
RAW,TL,L->R,0
RAW,TL,C->L,0
RAW,TL,C->C,0.80000000000000004
RAW,TL,C->R,0.20000000000000001
RAW,TL,R->L,1
RAW,TL,R->C,0
RAW,TL,R->R,0
RAW,TL,L->L,0.875
RAW,TL,L->C,0.125
RAW,TL,L->R,0
RAW,TL,C->L,0.5
RAW,TL,C->C,0.5
RAW,TL,C->R,0
RAW,TL,R->L,0
RAW,TL,R->C,0
RAW,TL,R->R,0
RAW,TL,L->L,0.90909090909090917
RAW,TL,L->C,0.090909090909090898
RAW,TL,L->R,0
RAW,TL,C->L,0
RAW,TL,C->C,1
RAW,TL,C->R,0
RAW,TL,R->L,0
RAW,TL,R->C,0
RAW,TL,R->R,0
RAW,TL,L->L,0.88888888888888884
RAW,TL,L->C,0.1111111111111111
RAW,TL,L->R,0
RAW,TL,C->L,0
RAW,TL,C->C,1
RAW,TL,C->R,0
RAW,TL,R->L,0
RAW,TL,R->C,0
RAW,TL,R->R,0
RAW,TL,L->L,0.875
RAW,TL,L->C,0.125
RAW,TL,L->R,0
RAW,TL,C->L,0.10000000000000001
RAW,TL,C->C,0.90000000000000002
RAW,TL,C->R,0
RAW,TL,R->L,0
RAW,TL,R->C,0
RAW,TL,R->R,0
RAW,TL,L->L,0.80000000000000004
RAW,TL,L->C,0.10000000000000001
RAW,TL,L->R,0.10000000000000001
RAW,TL,C->L,0
RAW,TL,C->C,1
RAW,TL,C->R,0
RAW,TL,R->L,1
RAW,TL,R->C,0
RAW,TL,R->R,0
RAW,TL,L->L,0.7142857142857143
RAW,TL,L->C,0.2857142857142857
RAW,TL,L->R,0
RAW,TL,C->L,0.1666666666666666
RAW,TL,C->C,0.83333333333333337
RAW,TL,C->R,0
RAW,TL,R->L,0.33333333333333331
RAW,TL,R->C,0
RAW,TL,R->R,0.66666666666666663
RAW,TL,L->L,0.7142857142857143
RAW,TL,L->C,0.14285714285714279
RAW,TL,L->R,0.14285714285714279
RAW,TL,C->L,0.14285714285714279
RAW,TL,C->C,0.8571428571428571
RAW,TL,C->R,0
RAW,TL,R->L,0.5
RAW,TL,R->C,0.5
RAW,TL,R->R,0
RAW,TL,L->L,0.92307692307692324
RAW,TL,L->C,0.0769230769230769
RAW,TL,L->R,0
RAW,TL,C->L,0
RAW,TL,C->C,1
RAW,TL,C->R,0
RAW,TL,R->L,0
RAW,TL,R->C,0
RAW,TL,R->R,0
RAW,TL,L->L,0.77777777777777779
RAW,TL,L->C,0.22222222222222221
RAW,TL,L->R,0
RAW,TL,C->L,0.125
RAW,TL,C->C,0.875
RAW,TL,C->R,0
RAW,TL,R->L,0
RAW,TL,R->C,0
RAW,TL,R->R,0
RAW,TL,L->L,0.875
RAW,TL,L->C,0.125
RAW,TL,L->R,0
RAW,TL,C->L,0.10000000000000001
RAW,TL,C->C,0.90000000000000002
RAW,TL,C->R,0
RAW,TL,R->L,0
RAW,TL,R->C,0
RAW,TL,R->R,0
RAW,TL,L->L,0.90000000000000002
RAW,TL,L->C,0.10000000000000001
RAW,TL,L->R,0
RAW,TL,C->L,0
RAW,TL,C->C,1
RAW,TL,C->R,0
RAW,TL,R->L,0
RAW,TL,R->C,0
RAW,TL,R->R,0
RAW,TL,L->L,0.8571428571428571
RAW,TL,L->C,0.14285714285714279
RAW,TL,L->R,0
RAW,TL,C->L,0
RAW,TL,C->C,1
RAW,TL,C->R,0
RAW,TL,R->L,0
RAW,TL,R->C,0
RAW,TL,R->R,0
RAW,TL,L->L,0.91666666666666663
RAW,TL,L->C,0.083333333333333301
RAW,TL,L->R,0
RAW,TL,C->L,0.20000000000000001
RAW,TL,C->C,0.80000000000000004
RAW,TL,C->R,0
RAW,TL,R->L,0
RAW,TL,R->C,0
RAW,TL,R->R,0
RAW,TL,L->L,1
RAW,TL,L->C,0
RAW,TL,L->R,0
RAW,TL,C->L,0
RAW,TL,C->C,0
RAW,TL,C->R,0
RAW,TL,R->L,1
RAW,TL,R->C,0
RAW,TL,R->R,0
RAW,TL,L->L,0.9285714285714286
RAW,TL,L->C,0.071428571428571397
RAW,TL,L->R,0
RAW,TL,C->L,1
RAW,TL,C->C,0
RAW,TL,C->R,0
RAW,TL,R->L,0
RAW,TL,R->C,0
RAW,TL,R->R,0
RAW,TL,L->L,0.75
RAW,TL,L->C,0.25
RAW,TL,L->R,0
RAW,TL,C->L,0.083333333333333301
RAW,TL,C->C,0.91666666666666663
RAW,TL,C->R,0
RAW,TL,R->L,0
RAW,TL,R->C,0
RAW,TL,R->R,0
RAW,TL,L->L,0.90000000000000002
RAW,TL,L->C,0.10000000000000001
RAW,TL,L->R,0
RAW,TL,C->L,0
RAW,TL,C->C,1
RAW,TL,C->R,0
RAW,TL,R->L,0
RAW,TL,R->C,0
RAW,TL,R->R,0
RAW,TL,L->L,0.75
RAW,TL,L->C,0.25
RAW,TL,L->R,0
RAW,TL,C->L,0.0625
RAW,TL,C->C,0.9375
RAW,TL,C->R,0
RAW,TL,R->L,0
RAW,TL,R->C,0
RAW,TL,R->R,0
RAW,TL,L->L,0.66666666666666663
RAW,TL,L->C,0.33333333333333331
RAW,TL,L->R,0
RAW,TL,C->L,0.1111111111111111
RAW,TL,C->C,0.88888888888888884
RAW,TL,C->R,0
RAW,TL,R->L,0
RAW,TL,R->C,0
RAW,TL,R->R,0
RAW,TL,L->L,0.80000000000000004
RAW,TL,L->C,0.20000000000000001
RAW,TL,L->R,0
RAW,TL,C->L,0.1111111111111111
RAW,TL,C->C,0.88888888888888884
RAW,TL,C->R,0
RAW,TL,R->L,0
RAW,TL,R->C,0
RAW,TL,R->R,0
RAW,TL,L->L,0.66666666666666663
RAW,TL,L->C,0.33333333333333331
RAW,TL,L->R,0
RAW,TL,C->L,0.1666666666666666
RAW,TL,C->C,0.83333333333333337
RAW,TL,C->R,0
RAW,TL,R->L,0
RAW,TL,R->C,0
RAW,TL,R->R,0
RAW,TL,L->L,0.83333333333333337
RAW,TL,L->C,0.1666666666666666
RAW,TL,L->R,0
RAW,TL,C->L,0.25
RAW,TL,C->C,0.75
RAW,TL,C->R,0
RAW,TL,R->L,0
RAW,TL,R->C,0
RAW,TL,R->R,0
RAW,TL,L->L,0.91666666666666663
RAW,TL,L->C,0.083333333333333301
RAW,TL,L->R,0
RAW,TL,C->L,0
RAW,TL,C->C,1
RAW,TL,C->R,0
RAW,TL,R->L,0
RAW,TL,R->C,0
RAW,TL,R->R,0
RAW,TL,L->L,0.77777777777777779
RAW,TL,L->C,0.22222222222222221
RAW,TL,L->R,0
RAW,TL,C->L,0.25
RAW,TL,C->C,0.75
RAW,TL,C->R,0
RAW,TL,R->L,0
RAW,TL,R->C,0
RAW,TL,R->R,0
RAW,TL,L->L,0.80000000000000004
RAW,TL,L->C,0.20000000000000001
RAW,TL,L->R,0
RAW,TL,C->L,0.40000000000000002
RAW,TL,C->C,0.59999999999999998
RAW,TL,C->R,0
RAW,TL,R->L,0
RAW,TL,R->C,0
RAW,TL,R->R,0
RAW,TL,L->L,0.40000000000000002
RAW,TL,L->C,0.59999999999999998
RAW,TL,L->R,0
RAW,TL,C->L,0.33333333333333331
RAW,TL,C->C,0.66666666666666663
RAW,TL,C->R,0
RAW,TL,R->L,0
RAW,TL,R->C,0
RAW,TL,R->R,0
RAW,TL,L->L,0.9285714285714286
RAW,TL,L->C,0.071428571428571397
RAW,TL,L->R,0
RAW,TL,C->L,0.14285714285714279
RAW,TL,C->C,0.8571428571428571
RAW,TL,C->R,0
RAW,TL,R->L,0
RAW,TL,R->C,0
RAW,TL,R->R,0
RAW,TL,L->L,0.8571428571428571
RAW,TL,L->C,0.14285714285714279
RAW,TL,L->R,0
RAW,TL,C->L,0.40000000000000002
RAW,TL,C->C,0.59999999999999998
RAW,TL,C->R,0
RAW,TL,R->L,0
RAW,TL,R->C,0
RAW,TL,R->R,0
RAW,TL,L->L,1
RAW,TL,L->C,0
RAW,TL,L->R,0
RAW,TL,C->L,0.33333333333333331
RAW,TL,C->C,0.33333333333333331
RAW,TL,C->R,0.33333333333333331
RAW,TL,R->L,0
RAW,TL,R->C,1
RAW,TL,R->R,0
RAW,TL,L->L,0.5
RAW,TL,L->C,0.5
RAW,TL,L->R,0
RAW,TL,C->L,0.5
RAW,TL,C->C,0.5
RAW,TL,C->R,0
RAW,TL,R->L,0
RAW,TL,R->C,0
RAW,TL,R->R,0
RAW,TL,L->L,0.7142857142857143
RAW,TL,L->C,0.2857142857142857
RAW,TL,L->R,0
RAW,TL,C->L,0.25
RAW,TL,C->C,0.75
RAW,TL,C->R,0
RAW,TL,R->L,0
RAW,TL,R->C,0
RAW,TL,R->R,0
RAW,TL,L->L,0.80000000000000004
RAW,TL,L->C,0.20000000000000001
RAW,TL,L->R,0
RAW,TL,C->L,0.33333333333333331
RAW,TL,C->C,0.66666666666666663
RAW,TL,C->R,0
RAW,TL,R->L,0
RAW,TL,R->C,0
RAW,TL,R->R,0
RAW,TL,L->L,0.83333333333333337
RAW,TL,L->C,0.1666666666666666
RAW,TL,L->R,0
RAW,TL,C->L,0.5
RAW,TL,C->C,0.5
RAW,TL,C->R,0
RAW,TL,R->L,0
RAW,TL,R->C,0
RAW,TL,R->R,0
RAW,TL,L->L,0.90909090909090917
RAW,TL,L->C,0.090909090909090898
RAW,TL,L->R,0
RAW,TL,C->L,0.14285714285714279
RAW,TL,C->C,0.8571428571428571
RAW,TL,C->R,0
RAW,TL,R->L,0
RAW,TL,R->C,0
RAW,TL,R->R,0
RAW,TL,L->L,0.80000000000000004
RAW,TL,L->C,0.20000000000000001
RAW,TL,L->R,0
RAW,TL,C->L,0.25
RAW,TL,C->C,0.75
RAW,TL,C->R,0
RAW,TL,R->L,0
RAW,TL,R->C,0
RAW,TL,R->R,0
RAW,TL,L->L,0.92307692307692324
RAW,TL,L->C,0.0769230769230769
RAW,TL,L->R,0
RAW,TL,C->L,0
RAW,TL,C->C,1
RAW,TL,C->R,0
RAW,TL,R->L,0
RAW,TL,R->C,0
RAW,TL,R->R,0
RAW,TL,L->L,0.90909090909090917
RAW,TL,L->C,0.090909090909090898
RAW,TL,L->R,0
RAW,TL,C->L,0
RAW,TL,C->C,1
RAW,TL,C->R,0
RAW,TL,R->L,0
RAW,TL,R->C,0
RAW,TL,R->R,0
RAW,TL,L->L,0.81818181818181823
RAW,TL,L->C,0.1818181818181818
RAW,TL,L->R,0
RAW,TL,C->L,0.25
RAW,TL,C->C,0.75
RAW,TL,C->R,0
RAW,TL,R->L,0
RAW,TL,R->C,0
RAW,TL,R->R,0
RAW,TL,L->L,0.9285714285714286
RAW,TL,L->C,0.071428571428571397
RAW,TL,L->R,0
RAW,TL,C->L,0
RAW,TL,C->C,1
RAW,TL,C->R,0
RAW,TL,R->L,0
RAW,TL,R->C,0
RAW,TL,R->R,0
RAW,TL,L->L,0.8571428571428571
RAW,TL,L->C,0.14285714285714279
RAW,TL,L->R,0
RAW,TL,C->L,0
RAW,TL,C->C,1
RAW,TL,C->R,0
RAW,TL,R->L,0
RAW,TL,R->C,0
RAW,TL,R->R,0
RAW,TL,L->L,0.90909090909090917
RAW,TL,L->C,0.090909090909090898
RAW,TL,L->R,0
RAW,TL,C->L,0.25
RAW,TL,C->C,0.75
RAW,TL,C->R,0
RAW,TL,R->L,0
RAW,TL,R->C,0
RAW,TL,R->R,0
RAW,TL,L->L,0.92307692307692324
RAW,TL,L->C,0.0769230769230769
RAW,TL,L->R,0
RAW,TL,C->L,0.5
RAW,TL,C->C,0.5
RAW,TL,C->R,0
RAW,TL,R->L,0
RAW,TL,R->C,0
RAW,TL,R->R,0
RAW,TL,L->L,0.5714285714285714
RAW,TL,L->C,0.2857142857142857
RAW,TL,L->R,0.14285714285714279
RAW,TL,C->L,0.33333333333333331
RAW,TL,C->C,0.66666666666666663
RAW,TL,C->R,0
RAW,TL,R->L,1
RAW,TL,R->C,0
RAW,TL,R->R,0
RAW,TL,L->L,0.80000000000000004
RAW,TL,L->C,0.20000000000000001
RAW,TL,L->R,0
RAW,TL,C->L,0.33333333333333331
RAW,TL,C->C,0.66666666666666663
RAW,TL,C->R,0
RAW,TL,R->L,0
RAW,TL,R->C,0
RAW,TL,R->R,0
RAW,TL,L->L,0.5
RAW,TL,L->C,0.5
RAW,TL,L->R,0
RAW,TL,C->L,0.20000000000000001
RAW,TL,C->C,0.80000000000000004
RAW,TL,C->R,0
RAW,TL,R->L,0
RAW,TL,R->C,0
RAW,TL,R->R,0
RAW,TL,L->L,0.625
RAW,TL,L->C,0.375
RAW,TL,L->R,0
RAW,TL,C->L,0.33333333333333331
RAW,TL,C->C,0.66666666666666663
RAW,TL,C->R,0
RAW,TL,R->L,0
RAW,TL,R->C,0
RAW,TL,R->R,0
RAW,TL,L->L,0.8571428571428571
RAW,TL,L->C,0.14285714285714279
RAW,TL,L->R,0
RAW,TL,C->L,0
RAW,TL,C->C,1
RAW,TL,C->R,0
RAW,TL,R->L,0
RAW,TL,R->C,0
RAW,TL,R->R,0
RAW,TL,L->L,0
RAW,TL,L->C,0
RAW,TL,L->R,1
RAW,TL,C->L,0.14285714285714279
RAW,TL,C->C,0.8571428571428571
RAW,TL,C->R,0
RAW,TL,R->L,0
RAW,TL,R->C,0.5
RAW,TL,R->R,0.5
RAW,TL,L->L,0.66666666666666663
RAW,TL,L->C,0.33333333333333331
RAW,TL,L->R,0
RAW,TL,C->L,0.20000000000000001
RAW,TL,C->C,0.80000000000000004
RAW,TL,C->R,0
RAW,TL,R->L,0
RAW,TL,R->C,0
RAW,TL,R->R,0
RAW,TL,L->L,0.7142857142857143
RAW,TL,L->C,0.2857142857142857
RAW,TL,L->R,0
RAW,TL,C->L,0.25
RAW,TL,C->C,0.75
RAW,TL,C->R,0
RAW,TL,R->L,0
RAW,TL,R->C,0
RAW,TL,R->R,0
RAW,TL,L->L,0.83333333333333337
RAW,TL,L->C,0.1666666666666666
RAW,TL,L->R,0
RAW,TL,C->L,0
RAW,TL,C->C,1
RAW,TL,C->R,0
RAW,TL,R->L,0
RAW,TL,R->C,0
RAW,TL,R->R,0
RAW,TL,L->L,0.7142857142857143
RAW,TL,L->C,0.2857142857142857
RAW,TL,L->R,0
RAW,TL,C->L,0.20000000000000001
RAW,TL,C->C,0.80000000000000004
RAW,TL,C->R,0
RAW,TL,R->L,0
RAW,TL,R->C,0
RAW,TL,R->R,0
RAW,TL,L->L,0.88888888888888884
RAW,TL,L->C,0.1111111111111111
RAW,TL,L->R,0
RAW,TL,C->L,0
RAW,TL,C->C,1
RAW,TL,C->R,0
RAW,TL,R->L,0
RAW,TL,R->C,0
RAW,TL,R->R,0
RAW,TL,L->L,0.66666666666666663
RAW,TL,L->C,0.33333333333333331
RAW,TL,L->R,0
RAW,TL,C->L,0.1666666666666666
RAW,TL,C->C,0.83333333333333337
RAW,TL,C->R,0
RAW,TL,R->L,0
RAW,TL,R->C,0
RAW,TL,R->R,0
RAW,TL,L->L,0.875
RAW,TL,L->C,0.125
RAW,TL,L->R,0
RAW,TL,C->L,0
RAW,TL,C->C,1
RAW,TL,C->R,0
RAW,TL,R->L,0
RAW,TL,R->C,0
RAW,TL,R->R,0
RAW,TL,L->L,0
RAW,TL,L->C,1
RAW,TL,L->R,0
RAW,TL,C->L,0.33333333333333331
RAW,TL,C->C,0.66666666666666663
RAW,TL,C->R,0
RAW,TL,R->L,0
RAW,TL,R->C,0
RAW,TL,R->R,0
RAW,TL,L->L,0.72727272727272729
RAW,TL,L->C,0.1818181818181818
RAW,TL,L->R,0.090909090909090898
RAW,TL,C->L,0.66666666666666663
RAW,TL,C->C,0.33333333333333331
RAW,TL,C->R,0
RAW,TL,R->L,0.33333333333333331
RAW,TL,R->C,0
RAW,TL,R->R,0.66666666666666663
RAW,TL,L->L,0.84615384615384615
RAW,TL,L->C,0.1538461538461538
RAW,TL,L->R,0
RAW,TL,C->L,0.5
RAW,TL,C->C,0.5
RAW,TL,C->R,0
RAW,TL,R->L,0
RAW,TL,R->C,0
RAW,TL,R->R,0
RAW,TL,L->L,0.80000000000000004
RAW,TL,L->C,0.20000000000000001
RAW,TL,L->R,0
RAW,TL,C->L,0.1111111111111111
RAW,TL,C->C,0.88888888888888884
RAW,TL,C->R,0
RAW,TL,R->L,0
RAW,TL,R->C,0
RAW,TL,R->R,0
RAW,TL,L->L,0.8571428571428571
RAW,TL,L->C,0.14285714285714279
RAW,TL,L->R,0
RAW,TL,C->L,0
RAW,TL,C->C,0.80000000000000004
RAW,TL,C->R,0.20000000000000001
RAW,TL,R->L,0
RAW,TL,R->C,0
RAW,TL,R->R,0
RAW,TL,L->L,0.90909090909090917
RAW,TL,L->C,0.090909090909090898
RAW,TL,L->R,0
RAW,TL,C->L,0.33333333333333331
RAW,TL,C->C,0.33333333333333331
RAW,TL,C->R,0.33333333333333331
RAW,TL,R->L,0
RAW,TL,R->C,0
RAW,TL,R->R,0
RAW,TL,L->L,0.33333333333333331
RAW,TL,L->C,0.66666666666666663
RAW,TL,L->R,0
RAW,TL,C->L,0.125
RAW,TL,C->C,0.875
RAW,TL,C->R,0
RAW,TL,R->L,0
RAW,TL,R->C,0
RAW,TL,R->R,0
RAW,TL,L->L,0.5714285714285714
RAW,TL,L->C,0.2857142857142857
RAW,TL,L->R,0.14285714285714279
RAW,TL,C->L,0.5
RAW,TL,C->C,0.5
RAW,TL,C->R,0
RAW,TL,R->L,1
RAW,TL,R->C,0
RAW,TL,R->R,0
RAW,TL,L->L,0.59999999999999998
RAW,TL,L->C,0.40000000000000002
RAW,TL,L->R,0
RAW,TL,C->L,0.125
RAW,TL,C->C,0.875
RAW,TL,C->R,0
RAW,TL,R->L,0
RAW,TL,R->C,0
RAW,TL,R->R,0
RAW,TL,L->L,0.91666666666666663
RAW,TL,L->C,0.083333333333333301
RAW,TL,L->R,0
RAW,TL,C->L,0
RAW,TL,C->C,1
RAW,TL,C->R,0
RAW,TL,R->L,0
RAW,TL,R->C,0
RAW,TL,R->R,0
RAW,TL,L->L,0.5
RAW,TL,L->C,0.5
RAW,TL,L->R,0
RAW,TL,C->L,0
RAW,TL,C->C,0.875
RAW,TL,C->R,0.125
RAW,TL,R->L,0
RAW,TL,R->C,0.25
RAW,TL,R->R,0.75
RAW,TL,L->L,0.25
RAW,TL,L->C,0.75
RAW,TL,L->R,0
RAW,TL,C->L,0.20000000000000001
RAW,TL,C->C,0.80000000000000004
RAW,TL,C->R,0
RAW,TL,R->L,0
RAW,TL,R->C,0
RAW,TL,R->R,0
RAW,TL,L->L,0.66666666666666663
RAW,TL,L->C,0.33333333333333331
RAW,TL,L->R,0
RAW,TL,C->L,0.1111111111111111
RAW,TL,C->C,0.88888888888888884
RAW,TL,C->R,0
RAW,TL,R->L,0
RAW,TL,R->C,0
RAW,TL,R->R,0
RAW,TL,L->L,0.33333333333333331
RAW,TL,L->C,0.66666666666666663
RAW,TL,L->R,0
RAW,TL,C->L,0.40000000000000002
RAW,TL,C->C,0.59999999999999998
RAW,TL,C->R,0
RAW,TL,R->L,0
RAW,TL,R->C,0
RAW,TL,R->R,0
RAW,TL,L->L,0
RAW,TL,L->C,1
RAW,TL,L->R,0
RAW,TL,C->L,0.20000000000000001
RAW,TL,C->C,0.80000000000000004
RAW,TL,C->R,0
RAW,TL,R->L,0
RAW,TL,R->C,1
RAW,TL,R->R,0
RAW,TL,L->L,0.625
RAW,TL,L->C,0.375
RAW,TL,L->R,0
RAW,TL,C->L,0.2857142857142857
RAW,TL,C->C,0.7142857142857143
RAW,TL,C->R,0
RAW,TL,R->L,0
RAW,TL,R->C,0
RAW,TL,R->R,0
RAW,TL,L->L,0.75
RAW,TL,L->C,0.25
RAW,TL,L->R,0
RAW,TL,C->L,0.1818181818181818
RAW,TL,C->C,0.63636363636363635
RAW,TL,C->R,0.1818181818181818
RAW,TL,R->L,0
RAW,TL,R->C,0.33333333333333331
RAW,TL,R->R,0.66666666666666663
RAW,TL,L->L,0
RAW,TL,L->C,0
RAW,TL,L->R,0
RAW,TL,C->L,0
RAW,TL,C->C,1
RAW,TL,C->R,0
RAW,TL,R->L,0
RAW,TL,R->C,0
RAW,TL,R->R,0
RAW,TL,L->L,0.59999999999999998
RAW,TL,L->C,0.40000000000000002
RAW,TL,L->R,0
RAW,TL,C->L,0.75
RAW,TL,C->C,0.25
RAW,TL,C->R,0
RAW,TL,R->L,0
RAW,TL,R->C,0
RAW,TL,R->R,0
RAW,TL,L->L,0.875
RAW,TL,L->C,0.125
RAW,TL,L->R,0
RAW,TL,C->L,0
RAW,TL,C->C,1
RAW,TL,C->R,0
RAW,TL,R->L,0
RAW,TL,R->C,0
RAW,TL,R->R,0
RAW,TL,L->L,0.88888888888888884
RAW,TL,L->C,0.1111111111111111
RAW,TL,L->R,0
RAW,TL,C->L,0.125
RAW,TL,C->C,0.875
RAW,TL,C->R,0
RAW,TL,R->L,0
RAW,TL,R->C,0
RAW,TL,R->R,0
RAW,TL,L->L,0.625
RAW,TL,L->C,0.375
RAW,TL,L->R,0
RAW,TL,C->L,0.22222222222222221
RAW,TL,C->C,0.77777777777777779
RAW,TL,C->R,0
RAW,TL,R->L,0
RAW,TL,R->C,0
RAW,TL,R->R,0
RAW,TL,L->L,0.90000000000000002
RAW,TL,L->C,0.10000000000000001
RAW,TL,L->R,0
RAW,TL,C->L,0.1666666666666666
RAW,TL,C->C,0.83333333333333337
RAW,TL,C->R,0
RAW,TL,R->L,0
RAW,TL,R->C,0
RAW,TL,R->R,0
RAW,TL,L->L,0.8571428571428571
RAW,TL,L->C,0.14285714285714279
RAW,TL,L->R,0
RAW,TL,C->L,0.1111111111111111
RAW,TL,C->C,0.88888888888888884
RAW,TL,C->R,0
RAW,TL,R->L,0
RAW,TL,R->C,0
RAW,TL,R->R,0
RAW,TL,L->L,0.80000000000000004
RAW,TL,L->C,0.20000000000000001
RAW,TL,L->R,0
RAW,TL,C->L,0.5
RAW,TL,C->C,0.5
RAW,TL,C->R,0
RAW,TL,R->L,0
RAW,TL,R->C,0
RAW,TL,R->R,0
RAW,TL,L->L,0.77777777777777779
RAW,TL,L->C,0.22222222222222221
RAW,TL,L->R,0
RAW,TL,C->L,0.20000000000000001
RAW,TL,C->C,0.80000000000000004
RAW,TL,C->R,0
RAW,TL,R->L,0
RAW,TL,R->C,0
RAW,TL,R->R,0
RAW,TL,L->L,0.90000000000000002
RAW,TL,L->C,0.10000000000000001
RAW,TL,L->R,0
RAW,TL,C->L,0
RAW,TL,C->C,1
RAW,TL,C->R,0
RAW,TL,R->L,0
RAW,TL,R->C,0
RAW,TL,R->R,0
RAW,TL,L->L,0.9285714285714286
RAW,TL,L->C,0.071428571428571397
RAW,TL,L->R,0
RAW,TL,C->L,0
RAW,TL,C->C,1
RAW,TL,C->R,0
RAW,TL,R->L,0
RAW,TL,R->C,0
RAW,TL,R->R,0
RAW,TL,L->L,0.9285714285714286
RAW,TL,L->C,0.071428571428571397
RAW,TL,L->R,0
RAW,TL,C->L,0
RAW,TL,C->C,1
RAW,TL,C->R,0
RAW,TL,R->L,0
RAW,TL,R->C,0
RAW,TL,R->R,0
RAW,TL,L->L,0.5
RAW,TL,L->C,0.5
RAW,TL,L->R,0
RAW,TL,C->L,0.1538461538461538
RAW,TL,C->C,0.84615384615384615
RAW,TL,C->R,0
RAW,TL,R->L,0
RAW,TL,R->C,0
RAW,TL,R->R,0
RAW,TL,L->L,0.90000000000000002
RAW,TL,L->C,0.10000000000000001
RAW,TL,L->R,0
RAW,TL,C->L,0
RAW,TL,C->C,1
RAW,TL,C->R,0
RAW,TL,R->L,0
RAW,TL,R->C,0
RAW,TL,R->R,0
RAW,TL,L->L,0.8571428571428571
RAW,TL,L->C,0.14285714285714279
RAW,TL,L->R,0
RAW,TL,C->L,0
RAW,TL,C->C,1
RAW,TL,C->R,0
RAW,TL,R->L,0
RAW,TL,R->C,0
RAW,TL,R->R,0
RAW,TL,L->L,0.5
RAW,TL,L->C,0.5
RAW,TL,L->R,0
RAW,TL,C->L,0.25
RAW,TL,C->C,0.75
RAW,TL,C->R,0
RAW,TL,R->L,0
RAW,TL,R->C,0.20000000000000001
RAW,TL,R->R,0.80000000000000004
RAW,TL,L->L,0.8571428571428571
RAW,TL,L->C,0.14285714285714279
RAW,TL,L->R,0
RAW,TL,C->L,0.0769230769230769
RAW,TL,C->C,0.92307692307692324
RAW,TL,C->R,0
RAW,TL,R->L,0
RAW,TL,R->C,0
RAW,TL,R->R,0
RAW,TL,L->L,0.75
RAW,TL,L->C,0.25
RAW,TL,L->R,0
RAW,TL,C->L,0.14285714285714279
RAW,TL,C->C,0.8571428571428571
RAW,TL,C->R,0
RAW,TL,R->L,0
RAW,TL,R->C,0
RAW,TL,R->R,0
RAW,TL,L->L,0.83333333333333337
RAW,TL,L->C,0.1666666666666666
RAW,TL,L->R,0
RAW,TL,C->L,0
RAW,TL,C->C,1
RAW,TL,C->R,0
RAW,TL,R->L,0
RAW,TL,R->C,0
RAW,TL,R->R,0
RAW,TL,L->L,0.92307692307692324
RAW,TL,L->C,0.0769230769230769
RAW,TL,L->R,0
RAW,TL,C->L,0
RAW,TL,C->C,1
RAW,TL,C->R,0
RAW,TL,R->L,0
RAW,TL,R->C,0
RAW,TL,R->R,0
RAW,TL,L->L,0.83333333333333337
RAW,TL,L->C,0.1666666666666666
RAW,TL,L->R,0
RAW,TL,C->L,0
RAW,TL,C->C,1
RAW,TL,C->R,0
RAW,TL,R->L,0
RAW,TL,R->C,0
RAW,TL,R->R,0
RAW,TL,L->L,0.83333333333333337
RAW,TL,L->C,0.1666666666666666
RAW,TL,L->R,0
RAW,TL,C->L,0.14285714285714279
RAW,TL,C->C,0.8571428571428571
RAW,TL,C->R,0
RAW,TL,R->L,0
RAW,TL,R->C,0
RAW,TL,R->R,0
RAW,TL,L->L,0.66666666666666663
RAW,TL,L->C,0.33333333333333331
RAW,TL,L->R,0
RAW,TL,C->L,0.1666666666666666
RAW,TL,C->C,0.83333333333333337
RAW,TL,C->R,0
RAW,TL,R->L,0
RAW,TL,R->C,0
RAW,TL,R->R,0
RAW,TL,L->L,0.875
RAW,TL,L->C,0.125
RAW,TL,L->R,0
RAW,TL,C->L,0.14285714285714279
RAW,TL,C->C,0.8571428571428571
RAW,TL,C->R,0
RAW,TL,R->L,0
RAW,TL,R->C,0
RAW,TL,R->R,0
RAW,TL,L->L,0.93333333333333324
RAW,TL,L->C,0.066666666666666596
RAW,TL,L->R,0
RAW,TL,C->L,0.33333333333333331
RAW,TL,C->C,0.66666666666666663
RAW,TL,C->R,0
RAW,TL,R->L,0
RAW,TL,R->C,0
RAW,TL,R->R,0
RAW,TL,L->L,0.88888888888888884
RAW,TL,L->C,0.1111111111111111
RAW,TL,L->R,0
RAW,TL,C->L,0
RAW,TL,C->C,1
RAW,TL,C->R,0
RAW,TL,R->L,0
RAW,TL,R->C,0
RAW,TL,R->R,0
RAW,TL,L->L,0.5
RAW,TL,L->C,0.5
RAW,TL,L->R,0
RAW,TL,C->L,0.20000000000000001
RAW,TL,C->C,0.80000000000000004
RAW,TL,C->R,0
RAW,TL,R->L,0
RAW,TL,R->C,0
RAW,TL,R->R,0
RAW,TL,L->L,0.90000000000000002
RAW,TL,L->C,0.10000000000000001
RAW,TL,L->R,0
RAW,TL,C->L,0.25
RAW,TL,C->C,0.75
RAW,TL,C->R,0
RAW,TL,R->L,0
RAW,TL,R->C,0
RAW,TL,R->R,0
RAW,TL,L->L,0.75
RAW,TL,L->C,0.25
RAW,TL,L->R,0
RAW,TL,C->L,0.2857142857142857
RAW,TL,C->C,0.7142857142857143
RAW,TL,C->R,0
RAW,TL,R->L,0
RAW,TL,R->C,0
RAW,TL,R->R,0
RAW,TL,L->L,1
RAW,TL,L->C,0
RAW,TL,L->R,0
RAW,TL,C->L,0.5
RAW,TL,C->C,0.5
RAW,TL,C->R,0
RAW,TL,R->L,0
RAW,TL,R->C,1
RAW,TL,R->R,0
RAW,TL,L->L,0.83333333333333337
RAW,TL,L->C,0.1666666666666666
RAW,TL,L->R,0
RAW,TL,C->L,0.75
RAW,TL,C->C,0.25
RAW,TL,C->R,0
RAW,TL,R->L,0
RAW,TL,R->C,0
RAW,TL,R->R,0
RAW,TL,L->L,0.69999999999999996
RAW,TL,L->C,0.20000000000000001
RAW,TL,L->R,0.10000000000000001
RAW,TL,C->L,0.22222222222222221
RAW,TL,C->C,0.66666666666666663
RAW,TL,C->R,0.1111111111111111
RAW,TL,R->L,0.5
RAW,TL,R->C,0.5
RAW,TL,R->R,0
RAW,TL,L->L,0.5714285714285714
RAW,TL,L->C,0.42857142857142849
RAW,TL,L->R,0
RAW,TL,C->L,0.27272727272727271
RAW,TL,C->C,0.72727272727272729
RAW,TL,C->R,0
RAW,TL,R->L,0
RAW,TL,R->C,1
RAW,TL,R->R,0
RAW,TL,L->L,0.88888888888888884
RAW,TL,L->C,0.1111111111111111
RAW,TL,L->R,0
RAW,TL,C->L,0.1111111111111111
RAW,TL,C->C,0.88888888888888884
RAW,TL,C->R,0
RAW,TL,R->L,0
RAW,TL,R->C,0
RAW,TL,R->R,0
RAW,TL,L->L,0.81818181818181823
RAW,TL,L->C,0.1818181818181818
RAW,TL,L->R,0
RAW,TL,C->L,0.2857142857142857
RAW,TL,C->C,0.5714285714285714
RAW,TL,C->R,0.14285714285714279
RAW,TL,R->L,0
RAW,TL,R->C,1
RAW,TL,R->R,0
RAW,TL,L->L,0.88888888888888884
RAW,TL,L->C,0.1111111111111111
RAW,TL,L->R,0
RAW,TL,C->L,0
RAW,TL,C->C,1
RAW,TL,C->R,0
RAW,TL,R->L,0
RAW,TL,R->C,0
RAW,TL,R->R,0
RAW,TL,L->L,0.88888888888888884
RAW,TL,L->C,0.1111111111111111
RAW,TL,L->R,0
RAW,TL,C->L,0.14285714285714279
RAW,TL,C->C,0.8571428571428571
RAW,TL,C->R,0
RAW,TL,R->L,0
RAW,TL,R->C,0
RAW,TL,R->R,0
RAW,TL,L->L,0.7142857142857143
RAW,TL,L->C,0.2857142857142857
RAW,TL,L->R,0
RAW,TL,C->L,0.14285714285714279
RAW,TL,C->C,0.8571428571428571
RAW,TL,C->R,0
RAW,TL,R->L,0
RAW,TL,R->C,0
RAW,TL,R->R,0
RAW,TL,L->L,0.90909090909090917
RAW,TL,L->C,0.090909090909090898
RAW,TL,L->R,0
RAW,TL,C->L,0
RAW,TL,C->C,1
RAW,TL,C->R,0
RAW,TL,R->L,0
RAW,TL,R->C,0
RAW,TL,R->R,0
RAW,TL,L->L,0.8666666666666667
RAW,TL,L->C,0.1333333333333333
RAW,TL,L->R,0
RAW,TL,C->L,0.33333333333333331
RAW,TL,C->C,0.66666666666666663
RAW,TL,C->R,0
RAW,TL,R->L,0
RAW,TL,R->C,0
RAW,TL,R->R,0
RAW,TL,L->L,0.5
RAW,TL,L->C,0.5
RAW,TL,L->R,0
RAW,TL,C->L,0.59999999999999998
RAW,TL,C->C,0.20000000000000001
RAW,TL,C->R,0.20000000000000001
RAW,TL,R->L,0.5
RAW,TL,R->C,0.5
RAW,TL,R->R,0
RAW,TL,L->L,0.55555555555555558
RAW,TL,L->C,0.44444444444444442
RAW,TL,L->R,0
RAW,TL,C->L,0.33333333333333331
RAW,TL,C->C,0.66666666666666663
RAW,TL,C->R,0
RAW,TL,R->L,0
RAW,TL,R->C,0
RAW,TL,R->R,0
RAW,TL,L->L,0.625
RAW,TL,L->C,0.375
RAW,TL,L->R,0
RAW,TL,C->L,0.33333333333333331
RAW,TL,C->C,0.66666666666666663
RAW,TL,C->R,0
RAW,TL,R->L,0
RAW,TL,R->C,0
RAW,TL,R->R,0
RAW,TL,L->L,0.66666666666666663
RAW,TL,L->C,0.33333333333333331
RAW,TL,L->R,0
RAW,TL,C->L,0.1111111111111111
RAW,TL,C->C,0.88888888888888884
RAW,TL,C->R,0
RAW,TL,R->L,0
RAW,TL,R->C,0
RAW,TL,R->R,0
RAW,TL,L->L,0.80000000000000004
RAW,TL,L->C,0.20000000000000001
RAW,TL,L->R,0
RAW,TL,C->L,0.25
RAW,TL,C->C,0.75
RAW,TL,C->R,0
RAW,TL,R->L,0
RAW,TL,R->C,0
RAW,TL,R->R,0
RAW,TL,L->L,0.77777777777777779
RAW,TL,L->C,0.22222222222222221
RAW,TL,L->R,0
RAW,TL,C->L,0.14285714285714279
RAW,TL,C->C,0.8571428571428571
RAW,TL,C->R,0
RAW,TL,R->L,0
RAW,TL,R->C,0
RAW,TL,R->R,0
RAW,TL,L->L,0.72727272727272729
RAW,TL,L->C,0.1818181818181818
RAW,TL,L->R,0.090909090909090898
RAW,TL,C->L,0.20000000000000001
RAW,TL,C->C,0.80000000000000004
RAW,TL,C->R,0
RAW,TL,R->L,0.5
RAW,TL,R->C,0
RAW,TL,R->R,0.5
RAW,TL,L->L,0.72727272727272729
RAW,TL,L->C,0.27272727272727271
RAW,TL,L->R,0
RAW,TL,C->L,0.5
RAW,TL,C->C,0.5
RAW,TL,C->R,0
RAW,TL,R->L,0.33333333333333331
RAW,TL,R->C,0
RAW,TL,R->R,0.66666666666666663
RAW,TL,L->L,0.80000000000000004
RAW,TL,L->C,0.20000000000000001
RAW,TL,L->R,0
RAW,TL,C->L,0
RAW,TL,C->C,1
RAW,TL,C->R,0
RAW,TL,R->L,0.5
RAW,TL,R->C,0
RAW,TL,R->R,0.5
RAW,TL,L->L,0.80000000000000004
RAW,TL,L->C,0.20000000000000001
RAW,TL,L->R,0
RAW,TL,C->L,0
RAW,TL,C->C,1
RAW,TL,C->R,0
RAW,TL,R->L,0
RAW,TL,R->C,0
RAW,TL,R->R,0
RAW,TL,L->L,0.72727272727272729
RAW,TL,L->C,0.27272727272727271
RAW,TL,L->R,0
RAW,TL,C->L,0.40000000000000002
RAW,TL,C->C,0.59999999999999998
RAW,TL,C->R,0
RAW,TL,R->L,0
RAW,TL,R->C,0
RAW,TL,R->R,0
RAW,TL,L->L,0.5
RAW,TL,L->C,0.33333333333333331
RAW,TL,L->R,0.1666666666666666
RAW,TL,C->L,0.14285714285714279
RAW,TL,C->C,0.8571428571428571
RAW,TL,C->R,0
RAW,TL,R->L,1
RAW,TL,R->C,0
RAW,TL,R->R,0
RAW,TL,L->L,0.8125
RAW,TL,L->C,0.1875
RAW,TL,L->R,0
RAW,TL,C->L,0.5
RAW,TL,C->C,0.5
RAW,TL,C->R,0
RAW,TL,R->L,0
RAW,TL,R->C,0
RAW,TL,R->R,0
RAW,TL,L->L,0.875
RAW,TL,L->C,0.125
RAW,TL,L->R,0
RAW,TL,C->L,0
RAW,TL,C->C,1
RAW,TL,C->R,0
RAW,TL,R->L,0
RAW,TL,R->C,0
RAW,TL,R->R,0
RAW,TL,L->L,0.88888888888888884
RAW,TL,L->C,0.1111111111111111
RAW,TL,L->R,0
RAW,TL,C->L,0.20000000000000001
RAW,TL,C->C,0.80000000000000004
RAW,TL,C->R,0
RAW,TL,R->L,0
RAW,TL,R->C,1
RAW,TL,R->R,0
RAW,TL,L->L,0.81818181818181823
RAW,TL,L->C,0.1818181818181818
RAW,TL,L->R,0
RAW,TL,C->L,0.25
RAW,TL,C->C,0.75
RAW,TL,C->R,0
RAW,TL,R->L,1
RAW,TL,R->C,0
RAW,TL,R->R,0
RAW,TL,L->L,0.83333333333333337
RAW,TL,L->C,0.1666666666666666
RAW,TL,L->R,0
RAW,TL,C->L,0.14285714285714279
RAW,TL,C->C,0.8571428571428571
RAW,TL,C->R,0
RAW,TL,R->L,0
RAW,TL,R->C,0
RAW,TL,R->R,0
RAW,TL,L->L,0.9285714285714286
RAW,TL,L->C,0.071428571428571397
RAW,TL,L->R,0
RAW,TL,C->L,0
RAW,TL,C->C,1
RAW,TL,C->R,0
RAW,TL,R->L,0
RAW,TL,R->C,0
RAW,TL,R->R,0
RAW,TL,L->L,0.875
RAW,TL,L->C,0.125
RAW,TL,L->R,0
RAW,TL,C->L,0
RAW,TL,C->C,1
RAW,TL,C->R,0
RAW,TL,R->L,0
RAW,TL,R->C,0
RAW,TL,R->R,0
RAW,TL,L->L,0.91666666666666663
RAW,TL,L->C,0.083333333333333301
RAW,TL,L->R,0
RAW,TL,C->L,0
RAW,TL,C->C,1
RAW,TL,C->R,0
RAW,TL,R->L,0
RAW,TL,R->C,0
RAW,TL,R->R,0
RAW,TL,L->L,0.90909090909090917
RAW,TL,L->C,0.090909090909090898
RAW,TL,L->R,0
RAW,TL,C->L,0.20000000000000001
RAW,TL,C->C,0.80000000000000004
RAW,TL,C->R,0
RAW,TL,R->L,0
RAW,TL,R->C,0
RAW,TL,R->R,0
HUD,TL,L->L,0.91666666666666663
HUD,TL,L->C,0.083333333333333301
HUD,TL,L->R,0
HUD,TL,C->L,0.25
HUD,TL,C->C,0.75
HUD,TL,C->R,0
HUD,TL,R->L,0
HUD,TL,R->C,1
HUD,TL,R->R,0
HUD,TL,L->L,0.91666666666666663
HUD,TL,L->C,0.083333333333333301
HUD,TL,L->R,0
HUD,TL,C->L,0
HUD,TL,C->C,1
HUD,TL,C->R,0
HUD,TL,R->L,0
HUD,TL,R->C,0
HUD,TL,R->R,0
HUD,TL,L->L,0.77777777777777779
HUD,TL,L->C,0.22222222222222221
HUD,TL,L->R,0
HUD,TL,C->L,0.2857142857142857
HUD,TL,C->C,0.5714285714285714
HUD,TL,C->R,0.14285714285714279
HUD,TL,R->L,0
HUD,TL,R->C,1
HUD,TL,R->R,0
HUD,TL,L->L,0.72727272727272729
HUD,TL,L->C,0.27272727272727271
HUD,TL,L->R,0
HUD,TL,C->L,0.66666666666666663
HUD,TL,C->C,0.33333333333333331
HUD,TL,C->R,0
HUD,TL,R->L,0
HUD,TL,R->C,0
HUD,TL,R->R,0
HUD,TL,L->L,0.5
HUD,TL,L->C,0.5
HUD,TL,L->R,0
HUD,TL,C->L,0.40000000000000002
HUD,TL,C->C,0.59999999999999998
HUD,TL,C->R,0
HUD,TL,R->L,0
HUD,TL,R->C,0
HUD,TL,R->R,0
HUD,TL,L->L,0.77777777777777779
HUD,TL,L->C,0.22222222222222221
HUD,TL,L->R,0
HUD,TL,C->L,0.1666666666666666
HUD,TL,C->C,0.83333333333333337
HUD,TL,C->R,0
HUD,TL,R->L,0
HUD,TL,R->C,0
HUD,TL,R->R,0
HUD,TL,L->L,0.90909090909090917
HUD,TL,L->C,0.090909090909090898
HUD,TL,L->R,0
HUD,TL,C->L,0.125
HUD,TL,C->C,0.875
HUD,TL,C->R,0
HUD,TL,R->L,0
HUD,TL,R->C,0
HUD,TL,R->R,0
HUD,TL,L->L,0.81818181818181823
HUD,TL,L->C,0.1818181818181818
HUD,TL,L->R,0
HUD,TL,C->L,0.14285714285714279
HUD,TL,C->C,0.8571428571428571
HUD,TL,C->R,0
HUD,TL,R->L,0
HUD,TL,R->C,0
HUD,TL,R->R,0
HUD,TL,L->L,0.83333333333333337
HUD,TL,L->C,0.1666666666666666
HUD,TL,L->R,0
HUD,TL,C->L,0.20000000000000001
HUD,TL,C->C,0.80000000000000004
HUD,TL,C->R,0
HUD,TL,R->L,0
HUD,TL,R->C,0
HUD,TL,R->R,0
HUD,TL,L->L,0.55555555555555558
HUD,TL,L->C,0.33333333333333331
HUD,TL,L->R,0.1111111111111111
HUD,TL,C->L,0.42857142857142849
HUD,TL,C->C,0.5714285714285714
HUD,TL,C->R,0
HUD,TL,R->L,0.5
HUD,TL,R->C,0
HUD,TL,R->R,0.5
HUD,TL,L->L,0.83333333333333337
HUD,TL,L->C,0.1666666666666666
HUD,TL,L->R,0
HUD,TL,C->L,0.1666666666666666
HUD,TL,C->C,0.83333333333333337
HUD,TL,C->R,0
HUD,TL,R->L,0
HUD,TL,R->C,0
HUD,TL,R->R,0
HUD,TL,L->L,0.69999999999999996
HUD,TL,L->C,0.29999999999999999
HUD,TL,L->R,0
HUD,TL,C->L,0.59999999999999998
HUD,TL,C->C,0.40000000000000002
HUD,TL,C->R,0
HUD,TL,R->L,0
HUD,TL,R->C,1
HUD,TL,R->R,0
HUD,TL,L->L,0.77777777777777779
HUD,TL,L->C,0.22222222222222221
HUD,TL,L->R,0
HUD,TL,C->L,0.20000000000000001
HUD,TL,C->C,0.80000000000000004
HUD,TL,C->R,0
HUD,TL,R->L,0.5
HUD,TL,R->C,0
HUD,TL,R->R,0.5
HUD,TL,L->L,0.81818181818181823
HUD,TL,L->C,0.090909090909090898
HUD,TL,L->R,0.090909090909090898
HUD,TL,C->L,0
HUD,TL,C->C,1
HUD,TL,C->R,0
HUD,TL,R->L,1
HUD,TL,R->C,0
HUD,TL,R->R,0
HUD,TL,L->L,0.75
HUD,TL,L->C,0.25
HUD,TL,L->R,0
HUD,TL,C->L,0.5
HUD,TL,C->C,0.5
HUD,TL,C->R,0
HUD,TL,R->L,0
HUD,TL,R->C,0
HUD,TL,R->R,0
HUD,TL,L->L,0.90000000000000002
HUD,TL,L->C,0.10000000000000001
HUD,TL,L->R,0
HUD,TL,C->L,0
HUD,TL,C->C,1
HUD,TL,C->R,0
HUD,TL,R->L,0
HUD,TL,R->C,0
HUD,TL,R->R,0
HUD,TL,L->L,0.77777777777777779
HUD,TL,L->C,0.22222222222222221
HUD,TL,L->R,0
HUD,TL,C->L,1
HUD,TL,C->C,0
HUD,TL,C->R,0
HUD,TL,R->L,0
HUD,TL,R->C,0
HUD,TL,R->R,0
HUD,TL,L->L,0.90000000000000002
HUD,TL,L->C,0.10000000000000001
HUD,TL,L->R,0
HUD,TL,C->L,0.33333333333333331
HUD,TL,C->C,0.66666666666666663
HUD,TL,C->R,0
HUD,TL,R->L,0
HUD,TL,R->C,0
HUD,TL,R->R,0
HUD,TL,L->L,0.91666666666666663
HUD,TL,L->C,0.083333333333333301
HUD,TL,L->R,0
HUD,TL,C->L,0.5
HUD,TL,C->C,0.5
HUD,TL,C->R,0
HUD,TL,R->L,0
HUD,TL,R->C,0
HUD,TL,R->R,0
HUD,TL,L->L,0.77777777777777779
HUD,TL,L->C,0.22222222222222221
HUD,TL,L->R,0
HUD,TL,C->L,0.14285714285714279
HUD,TL,C->C,0.8571428571428571
HUD,TL,C->R,0
HUD,TL,R->L,0
HUD,TL,R->C,0
HUD,TL,R->R,0
HUD,TL,L->L,0.9375
HUD,TL,L->C,0.0625
HUD,TL,L->R,0
HUD,TL,C->L,0
HUD,TL,C->C,1
HUD,TL,C->R,0
HUD,TL,R->L,0
HUD,TL,R->C,0
HUD,TL,R->R,0
HUD,TL,L->L,0.91666666666666663
HUD,TL,L->C,0.083333333333333301
HUD,TL,L->R,0
HUD,TL,C->L,0.125
HUD,TL,C->C,0.875
HUD,TL,C->R,0
HUD,TL,R->L,0
HUD,TL,R->C,0
HUD,TL,R->R,0
HUD,TL,L->L,0.90909090909090917
HUD,TL,L->C,0.090909090909090898
HUD,TL,L->R,0
HUD,TL,C->L,0
HUD,TL,C->C,1
HUD,TL,C->R,0
HUD,TL,R->L,0
HUD,TL,R->C,0
HUD,TL,R->R,0
HUD,TL,L->L,0.8571428571428571
HUD,TL,L->C,0.14285714285714279
HUD,TL,L->R,0
HUD,TL,C->L,0
HUD,TL,C->C,1
HUD,TL,C->R,0
HUD,TL,R->L,0
HUD,TL,R->C,0
HUD,TL,R->R,0
HUD,TL,L->L,0.875
HUD,TL,L->C,0.125
HUD,TL,L->R,0
HUD,TL,C->L,0.125
HUD,TL,C->C,0.875
HUD,TL,C->R,0
HUD,TL,R->L,0
HUD,TL,R->C,0
HUD,TL,R->R,0
HUD,TL,L->L,0.80000000000000004
HUD,TL,L->C,0.20000000000000001
HUD,TL,L->R,0
HUD,TL,C->L,0.1666666666666666
HUD,TL,C->C,0.83333333333333337
HUD,TL,C->R,0
HUD,TL,R->L,0
HUD,TL,R->C,0
HUD,TL,R->R,0
HUD,TL,L->L,0.75
HUD,TL,L->C,0.25
HUD,TL,L->R,0
HUD,TL,C->L,0
HUD,TL,C->C,1
HUD,TL,C->R,0
HUD,TL,R->L,0
HUD,TL,R->C,0
HUD,TL,R->R,0
HUD,TL,L->L,0.59999999999999998
HUD,TL,L->C,0.40000000000000002
HUD,TL,L->R,0
HUD,TL,C->L,0.20000000000000001
HUD,TL,C->C,0.80000000000000004
HUD,TL,C->R,0
HUD,TL,R->L,0
HUD,TL,R->C,0
HUD,TL,R->R,0
HUD,TL,L->L,0.92307692307692324
HUD,TL,L->C,0.0769230769230769
HUD,TL,L->R,0
HUD,TL,C->L,0
HUD,TL,C->C,1
HUD,TL,C->R,0
HUD,TL,R->L,0
HUD,TL,R->C,0
HUD,TL,R->R,0
HUD,TL,L->L,0.84615384615384615
HUD,TL,L->C,0.1538461538461538
HUD,TL,L->R,0
HUD,TL,C->L,0.14285714285714279
HUD,TL,C->C,0.8571428571428571
HUD,TL,C->R,0
HUD,TL,R->L,0
HUD,TL,R->C,0
HUD,TL,R->R,0
HUD,TL,L->L,0.7142857142857143
HUD,TL,L->C,0.2857142857142857
HUD,TL,L->R,0
HUD,TL,C->L,0.75
HUD,TL,C->C,0.25
HUD,TL,C->R,0
HUD,TL,R->L,0
HUD,TL,R->C,0
HUD,TL,R->R,0
HUD,TL,L->L,0.93333333333333324
HUD,TL,L->C,0.066666666666666596
HUD,TL,L->R,0
HUD,TL,C->L,0.33333333333333331
HUD,TL,C->C,0.66666666666666663
HUD,TL,C->R,0
HUD,TL,R->L,0
HUD,TL,R->C,0
HUD,TL,R->R,0
HUD,TL,L->L,0.875
HUD,TL,L->C,0.125
HUD,TL,L->R,0
HUD,TL,C->L,0
HUD,TL,C->C,1
HUD,TL,C->R,0
HUD,TL,R->L,0
HUD,TL,R->C,0
HUD,TL,R->R,0
HUD,TL,L->L,0.59999999999999998
HUD,TL,L->C,0.40000000000000002
HUD,TL,L->R,0
HUD,TL,C->L,0
HUD,TL,C->C,0.8571428571428571
HUD,TL,C->R,0.14285714285714279
HUD,TL,R->L,1
HUD,TL,R->C,0
HUD,TL,R->R,0
HUD,TL,L->L,0.93333333333333324
HUD,TL,L->C,0.066666666666666596
HUD,TL,L->R,0
HUD,TL,C->L,0
HUD,TL,C->C,1
HUD,TL,C->R,0
HUD,TL,R->L,0
HUD,TL,R->C,0
HUD,TL,R->R,0
HUD,TL,L->L,0
HUD,TL,L->C,1
HUD,TL,L->R,0
HUD,TL,C->L,0
HUD,TL,C->C,1
HUD,TL,C->R,0
HUD,TL,R->L,0
HUD,TL,R->C,0
HUD,TL,R->R,0
HUD,TL,L->L,0.66666666666666663
HUD,TL,L->C,0.33333333333333331
HUD,TL,L->R,0
HUD,TL,C->L,0.33333333333333331
HUD,TL,C->C,0.66666666666666663
HUD,TL,C->R,0
HUD,TL,R->L,0
HUD,TL,R->C,0
HUD,TL,R->R,0
HUD,TL,L->L,0.90909090909090917
HUD,TL,L->C,0.090909090909090898
HUD,TL,L->R,0
HUD,TL,C->L,0
HUD,TL,C->C,1
HUD,TL,C->R,0
HUD,TL,R->L,0
HUD,TL,R->C,0
HUD,TL,R->R,0
HUD,TL,L->L,0
HUD,TL,L->C,0
HUD,TL,L->R,0
HUD,TL,C->L,0
HUD,TL,C->C,1
HUD,TL,C->R,0
HUD,TL,R->L,0
HUD,TL,R->C,0
HUD,TL,R->R,0
HUD,TL,L->L,0.90000000000000002
HUD,TL,L->C,0.10000000000000001
HUD,TL,L->R,0
HUD,TL,C->L,0
HUD,TL,C->C,1
HUD,TL,C->R,0
HUD,TL,R->L,0
HUD,TL,R->C,0
HUD,TL,R->R,0
HUD,TL,L->L,0.90909090909090917
HUD,TL,L->C,0.090909090909090898
HUD,TL,L->R,0
HUD,TL,C->L,0
HUD,TL,C->C,1
HUD,TL,C->R,0
HUD,TL,R->L,0
HUD,TL,R->C,0
HUD,TL,R->R,0
HUD,TL,L->L,0.8125
HUD,TL,L->C,0.1875
HUD,TL,L->R,0
HUD,TL,C->L,0.66666666666666663
HUD,TL,C->C,0.33333333333333331
HUD,TL,C->R,0
HUD,TL,R->L,0
HUD,TL,R->C,0
HUD,TL,R->R,0
HUD,TL,L->L,0.94117647058823517
HUD,TL,L->C,0.058823529411764698
HUD,TL,L->R,0
HUD,TL,C->L,0
HUD,TL,C->C,1
HUD,TL,C->R,0
HUD,TL,R->L,0
HUD,TL,R->C,0
HUD,TL,R->R,0
HUD,TL,L->L,0.8571428571428571
HUD,TL,L->C,0.14285714285714279
HUD,TL,L->R,0
HUD,TL,C->L,0.20000000000000001
HUD,TL,C->C,0.80000000000000004
HUD,TL,C->R,0
HUD,TL,R->L,0
HUD,TL,R->C,0
HUD,TL,R->R,0
HUD,TL,L->L,0.83333333333333337
HUD,TL,L->C,0.1666666666666666
HUD,TL,L->R,0
HUD,TL,C->L,0
HUD,TL,C->C,0.75
HUD,TL,C->R,0.25
HUD,TL,R->L,0
HUD,TL,R->C,1
HUD,TL,R->R,0
HUD,TL,L->L,0.72727272727272729
HUD,TL,L->C,0.27272727272727271
HUD,TL,L->R,0
HUD,TL,C->L,0.66666666666666663
HUD,TL,C->C,0.33333333333333331
HUD,TL,C->R,0
HUD,TL,R->L,0
HUD,TL,R->C,0
HUD,TL,R->R,0
HUD,TL,L->L,0.875
HUD,TL,L->C,0.125
HUD,TL,L->R,0
HUD,TL,C->L,0
HUD,TL,C->C,1
HUD,TL,C->R,0
HUD,TL,R->L,0
HUD,TL,R->C,0
HUD,TL,R->R,0
HUD,TL,L->L,0.77777777777777779
HUD,TL,L->C,0.22222222222222221
HUD,TL,L->R,0
HUD,TL,C->L,0
HUD,TL,C->C,0.75
HUD,TL,C->R,0.25
HUD,TL,R->L,1
HUD,TL,R->C,0
HUD,TL,R->R,0
HUD,TL,L->L,0.8571428571428571
HUD,TL,L->C,0.14285714285714279
HUD,TL,L->R,0
HUD,TL,C->L,0
HUD,TL,C->C,1
HUD,TL,C->R,0
HUD,TL,R->L,0
HUD,TL,R->C,0
HUD,TL,R->R,0
HUD,TL,L->L,0.75
HUD,TL,L->C,0.25
HUD,TL,L->R,0
HUD,TL,C->L,0.40000000000000002
HUD,TL,C->C,0.59999999999999998
HUD,TL,C->R,0
HUD,TL,R->L,0
HUD,TL,R->C,0
HUD,TL,R->R,0
HUD,TL,L->L,0.875
HUD,TL,L->C,0.125
HUD,TL,L->R,0
HUD,TL,C->L,0
HUD,TL,C->C,1
HUD,TL,C->R,0
HUD,TL,R->L,0
HUD,TL,R->C,0
HUD,TL,R->R,0
HUD,TL,L->L,0.8571428571428571
HUD,TL,L->C,0.14285714285714279
HUD,TL,L->R,0
HUD,TL,C->L,0
HUD,TL,C->C,1
HUD,TL,C->R,0
HUD,TL,R->L,0
HUD,TL,R->C,0
HUD,TL,R->R,0
HUD,TL,L->L,0.90000000000000002
HUD,TL,L->C,0.10000000000000001
HUD,TL,L->R,0
HUD,TL,C->L,0.5
HUD,TL,C->C,0.5
HUD,TL,C->R,0
HUD,TL,R->L,0
HUD,TL,R->C,0
HUD,TL,R->R,0
HUD,TL,L->L,0.91666666666666663
HUD,TL,L->C,0.083333333333333301
HUD,TL,L->R,0
HUD,TL,C->L,0
HUD,TL,C->C,1
HUD,TL,C->R,0
HUD,TL,R->L,0
HUD,TL,R->C,0
HUD,TL,R->R,0
HUD,TL,L->L,0.88888888888888884
HUD,TL,L->C,0.1111111111111111
HUD,TL,L->R,0
HUD,TL,C->L,0
HUD,TL,C->C,1
HUD,TL,C->R,0
HUD,TL,R->L,0
HUD,TL,R->C,0
HUD,TL,R->R,0
HUD,TL,L->L,0.91666666666666663
HUD,TL,L->C,0.083333333333333301
HUD,TL,L->R,0
HUD,TL,C->L,0
HUD,TL,C->C,1
HUD,TL,C->R,0
HUD,TL,R->L,0
HUD,TL,R->C,0
HUD,TL,R->R,0
HUD,TL,L->L,0.90000000000000002
HUD,TL,L->C,0.10000000000000001
HUD,TL,L->R,0
HUD,TL,C->L,0
HUD,TL,C->C,1
HUD,TL,C->R,0
HUD,TL,R->L,0
HUD,TL,R->C,0
HUD,TL,R->R,0
HUD,TL,L->L,0.875
HUD,TL,L->C,0.125
HUD,TL,L->R,0
HUD,TL,C->L,0
HUD,TL,C->C,1
HUD,TL,C->R,0
HUD,TL,R->L,0
HUD,TL,R->C,0
HUD,TL,R->R,0
HUD,TL,L->L,0.5
HUD,TL,L->C,0.5
HUD,TL,L->R,0
HUD,TL,C->L,0.1666666666666666
HUD,TL,C->C,0.83333333333333337
HUD,TL,C->R,0
HUD,TL,R->L,0
HUD,TL,R->C,0
HUD,TL,R->R,0
HUD,TL,L->L,0.66666666666666663
HUD,TL,L->C,0.33333333333333331
HUD,TL,L->R,0
HUD,TL,C->L,0
HUD,TL,C->C,1
HUD,TL,C->R,0
HUD,TL,R->L,0
HUD,TL,R->C,0
HUD,TL,R->R,0
HUD,TL,L->L,0
HUD,TL,L->C,0
HUD,TL,L->R,0
HUD,TL,C->L,0
HUD,TL,C->C,1
HUD,TL,C->R,0
HUD,TL,R->L,0
HUD,TL,R->C,0
HUD,TL,R->R,0
HUD,TL,L->L,0.83333333333333337
HUD,TL,L->C,0.1666666666666666
HUD,TL,L->R,0
HUD,TL,C->L,0.20000000000000001
HUD,TL,C->C,0.80000000000000004
HUD,TL,C->R,0
HUD,TL,R->L,0
HUD,TL,R->C,0
HUD,TL,R->R,0
HUD,TL,L->L,0.80000000000000004
HUD,TL,L->C,0.20000000000000001
HUD,TL,L->R,0
HUD,TL,C->L,0
HUD,TL,C->C,1
HUD,TL,C->R,0
HUD,TL,R->L,0
HUD,TL,R->C,0
HUD,TL,R->R,0
HUD,TL,L->L,0.93333333333333324
HUD,TL,L->C,0.066666666666666596
HUD,TL,L->R,0
HUD,TL,C->L,0
HUD,TL,C->C,1
HUD,TL,C->R,0
HUD,TL,R->L,1
HUD,TL,R->C,0
HUD,TL,R->R,0
HUD,TL,L->L,0.83333333333333337
HUD,TL,L->C,0.1666666666666666
HUD,TL,L->R,0
HUD,TL,C->L,0
HUD,TL,C->C,0.66666666666666663
HUD,TL,C->R,0.33333333333333331
HUD,TL,R->L,0
HUD,TL,R->C,1
HUD,TL,R->R,0
HUD,TL,L->L,0.80000000000000004
HUD,TL,L->C,0.20000000000000001
HUD,TL,L->R,0
HUD,TL,C->L,0
HUD,TL,C->C,1
HUD,TL,C->R,0
HUD,TL,R->L,0
HUD,TL,R->C,0
HUD,TL,R->R,0
HUD,TL,L->L,0.75
HUD,TL,L->C,0.25
HUD,TL,L->R,0
HUD,TL,C->L,0.40000000000000002
HUD,TL,C->C,0.59999999999999998
HUD,TL,C->R,0
HUD,TL,R->L,0
HUD,TL,R->C,0
HUD,TL,R->R,0
HUD,TL,L->L,0.75
HUD,TL,L->C,0.25
HUD,TL,L->R,0
HUD,TL,C->L,0.40000000000000002
HUD,TL,C->C,0.59999999999999998
HUD,TL,C->R,0
HUD,TL,R->L,0
HUD,TL,R->C,0
HUD,TL,R->R,0
HUD,TL,L->L,0.875
HUD,TL,L->C,0
HUD,TL,L->R,0.125
HUD,TL,C->L,0
HUD,TL,C->C,1
HUD,TL,C->R,0
HUD,TL,R->L,0
HUD,TL,R->C,1
HUD,TL,R->R,0
HUD,TL,L->L,0.8571428571428571
HUD,TL,L->C,0.14285714285714279
HUD,TL,L->R,0
HUD,TL,C->L,0
HUD,TL,C->C,1
HUD,TL,C->R,0
HUD,TL,R->L,0.33333333333333331
HUD,TL,R->C,0
HUD,TL,R->R,0.66666666666666663
HUD,TL,L->L,0.91666666666666663
HUD,TL,L->C,0.083333333333333301
HUD,TL,L->R,0
HUD,TL,C->L,0
HUD,TL,C->C,1
HUD,TL,C->R,0
HUD,TL,R->L,0
HUD,TL,R->C,0
HUD,TL,R->R,0
HUD,TL,L->L,0.91666666666666663
HUD,TL,L->C,0.083333333333333301
HUD,TL,L->R,0
HUD,TL,C->L,0.20000000000000001
HUD,TL,C->C,0.80000000000000004
HUD,TL,C->R,0
HUD,TL,R->L,0
HUD,TL,R->C,0
HUD,TL,R->R,0
HUD,TL,L->L,0.875
HUD,TL,L->C,0.125
HUD,TL,L->R,0
HUD,TL,C->L,0
HUD,TL,C->C,1
HUD,TL,C->R,0
HUD,TL,R->L,0
HUD,TL,R->C,0
HUD,TL,R->R,0
HUD,TL,L->L,0.91666666666666663
HUD,TL,L->C,0.083333333333333301
HUD,TL,L->R,0
HUD,TL,C->L,0
HUD,TL,C->C,1
HUD,TL,C->R,0
HUD,TL,R->L,0
HUD,TL,R->C,0
HUD,TL,R->R,0
HUD,TL,L->L,0.90000000000000002
HUD,TL,L->C,0.10000000000000001
HUD,TL,L->R,0
HUD,TL,C->L,0
HUD,TL,C->C,1
HUD,TL,C->R,0
HUD,TL,R->L,0
HUD,TL,R->C,0
HUD,TL,R->R,0
HUD,TL,L->L,0.88888888888888884
HUD,TL,L->C,0.1111111111111111
HUD,TL,L->R,0
HUD,TL,C->L,0
HUD,TL,C->C,1
HUD,TL,C->R,0
HUD,TL,R->L,0
HUD,TL,R->C,0
HUD,TL,R->R,0
HUD,TL,L->L,0.8571428571428571
HUD,TL,L->C,0.14285714285714279
HUD,TL,L->R,0
HUD,TL,C->L,0
HUD,TL,C->C,1
HUD,TL,C->R,0
HUD,TL,R->L,0
HUD,TL,R->C,0
HUD,TL,R->R,0
HUD,TL,L->L,0.81818181818181823
HUD,TL,L->C,0.090909090909090898
HUD,TL,L->R,0.090909090909090898
HUD,TL,C->L,0.1666666666666666
HUD,TL,C->C,0.66666666666666663
HUD,TL,C->R,0.1666666666666666
HUD,TL,R->L,0.33333333333333331
HUD,TL,R->C,0
HUD,TL,R->R,0.66666666666666663
HUD,TL,L->L,0.8125
HUD,TL,L->C,0.125
HUD,TL,L->R,0.0625
HUD,TL,C->L,0.40000000000000002
HUD,TL,C->C,0.59999999999999998
HUD,TL,C->R,0
HUD,TL,R->L,1
HUD,TL,R->C,0
HUD,TL,R->R,0
HUD,TL,L->L,0.5
HUD,TL,L->C,0.5
HUD,TL,L->R,0
HUD,TL,C->L,0.33333333333333331
HUD,TL,C->C,0.55555555555555558
HUD,TL,C->R,0.1111111111111111
HUD,TL,R->L,0
HUD,TL,R->C,0
HUD,TL,R->R,0
HUD,TL,L->L,0.25
HUD,TL,L->C,0.75
HUD,TL,L->R,0
HUD,TL,C->L,0.22222222222222221
HUD,TL,C->C,0.77777777777777779
HUD,TL,C->R,0
HUD,TL,R->L,0
HUD,TL,R->C,0
HUD,TL,R->R,0
HUD,TL,L->L,0.25
HUD,TL,L->C,0.5
HUD,TL,L->R,0.25
HUD,TL,C->L,0.33333333333333331
HUD,TL,C->C,0.5
HUD,TL,C->R,0.1666666666666666
HUD,TL,R->L,0.5
HUD,TL,R->C,0.5
HUD,TL,R->R,0
HUD,TL,L->L,0.40000000000000002
HUD,TL,L->C,0.59999999999999998
HUD,TL,L->R,0
HUD,TL,C->L,0.29999999999999999
HUD,TL,C->C,0.69999999999999996
HUD,TL,C->R,0
HUD,TL,R->L,0
HUD,TL,R->C,0
HUD,TL,R->R,0
HUD,TL,L->L,0.75
HUD,TL,L->C,0.25
HUD,TL,L->R,0
HUD,TL,C->L,0.2857142857142857
HUD,TL,C->C,0.7142857142857143
HUD,TL,C->R,0
HUD,TL,R->L,0
HUD,TL,R->C,0
HUD,TL,R->R,0
HUD,TL,L->L,0.66666666666666663
HUD,TL,L->C,0.33333333333333331
HUD,TL,L->R,0
HUD,TL,C->L,0.40000000000000002
HUD,TL,C->C,0.59999999999999998
HUD,TL,C->R,0
HUD,TL,R->L,0
HUD,TL,R->C,0
HUD,TL,R->R,0
HUD,TL,L->L,0.92307692307692324
HUD,TL,L->C,0.0769230769230769
HUD,TL,L->R,0
HUD,TL,C->L,0
HUD,TL,C->C,1
HUD,TL,C->R,0
HUD,TL,R->L,0
HUD,TL,R->C,0
HUD,TL,R->R,0
HUD,TL,L->L,0.9285714285714286
HUD,TL,L->C,0.071428571428571397
HUD,TL,L->R,0
HUD,TL,C->L,0
HUD,TL,C->C,1
HUD,TL,C->R,0
HUD,TL,R->L,0
HUD,TL,R->C,0
HUD,TL,R->R,0
HUD,TL,L->L,0.90909090909090917
HUD,TL,L->C,0.090909090909090898
HUD,TL,L->R,0
HUD,TL,C->L,0
HUD,TL,C->C,1
HUD,TL,C->R,0
HUD,TL,R->L,0
HUD,TL,R->C,0
HUD,TL,R->R,0
HUD,TL,L->L,0.83333333333333337
HUD,TL,L->C,0.1666666666666666
HUD,TL,L->R,0
HUD,TL,C->L,0.33333333333333331
HUD,TL,C->C,0.66666666666666663
HUD,TL,C->R,0
HUD,TL,R->L,0
HUD,TL,R->C,0
HUD,TL,R->R,0
HUD,TL,L->L,0.84615384615384615
HUD,TL,L->C,0.1538461538461538
HUD,TL,L->R,0
HUD,TL,C->L,0.125
HUD,TL,C->C,0.875
HUD,TL,C->R,0
HUD,TL,R->L,0
HUD,TL,R->C,0
HUD,TL,R->R,0
HUD,TL,L->L,0.88888888888888884
HUD,TL,L->C,0.1111111111111111
HUD,TL,L->R,0
HUD,TL,C->L,0
HUD,TL,C->C,1
HUD,TL,C->R,0
HUD,TL,R->L,0
HUD,TL,R->C,0
HUD,TL,R->R,0
HUD,TL,L->L,0.9375
HUD,TL,L->C,0.0625
HUD,TL,L->R,0
HUD,TL,C->L,0
HUD,TL,C->C,1
HUD,TL,C->R,0
HUD,TL,R->L,0
HUD,TL,R->C,0
HUD,TL,R->R,0
HUD,TL,L->L,0.91666666666666663
HUD,TL,L->C,0.083333333333333301
HUD,TL,L->R,0
HUD,TL,C->L,0
HUD,TL,C->C,1
HUD,TL,C->R,0
HUD,TL,R->L,0
HUD,TL,R->C,0
HUD,TL,R->R,0
HUD,TL,L->L,0.875
HUD,TL,L->C,0.125
HUD,TL,L->R,0
HUD,TL,C->L,0
HUD,TL,C->C,1
HUD,TL,C->R,0
HUD,TL,R->L,0
HUD,TL,R->C,0
HUD,TL,R->R,0
HUD,TL,L->L,0.88888888888888884
HUD,TL,L->C,0.1111111111111111
HUD,TL,L->R,0
HUD,TL,C->L,0
HUD,TL,C->C,1
HUD,TL,C->R,0
HUD,TL,R->L,0
HUD,TL,R->C,0
HUD,TL,R->R,0
HUD,TL,L->L,0.92307692307692324
HUD,TL,L->C,0.0769230769230769
HUD,TL,L->R,0
HUD,TL,C->L,0
HUD,TL,C->C,0
HUD,TL,C->R,0
HUD,TL,R->L,0
HUD,TL,R->C,0
HUD,TL,R->R,0
HUD,TL,L->L,0.875
HUD,TL,L->C,0.125
HUD,TL,L->R,0
HUD,TL,C->L,0.25
HUD,TL,C->C,0.75
HUD,TL,C->R,0
HUD,TL,R->L,0
HUD,TL,R->C,0
HUD,TL,R->R,0
HUD,TL,L->L,0.88888888888888884
HUD,TL,L->C,0.1111111111111111
HUD,TL,L->R,0
HUD,TL,C->L,0.1666666666666666
HUD,TL,C->C,0.83333333333333337
HUD,TL,C->R,0
HUD,TL,R->L,0
HUD,TL,R->C,0
HUD,TL,R->R,0
HUD,TL,L->L,0.75
HUD,TL,L->C,0.25
HUD,TL,L->R,0
HUD,TL,C->L,0.33333333333333331
HUD,TL,C->C,0.66666666666666663
HUD,TL,C->R,0
HUD,TL,R->L,0
HUD,TL,R->C,0
HUD,TL,R->R,0
HUD,TL,L->L,0.90000000000000002
HUD,TL,L->C,0.10000000000000001
HUD,TL,L->R,0
HUD,TL,C->L,0
HUD,TL,C->C,1
HUD,TL,C->R,0
HUD,TL,R->L,0
HUD,TL,R->C,0
HUD,TL,R->R,0
HUD,TL,L->L,0.80000000000000004
HUD,TL,L->C,0.20000000000000001
HUD,TL,L->R,0
HUD,TL,C->L,0
HUD,TL,C->C,1
HUD,TL,C->R,0
HUD,TL,R->L,0
HUD,TL,R->C,0
HUD,TL,R->R,0
HUD,TL,L->L,0.875
HUD,TL,L->C,0.125
HUD,TL,L->R,0
HUD,TL,C->L,0
HUD,TL,C->C,1
HUD,TL,C->R,0
HUD,TL,R->L,0
HUD,TL,R->C,0
HUD,TL,R->R,0
HUD,TL,L->L,0.83333333333333337
HUD,TL,L->C,0.1666666666666666
HUD,TL,L->R,0
HUD,TL,C->L,0
HUD,TL,C->C,1
HUD,TL,C->R,0
HUD,TL,R->L,0
HUD,TL,R->C,0
HUD,TL,R->R,0
HUD,TL,L->L,0.88888888888888884
HUD,TL,L->C,0.1111111111111111
HUD,TL,L->R,0
HUD,TL,C->L,0
HUD,TL,C->C,1
HUD,TL,C->R,0
HUD,TL,R->L,0
HUD,TL,R->C,0
HUD,TL,R->R,0
HUD,TL,L->L,0.875
HUD,TL,L->C,0.125
HUD,TL,L->R,0
HUD,TL,C->L,0
HUD,TL,C->C,1
HUD,TL,C->R,0
HUD,TL,R->L,0
HUD,TL,R->C,0
HUD,TL,R->R,0
HUD,TL,L->L,0.75
HUD,TL,L->C,0.25
HUD,TL,L->R,0
HUD,TL,C->L,0.25
HUD,TL,C->C,0.75
HUD,TL,C->R,0
HUD,TL,R->L,0
HUD,TL,R->C,0
HUD,TL,R->R,0
HUD,TL,L->L,0.9285714285714286
HUD,TL,L->C,0.071428571428571397
HUD,TL,L->R,0
HUD,TL,C->L,0.33333333333333331
HUD,TL,C->C,0.66666666666666663
HUD,TL,C->R,0
HUD,TL,R->L,0
HUD,TL,R->C,0
HUD,TL,R->R,0
HUD,TL,L->L,0.66666666666666663
HUD,TL,L->C,0.33333333333333331
HUD,TL,L->R,0
HUD,TL,C->L,0.20000000000000001
HUD,TL,C->C,0.80000000000000004
HUD,TL,C->R,0
HUD,TL,R->L,0
HUD,TL,R->C,0
HUD,TL,R->R,0
HUD,TL,L->L,0.8571428571428571
HUD,TL,L->C,0.14285714285714279
HUD,TL,L->R,0
HUD,TL,C->L,0.090909090909090898
HUD,TL,C->C,0.90909090909090917
HUD,TL,C->R,0
HUD,TL,R->L,0
HUD,TL,R->C,0
HUD,TL,R->R,0
HUD,TL,L->L,0.88888888888888884
HUD,TL,L->C,0.1111111111111111
HUD,TL,L->R,0
HUD,TL,C->L,0
HUD,TL,C->C,0.5
HUD,TL,C->R,0.5
HUD,TL,R->L,0
HUD,TL,R->C,1
HUD,TL,R->R,0
HUD,TL,L->L,0.875
HUD,TL,L->C,0.125
HUD,TL,L->R,0
HUD,TL,C->L,0.125
HUD,TL,C->C,0.875
HUD,TL,C->R,0
HUD,TL,R->L,0
HUD,TL,R->C,0
HUD,TL,R->R,0
HUD,TL,L->L,0.5714285714285714
HUD,TL,L->C,0.42857142857142849
HUD,TL,L->R,0
HUD,TL,C->L,0.5714285714285714
HUD,TL,C->C,0.42857142857142849
HUD,TL,C->R,0
HUD,TL,R->L,0
HUD,TL,R->C,0
HUD,TL,R->R,0
HUD,TL,L->L,0.83333333333333337
HUD,TL,L->C,0.1666666666666666
HUD,TL,L->R,0
HUD,TL,C->L,0.14285714285714279
HUD,TL,C->C,0.8571428571428571
HUD,TL,C->R,0
HUD,TL,R->L,0
HUD,TL,R->C,0
HUD,TL,R->R,0
HUD,TL,L->L,0.5
HUD,TL,L->C,0.5
HUD,TL,L->R,0
HUD,TL,C->L,0.33333333333333331
HUD,TL,C->C,0.66666666666666663
HUD,TL,C->R,0
HUD,TL,R->L,0
HUD,TL,R->C,0
HUD,TL,R->R,0
HUD,TL,L->L,0.90909090909090917
HUD,TL,L->C,0.090909090909090898
HUD,TL,L->R,0
HUD,TL,C->L,0.20000000000000001
HUD,TL,C->C,0.80000000000000004
HUD,TL,C->R,0
HUD,TL,R->L,0
HUD,TL,R->C,0
HUD,TL,R->R,0
HUD,TL,L->L,0.8571428571428571
HUD,TL,L->C,0.14285714285714279
HUD,TL,L->R,0
HUD,TL,C->L,1
HUD,TL,C->C,0
HUD,TL,C->R,0
HUD,TL,R->L,0
HUD,TL,R->C,0
HUD,TL,R->R,0
HUD,TL,L->L,0.80000000000000004
HUD,TL,L->C,0.20000000000000001
HUD,TL,L->R,0
HUD,TL,C->L,0.25
HUD,TL,C->C,0.75
HUD,TL,C->R,0
HUD,TL,R->L,0
HUD,TL,R->C,0
HUD,TL,R->R,0
HUD,TL,L->L,0.80000000000000004
HUD,TL,L->C,0.20000000000000001
HUD,TL,L->R,0
HUD,TL,C->L,0.66666666666666663
HUD,TL,C->C,0.33333333333333331
HUD,TL,C->R,0
HUD,TL,R->L,0
HUD,TL,R->C,0
HUD,TL,R->R,0
HUD,TL,L->L,0.66666666666666663
HUD,TL,L->C,0.33333333333333331
HUD,TL,L->R,0
HUD,TL,C->L,0.20000000000000001
HUD,TL,C->C,0.80000000000000004
HUD,TL,C->R,0
HUD,TL,R->L,0
HUD,TL,R->C,0
HUD,TL,R->R,0
HUD,TL,L->L,0.55555555555555558
HUD,TL,L->C,0.44444444444444442
HUD,TL,L->R,0
HUD,TL,C->L,0.66666666666666663
HUD,TL,C->C,0.33333333333333331
HUD,TL,C->R,0
HUD,TL,R->L,0
HUD,TL,R->C,0
HUD,TL,R->R,0
HUD,TL,L->L,0.75
HUD,TL,L->C,0.25
HUD,TL,L->R,0
HUD,TL,C->L,0.59999999999999998
HUD,TL,C->C,0.40000000000000002
HUD,TL,C->R,0
HUD,TL,R->L,0
HUD,TL,R->C,0
HUD,TL,R->R,0
HUD,TL,L->L,0.7142857142857143
HUD,TL,L->C,0.2857142857142857
HUD,TL,L->R,0
HUD,TL,C->L,0.14285714285714279
HUD,TL,C->C,0.8571428571428571
HUD,TL,C->R,0
HUD,TL,R->L,0
HUD,TL,R->C,0
HUD,TL,R->R,0
HUD,TL,L->L,0.75
HUD,TL,L->C,0.25
HUD,TL,L->R,0
HUD,TL,C->L,0.066666666666666596
HUD,TL,C->C,0.93333333333333324
HUD,TL,C->R,0
HUD,TL,R->L,0
HUD,TL,R->C,0
HUD,TL,R->R,0
HUD,TL,L->L,0.77777777777777779
HUD,TL,L->C,0.22222222222222221
HUD,TL,L->R,0
HUD,TL,C->L,0.1666666666666666
HUD,TL,C->C,0.66666666666666663
HUD,TL,C->R,0.1666666666666666
HUD,TL,R->L,1
HUD,TL,R->C,0
HUD,TL,R->R,0
HUD,TL,L->L,0.83333333333333337
HUD,TL,L->C,0.1666666666666666
HUD,TL,L->R,0
HUD,TL,C->L,0
HUD,TL,C->C,0.83333333333333337
HUD,TL,C->R,0.1666666666666666
HUD,TL,R->L,0.33333333333333331
HUD,TL,R->C,0.33333333333333331
HUD,TL,R->R,0.33333333333333331
HUD,TL,L->L,0.75
HUD,TL,L->C,0.25
HUD,TL,L->R,0
HUD,TL,C->L,0.20000000000000001
HUD,TL,C->C,0.80000000000000004
HUD,TL,C->R,0
HUD,TL,R->L,0
HUD,TL,R->C,0
HUD,TL,R->R,0
HUD,TL,L->L,0.77777777777777779
HUD,TL,L->C,0.22222222222222221
HUD,TL,L->R,0
HUD,TL,C->L,0.25
HUD,TL,C->C,0.75
HUD,TL,C->R,0
HUD,TL,R->L,0.5
HUD,TL,R->C,0
HUD,TL,R->R,0.5
HUD,TL,L->L,0.66666666666666663
HUD,TL,L->C,0.33333333333333331
HUD,TL,L->R,0
HUD,TL,C->L,0.14285714285714279
HUD,TL,C->C,0.8571428571428571
HUD,TL,C->R,0
HUD,TL,R->L,0
HUD,TL,R->C,0
HUD,TL,R->R,0
HUD,TL,L->L,0.84615384615384615
HUD,TL,L->C,0.1538461538461538
HUD,TL,L->R,0
HUD,TL,C->L,0.1666666666666666
HUD,TL,C->C,0.83333333333333337
HUD,TL,C->R,0
HUD,TL,R->L,0
HUD,TL,R->C,0
HUD,TL,R->R,0
HUD,TL,L->L,0.8125
HUD,TL,L->C,0.1875
HUD,TL,L->R,0
HUD,TL,C->L,0.5
HUD,TL,C->C,0.5
HUD,TL,C->R,0
HUD,TL,R->L,0
HUD,TL,R->C,0
HUD,TL,R->R,0
HUD,TL,L->L,0.75
HUD,TL,L->C,0.25
HUD,TL,L->R,0
HUD,TL,C->L,0.14285714285714279
HUD,TL,C->C,0.8571428571428571
HUD,TL,C->R,0
HUD,TL,R->L,0
HUD,TL,R->C,0
HUD,TL,R->R,0
HUD,TL,L->L,0.81818181818181823
HUD,TL,L->C,0.1818181818181818
HUD,TL,L->R,0
HUD,TL,C->L,0.33333333333333331
HUD,TL,C->C,0.66666666666666663
HUD,TL,C->R,0
HUD,TL,R->L,0
HUD,TL,R->C,0
HUD,TL,R->R,0
HUD,TL,L->L,0.66666666666666663
HUD,TL,L->C,0.33333333333333331
HUD,TL,L->R,0
HUD,TL,C->L,1
HUD,TL,C->C,0
HUD,TL,C->R,0
HUD,TL,R->L,0.33333333333333331
HUD,TL,R->C,0
HUD,TL,R->R,0.66666666666666663
HUD,TL,L->L,0.81818181818181823
HUD,TL,L->C,0.1818181818181818
HUD,TL,L->R,0
HUD,TL,C->L,0.1666666666666666
HUD,TL,C->C,0.83333333333333337
HUD,TL,C->R,0
HUD,TL,R->L,1
HUD,TL,R->C,0
HUD,TL,R->R,0
HUD,TL,L->L,0.73333333333333328
HUD,TL,L->C,0.26666666666666661
HUD,TL,L->R,0
HUD,TL,C->L,0.59999999999999998
HUD,TL,C->C,0.40000000000000002
HUD,TL,C->R,0
HUD,TL,R->L,0
HUD,TL,R->C,0
HUD,TL,R->R,0
HUD,TL,L->L,0.81818181818181823
HUD,TL,L->C,0.1818181818181818
HUD,TL,L->R,0
HUD,TL,C->L,0.33333333333333331
HUD,TL,C->C,0.66666666666666663
HUD,TL,C->R,0
HUD,TL,R->L,0
HUD,TL,R->C,0
HUD,TL,R->R,0
HUD,TL,L->L,0.88888888888888884
HUD,TL,L->C,0.1111111111111111
HUD,TL,L->R,0
HUD,TL,C->L,0
HUD,TL,C->C,1
HUD,TL,C->R,0
HUD,TL,R->L,0
HUD,TL,R->C,0
HUD,TL,R->R,0
HUD,TL,L->L,0.83333333333333337
HUD,TL,L->C,0.1666666666666666
HUD,TL,L->R,0
HUD,TL,C->L,0
HUD,TL,C->C,1
HUD,TL,C->R,0
HUD,TL,R->L,0
HUD,TL,R->C,0
HUD,TL,R->R,0
HUD,TL,L->L,0.875
HUD,TL,L->C,0.125
HUD,TL,L->R,0
HUD,TL,C->L,0
HUD,TL,C->C,1
HUD,TL,C->R,0
HUD,TL,R->L,0
HUD,TL,R->C,0
HUD,TL,R->R,0
HUD,TL,L->L,0.80000000000000004
HUD,TL,L->C,0.20000000000000001
HUD,TL,L->R,0
HUD,TL,C->L,1
HUD,TL,C->C,0
HUD,TL,C->R,0
HUD,TL,R->L,0
HUD,TL,R->C,0
HUD,TL,R->R,0
RAW,PTL,L->L,0.53333333333333333
RAW,PTL,L->C,0.46666666666666667
RAW,PTL,L->R,0
RAW,PTL,C->L,0.2413793103448276
RAW,PTL,C->C,0.75862068965517238
RAW,PTL,C->R,0
RAW,PTL,R->L,0
RAW,PTL,R->C,0
RAW,PTL,R->R,0
RAW,PTL,L->L,0.5
RAW,PTL,L->C,0.5
RAW,PTL,L->R,0
RAW,PTL,C->L,0.0408163265306122
RAW,PTL,C->C,0.91836734693877564
RAW,PTL,C->R,0.0408163265306122
RAW,PTL,R->L,0
RAW,PTL,R->C,1
RAW,PTL,R->R,0
RAW,PTL,L->L,0.59999999999999998
RAW,PTL,L->C,0.40000000000000002
RAW,PTL,L->R,0
RAW,PTL,C->L,0.1578947368421052
RAW,PTL,C->C,0.84210526315789469
RAW,PTL,C->R,0
RAW,PTL,R->L,0
RAW,PTL,R->C,0
RAW,PTL,R->R,0
RAW,PTL,L->L,0
RAW,PTL,L->C,0
RAW,PTL,L->R,0
RAW,PTL,C->L,0.1666666666666666
RAW,PTL,C->C,0.83333333333333337
RAW,PTL,C->R,0
RAW,PTL,R->L,0
RAW,PTL,R->C,0
RAW,PTL,R->R,0
RAW,PTL,L->L,0.63157894736842102
RAW,PTL,L->C,0.31578947368421051
RAW,PTL,L->R,0.052631578947368397
RAW,PTL,C->L,0.22222222222222221
RAW,PTL,C->C,0.7407407407407407
RAW,PTL,C->R,0.037037037037037
RAW,PTL,R->L,0.1666666666666666
RAW,PTL,R->C,0.33333333333333331
RAW,PTL,R->R,0.5
RAW,PTL,L->L,0.66666666666666663
RAW,PTL,L->C,0
RAW,PTL,L->R,0.33333333333333331
RAW,PTL,C->L,0.0769230769230769
RAW,PTL,C->C,0.76923076923076927
RAW,PTL,C->R,0.1538461538461538
RAW,PTL,R->L,0
RAW,PTL,R->C,0.5
RAW,PTL,R->R,0.5
RAW,PTL,L->L,0.5
RAW,PTL,L->C,0.5
RAW,PTL,L->R,0
RAW,PTL,C->L,0.1333333333333333
RAW,PTL,C->C,0.73333333333333328
RAW,PTL,C->R,0.1333333333333333
RAW,PTL,R->L,0
RAW,PTL,R->C,1
RAW,PTL,R->R,0
RAW,PTL,L->L,0
RAW,PTL,L->C,0
RAW,PTL,L->R,0
RAW,PTL,C->L,0
RAW,PTL,C->C,0.9285714285714286
RAW,PTL,C->R,0.071428571428571397
RAW,PTL,R->L,0.33333333333333331
RAW,PTL,R->C,0
RAW,PTL,R->R,0.66666666666666663
RAW,PTL,L->L,0.33333333333333331
RAW,PTL,L->C,0.33333333333333331
RAW,PTL,L->R,0.33333333333333331
RAW,PTL,C->L,0.375
RAW,PTL,C->C,0.625
RAW,PTL,C->R,0
RAW,PTL,R->L,0
RAW,PTL,R->C,0.5
RAW,PTL,R->R,0.5
RAW,PTL,L->L,0.80000000000000004
RAW,PTL,L->C,0.20000000000000001
RAW,PTL,L->R,0
RAW,PTL,C->L,0.090909090909090898
RAW,PTL,C->C,0.72727272727272729
RAW,PTL,C->R,0.1818181818181818
RAW,PTL,R->L,0.33333333333333331
RAW,PTL,R->C,0.33333333333333331
RAW,PTL,R->R,0.33333333333333331
RAW,PTL,L->L,0.40000000000000002
RAW,PTL,L->C,0.59999999999999998
RAW,PTL,L->R,0
RAW,PTL,C->L,0.25
RAW,PTL,C->C,0.375
RAW,PTL,C->R,0.375
RAW,PTL,R->L,0.25
RAW,PTL,R->C,0.5
RAW,PTL,R->R,0.25
RAW,PTL,L->L,0.33333333333333331
RAW,PTL,L->C,0.33333333333333331
RAW,PTL,L->R,0.33333333333333331
RAW,PTL,C->L,0
RAW,PTL,C->C,0.80000000000000004
RAW,PTL,C->R,0.20000000000000001
RAW,PTL,R->L,0.40000000000000002
RAW,PTL,R->C,0.20000000000000001
RAW,PTL,R->R,0.40000000000000002
RAW,PTL,L->L,1
RAW,PTL,L->C,0
RAW,PTL,L->R,0
RAW,PTL,C->L,0.125
RAW,PTL,C->C,0.875
RAW,PTL,C->R,0
RAW,PTL,R->L,0
RAW,PTL,R->C,0
RAW,PTL,R->R,0
RAW,PTL,L->L,0.2857142857142857
RAW,PTL,L->C,0.7142857142857143
RAW,PTL,L->R,0
RAW,PTL,C->L,0.33333333333333331
RAW,PTL,C->C,0.58333333333333337
RAW,PTL,C->R,0.083333333333333301
RAW,PTL,R->L,1
RAW,PTL,R->C,0
RAW,PTL,R->R,0
RAW,PTL,L->L,1
RAW,PTL,L->C,0
RAW,PTL,L->R,0
RAW,PTL,C->L,0.20000000000000001
RAW,PTL,C->C,0.80000000000000004
RAW,PTL,C->R,0
RAW,PTL,R->L,0
RAW,PTL,R->C,0
RAW,PTL,R->R,0
RAW,PTL,L->L,0.8571428571428571
RAW,PTL,L->C,0.14285714285714279
RAW,PTL,L->R,0
RAW,PTL,C->L,0.1666666666666666
RAW,PTL,C->C,0.66666666666666663
RAW,PTL,C->R,0.1666666666666666
RAW,PTL,R->L,0.33333333333333331
RAW,PTL,R->C,0
RAW,PTL,R->R,0.66666666666666663
RAW,PTL,L->L,0.5
RAW,PTL,L->C,0.5
RAW,PTL,L->R,0
RAW,PTL,C->L,0.0625
RAW,PTL,C->C,0.9375
RAW,PTL,C->R,0
RAW,PTL,R->L,0
RAW,PTL,R->C,0
RAW,PTL,R->R,0
RAW,PTL,L->L,0.5
RAW,PTL,L->C,0.5
RAW,PTL,L->R,0
RAW,PTL,C->L,0.1538461538461538
RAW,PTL,C->C,0.69230769230769229
RAW,PTL,C->R,0.1538461538461538
RAW,PTL,R->L,0
RAW,PTL,R->C,0.5
RAW,PTL,R->R,0.5
RAW,PTL,L->L,1
RAW,PTL,L->C,0
RAW,PTL,L->R,0
RAW,PTL,C->L,0
RAW,PTL,C->C,0.90909090909090917
RAW,PTL,C->R,0.090909090909090898
RAW,PTL,R->L,0.25
RAW,PTL,R->C,0
RAW,PTL,R->R,0.75
RAW,PTL,L->L,1
RAW,PTL,L->C,0
RAW,PTL,L->R,0
RAW,PTL,C->L,0.33333333333333331
RAW,PTL,C->C,0.66666666666666663
RAW,PTL,C->R,0
RAW,PTL,R->L,0
RAW,PTL,R->C,0
RAW,PTL,R->R,0
RAW,PTL,L->L,0
RAW,PTL,L->C,0
RAW,PTL,L->R,0
RAW,PTL,C->L,0
RAW,PTL,C->C,0.90909090909090917
RAW,PTL,C->R,0.090909090909090898
RAW,PTL,R->L,0
RAW,PTL,R->C,0
RAW,PTL,R->R,1
RAW,PTL,L->L,0
RAW,PTL,L->C,0
RAW,PTL,L->R,0
RAW,PTL,C->L,0
RAW,PTL,C->C,1
RAW,PTL,C->R,0
RAW,PTL,R->L,0
RAW,PTL,R->C,0
RAW,PTL,R->R,0
RAW,PTL,L->L,0
RAW,PTL,L->C,0
RAW,PTL,L->R,0
RAW,PTL,C->L,0
RAW,PTL,C->C,1
RAW,PTL,C->R,0
RAW,PTL,R->L,0
RAW,PTL,R->C,0
RAW,PTL,R->R,0
RAW,PTL,L->L,1
RAW,PTL,L->C,0
RAW,PTL,L->R,0
RAW,PTL,C->L,0.066666666666666596
RAW,PTL,C->C,0.93333333333333324
RAW,PTL,C->R,0
RAW,PTL,R->L,0
RAW,PTL,R->C,0
RAW,PTL,R->R,0
RAW,PTL,L->L,0
RAW,PTL,L->C,0
RAW,PTL,L->R,0
RAW,PTL,C->L,0
RAW,PTL,C->C,0.94736842105263164
RAW,PTL,C->R,0.052631578947368397
RAW,PTL,R->L,0
RAW,PTL,R->C,0
RAW,PTL,R->R,0
RAW,PTL,L->L,0
RAW,PTL,L->C,0
RAW,PTL,L->R,0
RAW,PTL,C->L,0
RAW,PTL,C->C,1
RAW,PTL,C->R,0
RAW,PTL,R->L,0
RAW,PTL,R->C,0
RAW,PTL,R->R,0
RAW,PTL,L->L,0
RAW,PTL,L->C,0
RAW,PTL,L->R,0
RAW,PTL,C->L,0
RAW,PTL,C->C,1
RAW,PTL,C->R,0
RAW,PTL,R->L,0
RAW,PTL,R->C,0
RAW,PTL,R->R,0
RAW,PTL,L->L,0.5
RAW,PTL,L->C,0.5
RAW,PTL,L->R,0
RAW,PTL,C->L,0.090909090909090898
RAW,PTL,C->C,0.90909090909090917
RAW,PTL,C->R,0
RAW,PTL,R->L,0
RAW,PTL,R->C,0
RAW,PTL,R->R,0
RAW,PTL,L->L,0.5
RAW,PTL,L->C,0.5
RAW,PTL,L->R,0
RAW,PTL,C->L,0.36363636363636359
RAW,PTL,C->C,0.63636363636363635
RAW,PTL,C->R,0
RAW,PTL,R->L,0
RAW,PTL,R->C,0
RAW,PTL,R->R,0
RAW,PTL,L->L,1
RAW,PTL,L->C,0
RAW,PTL,L->R,0
RAW,PTL,C->L,0.1111111111111111
RAW,PTL,C->C,0.88888888888888884
RAW,PTL,C->R,0
RAW,PTL,R->L,0
RAW,PTL,R->C,0
RAW,PTL,R->R,0
RAW,PTL,L->L,0
RAW,PTL,L->C,1
RAW,PTL,L->R,0
RAW,PTL,C->L,0.090909090909090898
RAW,PTL,C->C,0.90909090909090917
RAW,PTL,C->R,0
RAW,PTL,R->L,0
RAW,PTL,R->C,0
RAW,PTL,R->R,0
RAW,PTL,L->L,0.46153846153846151
RAW,PTL,L->C,0.53846153846153844
RAW,PTL,L->R,0
RAW,PTL,C->L,0.20588235294117641
RAW,PTL,C->C,0.73529411764705888
RAW,PTL,C->R,0.058823529411764698
RAW,PTL,R->L,0
RAW,PTL,R->C,0.25
RAW,PTL,R->R,0.75
RAW,PTL,L->L,0
RAW,PTL,L->C,1
RAW,PTL,L->R,0
RAW,PTL,C->L,0.1363636363636363
RAW,PTL,C->C,0.86363636363636365
RAW,PTL,C->R,0
RAW,PTL,R->L,0
RAW,PTL,R->C,0
RAW,PTL,R->R,0
RAW,PTL,L->L,0.5714285714285714
RAW,PTL,L->C,0.42857142857142849
RAW,PTL,L->R,0
RAW,PTL,C->L,0.0769230769230769
RAW,PTL,C->C,0.92307692307692324
RAW,PTL,C->R,0
RAW,PTL,R->L,0
RAW,PTL,R->C,0
RAW,PTL,R->R,0
RAW,PTL,L->L,0.66666666666666663
RAW,PTL,L->C,0.33333333333333331
RAW,PTL,L->R,0
RAW,PTL,C->L,0.03125
RAW,PTL,C->C,0.9375
RAW,PTL,C->R,0.03125
RAW,PTL,R->L,0
RAW,PTL,R->C,0.42857142857142849
RAW,PTL,R->R,0.5714285714285714
RAW,PTL,L->L,0.5
RAW,PTL,L->C,0.5
RAW,PTL,L->R,0
RAW,PTL,C->L,0.25
RAW,PTL,C->C,0.75
RAW,PTL,C->R,0
RAW,PTL,R->L,0
RAW,PTL,R->C,0
RAW,PTL,R->R,0
RAW,PTL,L->L,0
RAW,PTL,L->C,1
RAW,PTL,L->R,0
RAW,PTL,C->L,0.083333333333333301
RAW,PTL,C->C,0.91666666666666663
RAW,PTL,C->R,0
RAW,PTL,R->L,0
RAW,PTL,R->C,0
RAW,PTL,R->R,0
RAW,PTL,L->L,0.75
RAW,PTL,L->C,0.25
RAW,PTL,L->R,0
RAW,PTL,C->L,0.25
RAW,PTL,C->C,0.75
RAW,PTL,C->R,0
RAW,PTL,R->L,0
RAW,PTL,R->C,0
RAW,PTL,R->R,0
RAW,PTL,L->L,0.86842105263157898
RAW,PTL,L->C,0.10526315789473679
RAW,PTL,L->R,0.026315789473684199
RAW,PTL,C->L,0.26666666666666661
RAW,PTL,C->C,0.59999999999999998
RAW,PTL,C->R,0.1333333333333333
RAW,PTL,R->L,0.20000000000000001
RAW,PTL,R->C,0.40000000000000002
RAW,PTL,R->R,0.40000000000000002
RAW,PTL,L->L,0.80000000000000004
RAW,PTL,L->C,0.20000000000000001
RAW,PTL,L->R,0
RAW,PTL,C->L,0.0625
RAW,PTL,C->C,0.9375
RAW,PTL,C->R,0
RAW,PTL,R->L,0
RAW,PTL,R->C,0
RAW,PTL,R->R,0
RAW,PTL,L->L,0.66666666666666663
RAW,PTL,L->C,0.33333333333333331
RAW,PTL,L->R,0
RAW,PTL,C->L,0.043478260869565202
RAW,PTL,C->C,0.91304347826086962
RAW,PTL,C->R,0.043478260869565202
RAW,PTL,R->L,0
RAW,PTL,R->C,0.25
RAW,PTL,R->R,0.75
RAW,PTL,L->L,0.75
RAW,PTL,L->C,0.25
RAW,PTL,L->R,0
RAW,PTL,C->L,0.059701492537313397
RAW,PTL,C->C,0.92537313432835822
RAW,PTL,C->R,0.014925373134328301
RAW,PTL,R->L,0
RAW,PTL,R->C,0.20000000000000001
RAW,PTL,R->R,0.80000000000000004
RAW,PTL,L->L,1
RAW,PTL,L->C,0
RAW,PTL,L->R,0
RAW,PTL,C->L,0.20000000000000001
RAW,PTL,C->C,0.80000000000000004
RAW,PTL,C->R,0
RAW,PTL,R->L,0
RAW,PTL,R->C,0
RAW,PTL,R->R,0
RAW,PTL,L->L,0.66666666666666663
RAW,PTL,L->C,0.33333333333333331
RAW,PTL,L->R,0
RAW,PTL,C->L,0.42857142857142849
RAW,PTL,C->C,0.5714285714285714
RAW,PTL,C->R,0
RAW,PTL,R->L,0
RAW,PTL,R->C,0
RAW,PTL,R->R,0
RAW,PTL,L->L,0.84615384615384615
RAW,PTL,L->C,0.1538461538461538
RAW,PTL,L->R,0
RAW,PTL,C->L,0.5
RAW,PTL,C->C,0.5
RAW,PTL,C->R,0
RAW,PTL,R->L,0
RAW,PTL,R->C,0
RAW,PTL,R->R,0
RAW,PTL,L->L,0.66666666666666663
RAW,PTL,L->C,0
RAW,PTL,L->R,0.33333333333333331
RAW,PTL,C->L,0.1111111111111111
RAW,PTL,C->C,0.88888888888888884
RAW,PTL,C->R,0
RAW,PTL,R->L,0
RAW,PTL,R->C,0.33333333333333331
RAW,PTL,R->R,0.66666666666666663
RAW,PTL,L->L,1
RAW,PTL,L->C,0
RAW,PTL,L->R,0
RAW,PTL,C->L,0.1111111111111111
RAW,PTL,C->C,0.88888888888888884
RAW,PTL,C->R,0
RAW,PTL,R->L,0
RAW,PTL,R->C,0
RAW,PTL,R->R,0
RAW,PTL,L->L,0.5
RAW,PTL,L->C,0.5
RAW,PTL,L->R,0
RAW,PTL,C->L,0.10000000000000001
RAW,PTL,C->C,0.90000000000000002
RAW,PTL,C->R,0
RAW,PTL,R->L,0
RAW,PTL,R->C,0
RAW,PTL,R->R,0
RAW,PTL,L->L,0
RAW,PTL,L->C,0
RAW,PTL,L->R,0
RAW,PTL,C->L,0
RAW,PTL,C->C,1
RAW,PTL,C->R,0
RAW,PTL,R->L,0
RAW,PTL,R->C,0
RAW,PTL,R->R,0
RAW,PTL,L->L,0
RAW,PTL,L->C,0
RAW,PTL,L->R,0
RAW,PTL,C->L,0
RAW,PTL,C->C,1
RAW,PTL,C->R,0
RAW,PTL,R->L,0
RAW,PTL,R->C,0
RAW,PTL,R->R,0
RAW,PTL,L->L,0
RAW,PTL,L->C,0
RAW,PTL,L->R,0
RAW,PTL,C->L,0
RAW,PTL,C->C,1
RAW,PTL,C->R,0
RAW,PTL,R->L,0
RAW,PTL,R->C,0
RAW,PTL,R->R,0
RAW,PTL,L->L,1
RAW,PTL,L->C,0
RAW,PTL,L->R,0
RAW,PTL,C->L,0.0769230769230769
RAW,PTL,C->C,0.84615384615384615
RAW,PTL,C->R,0.0769230769230769
RAW,PTL,R->L,0
RAW,PTL,R->C,0.33333333333333331
RAW,PTL,R->R,0.66666666666666663
RAW,PTL,L->L,0
RAW,PTL,L->C,1
RAW,PTL,L->R,0
RAW,PTL,C->L,0.086956521739130405
RAW,PTL,C->C,0.91304347826086962
RAW,PTL,C->R,0
RAW,PTL,R->L,0
RAW,PTL,R->C,0
RAW,PTL,R->R,0
RAW,PTL,L->L,0
RAW,PTL,L->C,1
RAW,PTL,L->R,0
RAW,PTL,C->L,0.0120481927710843
RAW,PTL,C->C,0.90361445783132521
RAW,PTL,C->R,0.0843373493975903
RAW,PTL,R->L,0
RAW,PTL,R->C,0.80000000000000004
RAW,PTL,R->R,0.20000000000000001
RAW,PTL,L->L,0
RAW,PTL,L->C,1
RAW,PTL,L->R,0
RAW,PTL,C->L,0.0769230769230769
RAW,PTL,C->C,0.92307692307692324
RAW,PTL,C->R,0
RAW,PTL,R->L,0
RAW,PTL,R->C,0
RAW,PTL,R->R,0
RAW,PTL,L->L,0
RAW,PTL,L->C,1
RAW,PTL,L->R,0
RAW,PTL,C->L,0.09375
RAW,PTL,C->C,0.75
RAW,PTL,C->R,0.15625
RAW,PTL,R->L,0
RAW,PTL,R->C,0.625
RAW,PTL,R->R,0.375
RAW,PTL,L->L,0
RAW,PTL,L->C,0
RAW,PTL,L->R,0
RAW,PTL,C->L,0
RAW,PTL,C->C,1
RAW,PTL,C->R,0
RAW,PTL,R->L,0
RAW,PTL,R->C,0
RAW,PTL,R->R,0
RAW,PTL,L->L,0.5
RAW,PTL,L->C,0.5
RAW,PTL,L->R,0
RAW,PTL,C->L,0.1666666666666666
RAW,PTL,C->C,0.83333333333333337
RAW,PTL,C->R,0
RAW,PTL,R->L,0
RAW,PTL,R->C,0
RAW,PTL,R->R,0
RAW,PTL,L->L,0.5
RAW,PTL,L->C,0.5
RAW,PTL,L->R,0
RAW,PTL,C->L,0.10526315789473679
RAW,PTL,C->C,0.89473684210526316
RAW,PTL,C->R,0
RAW,PTL,R->L,0
RAW,PTL,R->C,0
RAW,PTL,R->R,0
RAW,PTL,L->L,0.75
RAW,PTL,L->C,0.25
RAW,PTL,L->R,0
RAW,PTL,C->L,0.071428571428571397
RAW,PTL,C->C,0.9285714285714286
RAW,PTL,C->R,0
RAW,PTL,R->L,0
RAW,PTL,R->C,0
RAW,PTL,R->R,0
RAW,PTL,L->L,0.5
RAW,PTL,L->C,0.5
RAW,PTL,L->R,0
RAW,PTL,C->L,0.090909090909090898
RAW,PTL,C->C,0.90909090909090917
RAW,PTL,C->R,0
RAW,PTL,R->L,0
RAW,PTL,R->C,0
RAW,PTL,R->R,0
RAW,PTL,L->L,1
RAW,PTL,L->C,0
RAW,PTL,L->R,0
RAW,PTL,C->L,0.10000000000000001
RAW,PTL,C->C,0.90000000000000002
RAW,PTL,C->R,0
RAW,PTL,R->L,0
RAW,PTL,R->C,0
RAW,PTL,R->R,0
RAW,PTL,L->L,0.83333333333333337
RAW,PTL,L->C,0.1666666666666666
RAW,PTL,L->R,0
RAW,PTL,C->L,0.10000000000000001
RAW,PTL,C->C,0.90000000000000002
RAW,PTL,C->R,0
RAW,PTL,R->L,0
RAW,PTL,R->C,0
RAW,PTL,R->R,0
RAW,PTL,L->L,0
RAW,PTL,L->C,0
RAW,PTL,L->R,0
RAW,PTL,C->L,0
RAW,PTL,C->C,1
RAW,PTL,C->R,0
RAW,PTL,R->L,0
RAW,PTL,R->C,0
RAW,PTL,R->R,0
RAW,PTL,L->L,0.59999999999999998
RAW,PTL,L->C,0.40000000000000002
RAW,PTL,L->R,0
RAW,PTL,C->L,0.071428571428571397
RAW,PTL,C->C,0.86904761904761907
RAW,PTL,C->R,0.0595238095238095
RAW,PTL,R->L,0
RAW,PTL,R->C,0.5
RAW,PTL,R->R,0.5
RAW,PTL,L->L,0
RAW,PTL,L->C,0
RAW,PTL,L->R,0
RAW,PTL,C->L,0
RAW,PTL,C->C,1
RAW,PTL,C->R,0
RAW,PTL,R->L,0
RAW,PTL,R->C,0
RAW,PTL,R->R,0
RAW,PTL,L->L,0
RAW,PTL,L->C,1
RAW,PTL,L->R,0
RAW,PTL,C->L,0.090909090909090898
RAW,PTL,C->C,0.90909090909090917
RAW,PTL,C->R,0
RAW,PTL,R->L,0
RAW,PTL,R->C,0
RAW,PTL,R->R,0
RAW,PTL,L->L,0.72727272727272729
RAW,PTL,L->C,0.27272727272727271
RAW,PTL,L->R,0
RAW,PTL,C->L,0.0769230769230769
RAW,PTL,C->C,0.73076923076923073
RAW,PTL,C->R,0.19230769230769229
RAW,PTL,R->L,0.33333333333333331
RAW,PTL,R->C,0.22222222222222221
RAW,PTL,R->R,0.44444444444444442
RAW,PTL,L->L,0
RAW,PTL,L->C,0
RAW,PTL,L->R,0
RAW,PTL,C->L,0
RAW,PTL,C->C,1
RAW,PTL,C->R,0
RAW,PTL,R->L,0
RAW,PTL,R->C,0
RAW,PTL,R->R,0
RAW,PTL,L->L,0
RAW,PTL,L->C,0
RAW,PTL,L->R,0
RAW,PTL,C->L,0
RAW,PTL,C->C,0.88888888888888884
RAW,PTL,C->R,0.1111111111111111
RAW,PTL,R->L,0
RAW,PTL,R->C,0
RAW,PTL,R->R,1
RAW,PTL,L->L,0
RAW,PTL,L->C,0
RAW,PTL,L->R,0
RAW,PTL,C->L,0
RAW,PTL,C->C,1
RAW,PTL,C->R,0
RAW,PTL,R->L,0
RAW,PTL,R->C,0
RAW,PTL,R->R,0
RAW,PTL,L->L,0.83333333333333337
RAW,PTL,L->C,0.1666666666666666
RAW,PTL,L->R,0
RAW,PTL,C->L,0.1538461538461538
RAW,PTL,C->C,0.84615384615384615
RAW,PTL,C->R,0
RAW,PTL,R->L,0
RAW,PTL,R->C,0
RAW,PTL,R->R,0
RAW,PTL,L->L,0.5714285714285714
RAW,PTL,L->C,0.2857142857142857
RAW,PTL,L->R,0.14285714285714279
RAW,PTL,C->L,0.30769230769230771
RAW,PTL,C->C,0.69230769230769229
RAW,PTL,C->R,0
RAW,PTL,R->L,0
RAW,PTL,R->C,1
RAW,PTL,R->R,0
RAW,PTL,L->L,0.5
RAW,PTL,L->C,0.5
RAW,PTL,L->R,0
RAW,PTL,C->L,0.1666666666666666
RAW,PTL,C->C,0.5
RAW,PTL,C->R,0.33333333333333331
RAW,PTL,R->L,0
RAW,PTL,R->C,0.5
RAW,PTL,R->R,0.5
RAW,PTL,L->L,0
RAW,PTL,L->C,1
RAW,PTL,L->R,0
RAW,PTL,C->L,0.083333333333333301
RAW,PTL,C->C,0.91666666666666663
RAW,PTL,C->R,0
RAW,PTL,R->L,0
RAW,PTL,R->C,0
RAW,PTL,R->R,0
RAW,PTL,L->L,0
RAW,PTL,L->C,0
RAW,PTL,L->R,0
RAW,PTL,C->L,0
RAW,PTL,C->C,1
RAW,PTL,C->R,0
RAW,PTL,R->L,0
RAW,PTL,R->C,0
RAW,PTL,R->R,0
RAW,PTL,L->L,0
RAW,PTL,L->C,0
RAW,PTL,L->R,0
RAW,PTL,C->L,0
RAW,PTL,C->C,1
RAW,PTL,C->R,0
RAW,PTL,R->L,0
RAW,PTL,R->C,0
RAW,PTL,R->R,0
RAW,PTL,L->L,0.5
RAW,PTL,L->C,0.5
RAW,PTL,L->R,0
RAW,PTL,C->L,0
RAW,PTL,C->C,1
RAW,PTL,C->R,0
RAW,PTL,R->L,0
RAW,PTL,R->C,0
RAW,PTL,R->R,0
RAW,PTL,L->L,0.75
RAW,PTL,L->C,0.25
RAW,PTL,L->R,0
RAW,PTL,C->L,0.5
RAW,PTL,C->C,0.5
RAW,PTL,C->R,0
RAW,PTL,R->L,0
RAW,PTL,R->C,0
RAW,PTL,R->R,0
RAW,PTL,L->L,0
RAW,PTL,L->C,0
RAW,PTL,L->R,0
RAW,PTL,C->L,0
RAW,PTL,C->C,0.94444444444444442
RAW,PTL,C->R,0.055555555555555497
RAW,PTL,R->L,0
RAW,PTL,R->C,1
RAW,PTL,R->R,0
RAW,PTL,L->L,0
RAW,PTL,L->C,0
RAW,PTL,L->R,0
RAW,PTL,C->L,0
RAW,PTL,C->C,1
RAW,PTL,C->R,0
RAW,PTL,R->L,0
RAW,PTL,R->C,0
RAW,PTL,R->R,0
RAW,PTL,L->L,0.5
RAW,PTL,L->C,0.5
RAW,PTL,L->R,0
RAW,PTL,C->L,0.125
RAW,PTL,C->C,0.875
RAW,PTL,C->R,0
RAW,PTL,R->L,0
RAW,PTL,R->C,0
RAW,PTL,R->R,0
RAW,PTL,L->L,0
RAW,PTL,L->C,0
RAW,PTL,L->R,0
RAW,PTL,C->L,0
RAW,PTL,C->C,1
RAW,PTL,C->R,0
RAW,PTL,R->L,0
RAW,PTL,R->C,0
RAW,PTL,R->R,0
RAW,PTL,L->L,0
RAW,PTL,L->C,1
RAW,PTL,L->R,0
RAW,PTL,C->L,0.2857142857142857
RAW,PTL,C->C,0.7142857142857143
RAW,PTL,C->R,0
RAW,PTL,R->L,0
RAW,PTL,R->C,0
RAW,PTL,R->R,0
RAW,PTL,L->L,0
RAW,PTL,L->C,0
RAW,PTL,L->R,0
RAW,PTL,C->L,0
RAW,PTL,C->C,1
RAW,PTL,C->R,0
RAW,PTL,R->L,0
RAW,PTL,R->C,0
RAW,PTL,R->R,0
RAW,PTL,L->L,0.77777777777777779
RAW,PTL,L->C,0.22222222222222221
RAW,PTL,L->R,0
RAW,PTL,C->L,0.59999999999999998
RAW,PTL,C->C,0.40000000000000002
RAW,PTL,C->R,0
RAW,PTL,R->L,0
RAW,PTL,R->C,0
RAW,PTL,R->R,0
RAW,PTL,L->L,0.7142857142857143
RAW,PTL,L->C,0.2857142857142857
RAW,PTL,L->R,0
RAW,PTL,C->L,0.1538461538461538
RAW,PTL,C->C,0.84615384615384615
RAW,PTL,C->R,0
RAW,PTL,R->L,0
RAW,PTL,R->C,0
RAW,PTL,R->R,0
RAW,PTL,L->L,0.90000000000000002
RAW,PTL,L->C,0.10000000000000001
RAW,PTL,L->R,0
RAW,PTL,C->L,0.14285714285714279
RAW,PTL,C->C,0.8571428571428571
RAW,PTL,C->R,0
RAW,PTL,R->L,0
RAW,PTL,R->C,0
RAW,PTL,R->R,0
RAW,PTL,L->L,1
RAW,PTL,L->C,0
RAW,PTL,L->R,0
RAW,PTL,C->L,0.125
RAW,PTL,C->C,0.875
RAW,PTL,C->R,0
RAW,PTL,R->L,0
RAW,PTL,R->C,0
RAW,PTL,R->R,0
RAW,PTL,L->L,0.5
RAW,PTL,L->C,0.5
RAW,PTL,L->R,0
RAW,PTL,C->L,0.25
RAW,PTL,C->C,0.75
RAW,PTL,C->R,0
RAW,PTL,R->L,0
RAW,PTL,R->C,0
RAW,PTL,R->R,0
RAW,PTL,L->L,0
RAW,PTL,L->C,0
RAW,PTL,L->R,0
RAW,PTL,C->L,0
RAW,PTL,C->C,1
RAW,PTL,C->R,0
RAW,PTL,R->L,0
RAW,PTL,R->C,0
RAW,PTL,R->R,0
RAW,PTL,L->L,0
RAW,PTL,L->C,0
RAW,PTL,L->R,0
RAW,PTL,C->L,0
RAW,PTL,C->C,1
RAW,PTL,C->R,0
RAW,PTL,R->L,0
RAW,PTL,R->C,0
RAW,PTL,R->R,0
RAW,PTL,L->L,0
RAW,PTL,L->C,1
RAW,PTL,L->R,0
RAW,PTL,C->L,0.0769230769230769
RAW,PTL,C->C,0.92307692307692324
RAW,PTL,C->R,0
RAW,PTL,R->L,0
RAW,PTL,R->C,0
RAW,PTL,R->R,0
RAW,PTL,L->L,0
RAW,PTL,L->C,0
RAW,PTL,L->R,0
RAW,PTL,C->L,0.066666666666666596
RAW,PTL,C->C,0.93333333333333324
RAW,PTL,C->R,0
RAW,PTL,R->L,0
RAW,PTL,R->C,0
RAW,PTL,R->R,0
RAW,PTL,L->L,0.5
RAW,PTL,L->C,0.5
RAW,PTL,L->R,0
RAW,PTL,C->L,0.10000000000000001
RAW,PTL,C->C,0.80000000000000004
RAW,PTL,C->R,0.10000000000000001
RAW,PTL,R->L,0.5
RAW,PTL,R->C,0
RAW,PTL,R->R,0.5
RAW,PTL,L->L,0.5
RAW,PTL,L->C,0.5
RAW,PTL,L->R,0
RAW,PTL,C->L,0
RAW,PTL,C->C,0.9375
RAW,PTL,C->R,0.0625
RAW,PTL,R->L,0.33333333333333331
RAW,PTL,R->C,0
RAW,PTL,R->R,0.66666666666666663
RAW,PTL,L->L,0
RAW,PTL,L->C,0
RAW,PTL,L->R,0
RAW,PTL,C->L,0
RAW,PTL,C->C,1
RAW,PTL,C->R,0
RAW,PTL,R->L,0
RAW,PTL,R->C,0
RAW,PTL,R->R,0
RAW,PTL,L->L,0
RAW,PTL,L->C,0
RAW,PTL,L->R,0
RAW,PTL,C->L,0
RAW,PTL,C->C,0.59999999999999998
RAW,PTL,C->R,0.40000000000000002
RAW,PTL,R->L,0
RAW,PTL,R->C,1
RAW,PTL,R->R,0
RAW,PTL,L->L,0.625
RAW,PTL,L->C,0.375
RAW,PTL,L->R,0
RAW,PTL,C->L,0.065217391304347797
RAW,PTL,C->C,0.93478260869565222
RAW,PTL,C->R,0
RAW,PTL,R->L,0
RAW,PTL,R->C,0
RAW,PTL,R->R,0
RAW,PTL,L->L,0.80000000000000004
RAW,PTL,L->C,0.20000000000000001
RAW,PTL,L->R,0
RAW,PTL,C->L,0.027027027027027001
RAW,PTL,C->C,0.95945945945945943
RAW,PTL,C->R,0.0135135135135135
RAW,PTL,R->L,0
RAW,PTL,R->C,1
RAW,PTL,R->R,0
RAW,PTL,L->L,0
RAW,PTL,L->C,1
RAW,PTL,L->R,0
RAW,PTL,C->L,0.043478260869565202
RAW,PTL,C->C,0.95652173913043481
RAW,PTL,C->R,0
RAW,PTL,R->L,0
RAW,PTL,R->C,0
RAW,PTL,R->R,0
RAW,PTL,L->L,0.33333333333333331
RAW,PTL,L->C,0.66666666666666663
RAW,PTL,L->R,0
RAW,PTL,C->L,0.1818181818181818
RAW,PTL,C->C,0.81818181818181823
RAW,PTL,C->R,0
RAW,PTL,R->L,0
RAW,PTL,R->C,0
RAW,PTL,R->R,0
RAW,PTL,L->L,0.66666666666666663
RAW,PTL,L->C,0.33333333333333331
RAW,PTL,L->R,0
RAW,PTL,C->L,0.057142857142857099
RAW,PTL,C->C,0.94285714285714284
RAW,PTL,C->R,0
RAW,PTL,R->L,0
RAW,PTL,R->C,0
RAW,PTL,R->R,0
RAW,PTL,L->L,0.33333333333333331
RAW,PTL,L->C,0.66666666666666663
RAW,PTL,L->R,0
RAW,PTL,C->L,0.1666666666666666
RAW,PTL,C->C,0.83333333333333337
RAW,PTL,C->R,0
RAW,PTL,R->L,0
RAW,PTL,R->C,0
RAW,PTL,R->R,0
RAW,PTL,L->L,1
RAW,PTL,L->C,0
RAW,PTL,L->R,0
RAW,PTL,C->L,0.071428571428571397
RAW,PTL,C->C,0.9285714285714286
RAW,PTL,C->R,0
RAW,PTL,R->L,0
RAW,PTL,R->C,0
RAW,PTL,R->R,0
RAW,PTL,L->L,0
RAW,PTL,L->C,0
RAW,PTL,L->R,0
RAW,PTL,C->L,0
RAW,PTL,C->C,1
RAW,PTL,C->R,0
RAW,PTL,R->L,0
RAW,PTL,R->C,0
RAW,PTL,R->R,0
RAW,PTL,L->L,1
RAW,PTL,L->C,0
RAW,PTL,L->R,0
RAW,PTL,C->L,0.0625
RAW,PTL,C->C,0.9375
RAW,PTL,C->R,0
RAW,PTL,R->L,0
RAW,PTL,R->C,0
RAW,PTL,R->R,0
RAW,PTL,L->L,0
RAW,PTL,L->C,0
RAW,PTL,L->R,0
RAW,PTL,C->L,0
RAW,PTL,C->C,1
RAW,PTL,C->R,0
RAW,PTL,R->L,0
RAW,PTL,R->C,0
RAW,PTL,R->R,0
RAW,PTL,L->L,0.63157894736842102
RAW,PTL,L->C,0.36842105263157893
RAW,PTL,L->R,0
RAW,PTL,C->L,0.2580645161290322
RAW,PTL,C->C,0.74193548387096775
RAW,PTL,C->R,0
RAW,PTL,R->L,0
RAW,PTL,R->C,0
RAW,PTL,R->R,0
RAW,PTL,L->L,0.5
RAW,PTL,L->C,0.5
RAW,PTL,L->R,0
RAW,PTL,C->L,0.090909090909090898
RAW,PTL,C->C,0.90909090909090917
RAW,PTL,C->R,0
RAW,PTL,R->L,0
RAW,PTL,R->C,0
RAW,PTL,R->R,0
RAW,PTL,L->L,0
RAW,PTL,L->C,0
RAW,PTL,L->R,0
RAW,PTL,C->L,0.041666666666666602
RAW,PTL,C->C,0.95833333333333337
RAW,PTL,C->R,0
RAW,PTL,R->L,0
RAW,PTL,R->C,0
RAW,PTL,R->R,0
RAW,PTL,L->L,0.33333333333333331
RAW,PTL,L->C,0.66666666666666663
RAW,PTL,L->R,0
RAW,PTL,C->L,0.0816326530612244
RAW,PTL,C->C,0.87755102040816324
RAW,PTL,C->R,0.0408163265306122
RAW,PTL,R->L,0
RAW,PTL,R->C,0.66666666666666663
RAW,PTL,R->R,0.33333333333333331
RAW,PTL,L->L,0.75
RAW,PTL,L->C,0.25
RAW,PTL,L->R,0
RAW,PTL,C->L,0.1666666666666666
RAW,PTL,C->C,0.83333333333333337
RAW,PTL,C->R,0
RAW,PTL,R->L,0
RAW,PTL,R->C,0
RAW,PTL,R->R,0
RAW,PTL,L->L,0.5
RAW,PTL,L->C,0.25
RAW,PTL,L->R,0.25
RAW,PTL,C->L,0.22222222222222221
RAW,PTL,C->C,0.66666666666666663
RAW,PTL,C->R,0.1111111111111111
RAW,PTL,R->L,0
RAW,PTL,R->C,0.5
RAW,PTL,R->R,0.5
RAW,PTL,L->L,0.5
RAW,PTL,L->C,0.5
RAW,PTL,L->R,0
RAW,PTL,C->L,0.36363636363636359
RAW,PTL,C->C,0.54545454545454541
RAW,PTL,C->R,0.090909090909090898
RAW,PTL,R->L,0
RAW,PTL,R->C,0.33333333333333331
RAW,PTL,R->R,0.66666666666666663
RAW,PTL,L->L,0
RAW,PTL,L->C,0
RAW,PTL,L->R,0
RAW,PTL,C->L,0.10000000000000001
RAW,PTL,C->C,0.69999999999999996
RAW,PTL,C->R,0.20000000000000001
RAW,PTL,R->L,0
RAW,PTL,R->C,0.5
RAW,PTL,R->R,0.5
RAW,PTL,L->L,0.33333333333333331
RAW,PTL,L->C,0.66666666666666663
RAW,PTL,L->R,0
RAW,PTL,C->L,0.14285714285714279
RAW,PTL,C->C,0.8571428571428571
RAW,PTL,C->R,0
RAW,PTL,R->L,0
RAW,PTL,R->C,0
RAW,PTL,R->R,0
RAW,PTL,L->L,1
RAW,PTL,L->C,0
RAW,PTL,L->R,0
RAW,PTL,C->L,0.1111111111111111
RAW,PTL,C->C,0.88888888888888884
RAW,PTL,C->R,0
RAW,PTL,R->L,0
RAW,PTL,R->C,0
RAW,PTL,R->R,0
RAW,PTL,L->L,0
RAW,PTL,L->C,0
RAW,PTL,L->R,0
RAW,PTL,C->L,0.083333333333333301
RAW,PTL,C->C,0.91666666666666663
RAW,PTL,C->R,0
RAW,PTL,R->L,0
RAW,PTL,R->C,0
RAW,PTL,R->R,0
RAW,PTL,L->L,0.66666666666666663
RAW,PTL,L->C,0.33333333333333331
RAW,PTL,L->R,0
RAW,PTL,C->L,0.058823529411764698
RAW,PTL,C->C,0.91176470588235281
RAW,PTL,C->R,0.0294117647058823
RAW,PTL,R->L,0
RAW,PTL,R->C,0.33333333333333331
RAW,PTL,R->R,0.66666666666666663
RAW,PTL,L->L,0.5
RAW,PTL,L->C,0.5
RAW,PTL,L->R,0
RAW,PTL,C->L,0.064102564102564097
RAW,PTL,C->C,0.84615384615384615
RAW,PTL,C->R,0.089743589743589702
RAW,PTL,R->L,0
RAW,PTL,R->C,0.5714285714285714
RAW,PTL,R->R,0.42857142857142849
RAW,PTL,L->L,0
RAW,PTL,L->C,1
RAW,PTL,L->R,0
RAW,PTL,C->L,0.055555555555555497
RAW,PTL,C->C,0.94444444444444442
RAW,PTL,C->R,0
RAW,PTL,R->L,0
RAW,PTL,R->C,0
RAW,PTL,R->R,0
RAW,PTL,L->L,0
RAW,PTL,L->C,1
RAW,PTL,L->R,0
RAW,PTL,C->L,0.0769230769230769
RAW,PTL,C->C,0.92307692307692324
RAW,PTL,C->R,0
RAW,PTL,R->L,0
RAW,PTL,R->C,0
RAW,PTL,R->R,0
RAW,PTL,L->L,0.61111111111111116
RAW,PTL,L->C,0.33333333333333331
RAW,PTL,L->R,0.055555555555555497
RAW,PTL,C->L,0.25
RAW,PTL,C->C,0.6785714285714286
RAW,PTL,C->R,0.071428571428571397
RAW,PTL,R->L,0.125
RAW,PTL,R->C,0.25
RAW,PTL,R->R,0.625
RAW,PTL,L->L,0.33333333333333331
RAW,PTL,L->C,0.33333333333333331
RAW,PTL,L->R,0.33333333333333331
RAW,PTL,C->L,0.14285714285714279
RAW,PTL,C->C,0.8571428571428571
RAW,PTL,C->R,0
RAW,PTL,R->L,0
RAW,PTL,R->C,0
RAW,PTL,R->R,0
RAW,PTL,L->L,0.75
RAW,PTL,L->C,0.25
RAW,PTL,L->R,0
RAW,PTL,C->L,0.10000000000000001
RAW,PTL,C->C,0.59999999999999998
RAW,PTL,C->R,0.29999999999999999
RAW,PTL,R->L,0.20000000000000001
RAW,PTL,R->C,0.40000000000000002
RAW,PTL,R->R,0.40000000000000002
RAW,PTL,L->L,0.80000000000000004
RAW,PTL,L->C,0.10000000000000001
RAW,PTL,L->R,0.10000000000000001
RAW,PTL,C->L,0.10000000000000001
RAW,PTL,C->C,0.69999999999999996
RAW,PTL,C->R,0.20000000000000001
RAW,PTL,R->L,0.5
RAW,PTL,R->C,0.25
RAW,PTL,R->R,0.25
RAW,PTL,L->L,0.625
RAW,PTL,L->C,0.25
RAW,PTL,L->R,0.125
RAW,PTL,C->L,0.2307692307692307
RAW,PTL,C->C,0.76923076923076927
RAW,PTL,C->R,0
RAW,PTL,R->L,0
RAW,PTL,R->C,0
RAW,PTL,R->R,0
RAW,PTL,L->L,0
RAW,PTL,L->C,0
RAW,PTL,L->R,0
RAW,PTL,C->L,0
RAW,PTL,C->C,1
RAW,PTL,C->R,0
RAW,PTL,R->L,0
RAW,PTL,R->C,0
RAW,PTL,R->R,0
RAW,PTL,L->L,0.82857142857142863
RAW,PTL,L->C,0.1714285714285714
RAW,PTL,L->R,0
RAW,PTL,C->L,0.2608695652173913
RAW,PTL,C->C,0.65217391304347827
RAW,PTL,C->R,0.086956521739130405
RAW,PTL,R->L,0.14285714285714279
RAW,PTL,R->C,0.14285714285714279
RAW,PTL,R->R,0.7142857142857143
RAW,PTL,L->L,1
RAW,PTL,L->C,0
RAW,PTL,L->R,0
RAW,PTL,C->L,0.041666666666666602
RAW,PTL,C->C,0.95833333333333337
RAW,PTL,C->R,0
RAW,PTL,R->L,0
RAW,PTL,R->C,0
RAW,PTL,R->R,0
RAW,PTL,L->L,0.36363636363636359
RAW,PTL,L->C,0.63636363636363635
RAW,PTL,L->R,0
RAW,PTL,C->L,0.14893617021276589
RAW,PTL,C->C,0.85106382978723405
RAW,PTL,C->R,0
RAW,PTL,R->L,0
RAW,PTL,R->C,0
RAW,PTL,R->R,0
RAW,PTL,L->L,0.5
RAW,PTL,L->C,0.5
RAW,PTL,L->R,0
RAW,PTL,C->L,0.02
RAW,PTL,C->C,0.97333333333333338
RAW,PTL,C->R,0.0066666666666666003
RAW,PTL,R->L,0.5
RAW,PTL,R->C,0
RAW,PTL,R->R,0.5
RAW,PTL,L->L,0.91666666666666663
RAW,PTL,L->C,0
RAW,PTL,L->R,0.083333333333333301
RAW,PTL,C->L,0.14285714285714279
RAW,PTL,C->C,0.8571428571428571
RAW,PTL,C->R,0
RAW,PTL,R->L,1
RAW,PTL,R->C,0
RAW,PTL,R->R,0
RAW,PTL,L->L,0.7142857142857143
RAW,PTL,L->C,0.14285714285714279
RAW,PTL,L->R,0.14285714285714279
RAW,PTL,C->L,0.22222222222222221
RAW,PTL,C->C,0.77777777777777779
RAW,PTL,C->R,0
RAW,PTL,R->L,0
RAW,PTL,R->C,0
RAW,PTL,R->R,1
RAW,PTL,L->L,0
RAW,PTL,L->C,0
RAW,PTL,L->R,0
RAW,PTL,C->L,0
RAW,PTL,C->C,1
RAW,PTL,C->R,0
RAW,PTL,R->L,0
RAW,PTL,R->C,0
RAW,PTL,R->R,0
RAW,PTL,L->L,0.625
RAW,PTL,L->C,0.375
RAW,PTL,L->R,0
RAW,PTL,C->L,0.080000000000000002
RAW,PTL,C->C,0.90000000000000002
RAW,PTL,C->R,0.02
RAW,PTL,R->L,0
RAW,PTL,R->C,1
RAW,PTL,R->R,0
RAW,PTL,L->L,0.5
RAW,PTL,L->C,0.5
RAW,PTL,L->R,0
RAW,PTL,C->L,0.1111111111111111
RAW,PTL,C->C,0.88888888888888884
RAW,PTL,C->R,0
RAW,PTL,R->L,0
RAW,PTL,R->C,0
RAW,PTL,R->R,0
RAW,PTL,L->L,0.5
RAW,PTL,L->C,0.5
RAW,PTL,L->R,0
RAW,PTL,C->L,0.038461538461538401
RAW,PTL,C->C,0.9423076923076924
RAW,PTL,C->R,0.019230769230769201
RAW,PTL,R->L,0
RAW,PTL,R->C,1
RAW,PTL,R->R,0
RAW,PTL,L->L,0.69999999999999996
RAW,PTL,L->C,0.29999999999999999
RAW,PTL,L->R,0
RAW,PTL,C->L,0.033057851239669402
RAW,PTL,C->C,0.94214876033057837
RAW,PTL,C->R,0.024793388429752001
RAW,PTL,R->L,0
RAW,PTL,R->C,0.59999999999999998
RAW,PTL,R->R,0.40000000000000002
HUD,PTL,L->L,0
HUD,PTL,L->C,0
HUD,PTL,L->R,0
HUD,PTL,C->L,0.083333333333333301
HUD,PTL,C->C,0.91666666666666663
HUD,PTL,C->R,0
HUD,PTL,R->L,0
HUD,PTL,R->C,0
HUD,PTL,R->R,0
HUD,PTL,L->L,0
HUD,PTL,L->C,1
HUD,PTL,L->R,0
HUD,PTL,C->L,0.20000000000000001
HUD,PTL,C->C,0.80000000000000004
HUD,PTL,C->R,0
HUD,PTL,R->L,0
HUD,PTL,R->C,0
HUD,PTL,R->R,0
HUD,PTL,L->L,0.5
HUD,PTL,L->C,0.5
HUD,PTL,L->R,0
HUD,PTL,C->L,0.10000000000000001
HUD,PTL,C->C,0.80000000000000004
HUD,PTL,C->R,0.10000000000000001
HUD,PTL,R->L,0
HUD,PTL,R->C,0
HUD,PTL,R->R,0
HUD,PTL,L->L,0.66666666666666663
HUD,PTL,L->C,0.33333333333333331
HUD,PTL,L->R,0
HUD,PTL,C->L,0
HUD,PTL,C->C,0.7142857142857143
HUD,PTL,C->R,0.2857142857142857
HUD,PTL,R->L,0.40000000000000002
HUD,PTL,R->C,0
HUD,PTL,R->R,0.59999999999999998
HUD,PTL,L->L,0
HUD,PTL,L->C,1
HUD,PTL,L->R,0
HUD,PTL,C->L,0.1666666666666666
HUD,PTL,C->C,0.66666666666666663
HUD,PTL,C->R,0.1666666666666666
HUD,PTL,R->L,0
HUD,PTL,R->C,0
HUD,PTL,R->R,0
HUD,PTL,L->L,0.33333333333333331
HUD,PTL,L->C,0.66666666666666663
HUD,PTL,L->R,0
HUD,PTL,C->L,0.1111111111111111
HUD,PTL,C->C,0.55555555555555558
HUD,PTL,C->R,0.33333333333333331
HUD,PTL,R->L,0.20000000000000001
HUD,PTL,R->C,0.40000000000000002
HUD,PTL,R->R,0.40000000000000002
HUD,PTL,L->L,0.5
HUD,PTL,L->C,0.5
HUD,PTL,L->R,0
HUD,PTL,C->L,0.20000000000000001
HUD,PTL,C->C,0.80000000000000004
HUD,PTL,C->R,0
HUD,PTL,R->L,0
HUD,PTL,R->C,0
HUD,PTL,R->R,0
HUD,PTL,L->L,0.59999999999999998
HUD,PTL,L->C,0.29999999999999999
HUD,PTL,L->R,0.10000000000000001
HUD,PTL,C->L,0.086956521739130405
HUD,PTL,C->C,0.86956521739130432
HUD,PTL,C->R,0.043478260869565202
HUD,PTL,R->L,0
HUD,PTL,R->C,0.59999999999999998
HUD,PTL,R->R,0.40000000000000002
HUD,PTL,L->L,0.80769230769230771
HUD,PTL,L->C,0.19230769230769229
HUD,PTL,L->R,0
HUD,PTL,C->L,0.080000000000000002
HUD,PTL,C->C,0.76000000000000001
HUD,PTL,C->R,0.16
HUD,PTL,R->L,0
HUD,PTL,R->C,0.38709677419354838
HUD,PTL,R->R,0.61290322580645162
HUD,PTL,L->L,0.5
HUD,PTL,L->C,0.5
HUD,PTL,L->R,0
HUD,PTL,C->L,0.037037037037037
HUD,PTL,C->C,0.92592592592592604
HUD,PTL,C->R,0.037037037037037
HUD,PTL,R->L,0
HUD,PTL,R->C,0.5
HUD,PTL,R->R,0.5
HUD,PTL,L->L,0.66666666666666663
HUD,PTL,L->C,0.1666666666666666
HUD,PTL,L->R,0.1666666666666666
HUD,PTL,C->L,0.1538461538461538
HUD,PTL,C->C,0.84615384615384615
HUD,PTL,C->R,0
HUD,PTL,R->L,0
HUD,PTL,R->C,1
HUD,PTL,R->R,0
HUD,PTL,L->L,0.84375
HUD,PTL,L->C,0.125
HUD,PTL,L->R,0.03125
HUD,PTL,C->L,0.125
HUD,PTL,C->C,0.75
HUD,PTL,C->R,0.125
HUD,PTL,R->L,0.22222222222222221
HUD,PTL,R->C,0.33333333333333331
HUD,PTL,R->R,0.44444444444444442
HUD,PTL,L->L,0.40000000000000002
HUD,PTL,L->C,0.40000000000000002
HUD,PTL,L->R,0.20000000000000001
HUD,PTL,C->L,0.125
HUD,PTL,C->C,0.5
HUD,PTL,C->R,0.375
HUD,PTL,R->L,0.42857142857142849
HUD,PTL,R->C,0.14285714285714279
HUD,PTL,R->R,0.42857142857142849
HUD,PTL,L->L,0.66666666666666663
HUD,PTL,L->C,0.33333333333333331
HUD,PTL,L->R,0
HUD,PTL,C->L,0.10000000000000001
HUD,PTL,C->C,0.80000000000000004
HUD,PTL,C->R,0.10000000000000001
HUD,PTL,R->L,0
HUD,PTL,R->C,0
HUD,PTL,R->R,1
HUD,PTL,L->L,0.81818181818181823
HUD,PTL,L->C,0.1818181818181818
HUD,PTL,L->R,0
HUD,PTL,C->L,0.22222222222222221
HUD,PTL,C->C,0.66666666666666663
HUD,PTL,C->R,0.1111111111111111
HUD,PTL,R->L,1
HUD,PTL,R->C,0
HUD,PTL,R->R,0
HUD,PTL,L->L,0.8571428571428571
HUD,PTL,L->C,0.14285714285714279
HUD,PTL,L->R,0
HUD,PTL,C->L,0.1111111111111111
HUD,PTL,C->C,0.77777777777777779
HUD,PTL,C->R,0.1111111111111111
HUD,PTL,R->L,0.20000000000000001
HUD,PTL,R->C,0
HUD,PTL,R->R,0.80000000000000004
HUD,PTL,L->L,0
HUD,PTL,L->C,1
HUD,PTL,L->R,0
HUD,PTL,C->L,0.0769230769230769
HUD,PTL,C->C,0.92307692307692324
HUD,PTL,C->R,0
HUD,PTL,R->L,0
HUD,PTL,R->C,0
HUD,PTL,R->R,0
HUD,PTL,L->L,0.83999999999999997
HUD,PTL,L->C,0.16
HUD,PTL,L->R,0
HUD,PTL,C->L,0.17857142857142849
HUD,PTL,C->C,0.7857142857142857
HUD,PTL,C->R,0.035714285714285698
HUD,PTL,R->L,0
HUD,PTL,R->C,0.5
HUD,PTL,R->R,0.5
HUD,PTL,L->L,0.5714285714285714
HUD,PTL,L->C,0.42857142857142849
HUD,PTL,L->R,0
HUD,PTL,C->L,0.1578947368421052
HUD,PTL,C->C,0.84210526315789469
HUD,PTL,C->R,0
HUD,PTL,R->L,0
HUD,PTL,R->C,0
HUD,PTL,R->R,0
HUD,PTL,L->L,0.5
HUD,PTL,L->C,0.5
HUD,PTL,L->R,0
HUD,PTL,C->L,0.1063829787234042
HUD,PTL,C->C,0.8936170212765957
HUD,PTL,C->R,0
HUD,PTL,R->L,0
HUD,PTL,R->C,0
HUD,PTL,R->R,0
HUD,PTL,L->L,0.80000000000000004
HUD,PTL,L->C,0.20000000000000001
HUD,PTL,L->R,0
HUD,PTL,C->L,0.016949152542372801
HUD,PTL,C->C,0.9576271186440678
HUD,PTL,C->R,0.025423728813559299
HUD,PTL,R->L,0
HUD,PTL,R->C,0.75
HUD,PTL,R->R,0.25
HUD,PTL,L->L,0
HUD,PTL,L->C,1
HUD,PTL,L->R,0
HUD,PTL,C->L,0.125
HUD,PTL,C->C,0.875
HUD,PTL,C->R,0
HUD,PTL,R->L,0
HUD,PTL,R->C,0
HUD,PTL,R->R,0
HUD,PTL,L->L,0.75
HUD,PTL,L->C,0.25
HUD,PTL,L->R,0
HUD,PTL,C->L,0.014492753623188401
HUD,PTL,C->C,0.98550724637681164
HUD,PTL,C->R,0
HUD,PTL,R->L,0
HUD,PTL,R->C,0
HUD,PTL,R->R,0
HUD,PTL,L->L,0
HUD,PTL,L->C,0
HUD,PTL,L->R,0
HUD,PTL,C->L,0
HUD,PTL,C->C,1
HUD,PTL,C->R,0
HUD,PTL,R->L,0
HUD,PTL,R->C,0
HUD,PTL,R->R,0
HUD,PTL,L->L,0
HUD,PTL,L->C,0
HUD,PTL,L->R,0
HUD,PTL,C->L,0
HUD,PTL,C->C,1
HUD,PTL,C->R,0
HUD,PTL,R->L,0
HUD,PTL,R->C,0
HUD,PTL,R->R,0
HUD,PTL,L->L,0.83333333333333337
HUD,PTL,L->C,0.1666666666666666
HUD,PTL,L->R,0
HUD,PTL,C->L,0.057142857142857099
HUD,PTL,C->C,0.94285714285714284
HUD,PTL,C->R,0
HUD,PTL,R->L,0
HUD,PTL,R->C,0
HUD,PTL,R->R,0
HUD,PTL,L->L,1
HUD,PTL,L->C,0
HUD,PTL,L->R,0
HUD,PTL,C->L,0.0625
HUD,PTL,C->C,0.9375
HUD,PTL,C->R,0
HUD,PTL,R->L,0
HUD,PTL,R->C,0
HUD,PTL,R->R,0
HUD,PTL,L->L,1
HUD,PTL,L->C,0
HUD,PTL,L->R,0
HUD,PTL,C->L,0.043478260869565202
HUD,PTL,C->C,0.95652173913043481
HUD,PTL,C->R,0
HUD,PTL,R->L,0
HUD,PTL,R->C,0
HUD,PTL,R->R,0
HUD,PTL,L->L,1
HUD,PTL,L->C,0
HUD,PTL,L->R,0
HUD,PTL,C->L,0.1666666666666666
HUD,PTL,C->C,0.83333333333333337
HUD,PTL,C->R,0
HUD,PTL,R->L,0
HUD,PTL,R->C,0
HUD,PTL,R->R,0
HUD,PTL,L->L,0.75
HUD,PTL,L->C,0.25
HUD,PTL,L->R,0
HUD,PTL,C->L,0.1818181818181818
HUD,PTL,C->C,0.72727272727272729
HUD,PTL,C->R,0.090909090909090898
HUD,PTL,R->L,0
HUD,PTL,R->C,0.5
HUD,PTL,R->R,0.5
HUD,PTL,L->L,0.25
HUD,PTL,L->C,0.75
HUD,PTL,L->R,0
HUD,PTL,C->L,0.1666666666666666
HUD,PTL,C->C,0.83333333333333337
HUD,PTL,C->R,0
HUD,PTL,R->L,0
HUD,PTL,R->C,0
HUD,PTL,R->R,0
HUD,PTL,L->L,0.83333333333333337
HUD,PTL,L->C,0.1666666666666666
HUD,PTL,L->R,0
HUD,PTL,C->L,0.1111111111111111
HUD,PTL,C->C,0.88888888888888884
HUD,PTL,C->R,0
HUD,PTL,R->L,0
HUD,PTL,R->C,0
HUD,PTL,R->R,0
HUD,PTL,L->L,0.66666666666666663
HUD,PTL,L->C,0.33333333333333331
HUD,PTL,L->R,0
HUD,PTL,C->L,0.090909090909090898
HUD,PTL,C->C,0.81818181818181823
HUD,PTL,C->R,0.090909090909090898
HUD,PTL,R->L,0.33333333333333331
HUD,PTL,R->C,0
HUD,PTL,R->R,0.66666666666666663
HUD,PTL,L->L,1
HUD,PTL,L->C,0
HUD,PTL,L->R,0
HUD,PTL,C->L,0.090909090909090898
HUD,PTL,C->C,0.90909090909090917
HUD,PTL,C->R,0
HUD,PTL,R->L,0
HUD,PTL,R->C,0
HUD,PTL,R->R,0
HUD,PTL,L->L,0.66666666666666663
HUD,PTL,L->C,0.33333333333333331
HUD,PTL,L->R,0
HUD,PTL,C->L,0.090909090909090898
HUD,PTL,C->C,0.90909090909090917
HUD,PTL,C->R,0
HUD,PTL,R->L,0
HUD,PTL,R->C,0
HUD,PTL,R->R,0
HUD,PTL,L->L,1
HUD,PTL,L->C,0
HUD,PTL,L->R,0
HUD,PTL,C->L,0.33333333333333331
HUD,PTL,C->C,0.66666666666666663
HUD,PTL,C->R,0
HUD,PTL,R->L,0
HUD,PTL,R->C,0
HUD,PTL,R->R,0
HUD,PTL,L->L,0.5
HUD,PTL,L->C,0.5
HUD,PTL,L->R,0
HUD,PTL,C->L,0.5
HUD,PTL,C->C,0.5
HUD,PTL,C->R,0
HUD,PTL,R->L,0
HUD,PTL,R->C,0
HUD,PTL,R->R,0
HUD,PTL,L->L,0.33333333333333331
HUD,PTL,L->C,0.66666666666666663
HUD,PTL,L->R,0
HUD,PTL,C->L,0.55555555555555558
HUD,PTL,C->C,0.44444444444444442
HUD,PTL,C->R,0
HUD,PTL,R->L,0
HUD,PTL,R->C,0
HUD,PTL,R->R,0
HUD,PTL,L->L,0.5
HUD,PTL,L->C,0.5
HUD,PTL,L->R,0
HUD,PTL,C->L,0.10000000000000001
HUD,PTL,C->C,0.90000000000000002
HUD,PTL,C->R,0
HUD,PTL,R->L,0
HUD,PTL,R->C,0
HUD,PTL,R->R,0
HUD,PTL,L->L,0.66666666666666663
HUD,PTL,L->C,0.33333333333333331
HUD,PTL,L->R,0
HUD,PTL,C->L,0.071428571428571397
HUD,PTL,C->C,0.9285714285714286
HUD,PTL,C->R,0
HUD,PTL,R->L,0
HUD,PTL,R->C,0
HUD,PTL,R->R,0
HUD,PTL,L->L,0.5
HUD,PTL,L->C,0.5
HUD,PTL,L->R,0
HUD,PTL,C->L,0.2857142857142857
HUD,PTL,C->C,0.7142857142857143
HUD,PTL,C->R,0
HUD,PTL,R->L,0
HUD,PTL,R->C,0
HUD,PTL,R->R,0
HUD,PTL,L->L,0
HUD,PTL,L->C,1
HUD,PTL,L->R,0
HUD,PTL,C->L,0.20000000000000001
HUD,PTL,C->C,0.80000000000000004
HUD,PTL,C->R,0
HUD,PTL,R->L,0
HUD,PTL,R->C,0
HUD,PTL,R->R,0
HUD,PTL,L->L,0.92307692307692324
HUD,PTL,L->C,0.0769230769230769
HUD,PTL,L->R,0
HUD,PTL,C->L,0.66666666666666663
HUD,PTL,C->C,0.33333333333333331
HUD,PTL,C->R,0
HUD,PTL,R->L,0
HUD,PTL,R->C,0
HUD,PTL,R->R,0
HUD,PTL,L->L,0.25
HUD,PTL,L->C,0.75
HUD,PTL,L->R,0
HUD,PTL,C->L,0.44444444444444442
HUD,PTL,C->C,0.55555555555555558
HUD,PTL,C->R,0
HUD,PTL,R->L,0
HUD,PTL,R->C,0
HUD,PTL,R->R,0
HUD,PTL,L->L,0.8571428571428571
HUD,PTL,L->C,0.14285714285714279
HUD,PTL,L->R,0
HUD,PTL,C->L,0.40000000000000002
HUD,PTL,C->C,0.59999999999999998
HUD,PTL,C->R,0
HUD,PTL,R->L,0
HUD,PTL,R->C,0
HUD,PTL,R->R,0
HUD,PTL,L->L,0.65625
HUD,PTL,L->C,0.34375
HUD,PTL,L->R,0
HUD,PTL,C->L,0.36666666666666659
HUD,PTL,C->C,0.53333333333333333
HUD,PTL,C->R,0.10000000000000001
HUD,PTL,R->L,0.25
HUD,PTL,R->C,0.5
HUD,PTL,R->R,0.25
HUD,PTL,L->L,0.58333333333333337
HUD,PTL,L->C,0.41666666666666669
HUD,PTL,L->R,0
HUD,PTL,C->L,0.40000000000000002
HUD,PTL,C->C,0.59999999999999998
HUD,PTL,C->R,0
HUD,PTL,R->L,0
HUD,PTL,R->C,0
HUD,PTL,R->R,0
HUD,PTL,L->L,0.5714285714285714
HUD,PTL,L->C,0.42857142857142849
HUD,PTL,L->R,0
HUD,PTL,C->L,0.085714285714285701
HUD,PTL,C->C,0.88571428571428568
HUD,PTL,C->R,0.028571428571428501
HUD,PTL,R->L,0
HUD,PTL,R->C,1
HUD,PTL,R->R,0
HUD,PTL,L->L,0.84615384615384615
HUD,PTL,L->C,0.1538461538461538
HUD,PTL,L->R,0
HUD,PTL,C->L,0.049180327868852403
HUD,PTL,C->C,0.88524590163934425
HUD,PTL,C->R,0.065573770491803199
HUD,PTL,R->L,0
HUD,PTL,R->C,0.5714285714285714
HUD,PTL,R->R,0.42857142857142849
HUD,PTL,L->L,0
HUD,PTL,L->C,1
HUD,PTL,L->R,0
HUD,PTL,C->L,0.20000000000000001
HUD,PTL,C->C,0.80000000000000004
HUD,PTL,C->R,0
HUD,PTL,R->L,0
HUD,PTL,R->C,0
HUD,PTL,R->R,0
HUD,PTL,L->L,0.88888888888888884
HUD,PTL,L->C,0.1111111111111111
HUD,PTL,L->R,0
HUD,PTL,C->L,0.66666666666666663
HUD,PTL,C->C,0.33333333333333331
HUD,PTL,C->R,0
HUD,PTL,R->L,0
HUD,PTL,R->C,0
HUD,PTL,R->R,0
HUD,PTL,L->L,0.59999999999999998
HUD,PTL,L->C,0.40000000000000002
HUD,PTL,L->R,0
HUD,PTL,C->L,0.1666666666666666
HUD,PTL,C->C,0.75
HUD,PTL,C->R,0.083333333333333301
HUD,PTL,R->L,0
HUD,PTL,R->C,1
HUD,PTL,R->R,0
HUD,PTL,L->L,0.5
HUD,PTL,L->C,0.5
HUD,PTL,L->R,0
HUD,PTL,C->L,0.29999999999999999
HUD,PTL,C->C,0.5
HUD,PTL,C->R,0.20000000000000001
HUD,PTL,R->L,0
HUD,PTL,R->C,0.25
HUD,PTL,R->R,0.75
HUD,PTL,L->L,0.625
HUD,PTL,L->C,0.375
HUD,PTL,L->R,0
HUD,PTL,C->L,0.27272727272727271
HUD,PTL,C->C,0.54545454545454541
HUD,PTL,C->R,0.1818181818181818
HUD,PTL,R->L,0
HUD,PTL,R->C,0.66666666666666663
HUD,PTL,R->R,0.33333333333333331
HUD,PTL,L->L,1
HUD,PTL,L->C,0
HUD,PTL,L->R,0
HUD,PTL,C->L,0.5
HUD,PTL,C->C,0.5
HUD,PTL,C->R,0
HUD,PTL,R->L,0
HUD,PTL,R->C,0
HUD,PTL,R->R,0
HUD,PTL,L->L,0.90000000000000002
HUD,PTL,L->C,0.10000000000000001
HUD,PTL,L->R,0
HUD,PTL,C->L,0.14285714285714279
HUD,PTL,C->C,0.7142857142857143
HUD,PTL,C->R,0.14285714285714279
HUD,PTL,R->L,0
HUD,PTL,R->C,0.5
HUD,PTL,R->R,0.5
HUD,PTL,L->L,0.75
HUD,PTL,L->C,0.25
HUD,PTL,L->R,0
HUD,PTL,C->L,0.046511627906976702
HUD,PTL,C->C,0.95348837209302317
HUD,PTL,C->R,0
HUD,PTL,R->L,0
HUD,PTL,R->C,0
HUD,PTL,R->R,0
HUD,PTL,L->L,0
HUD,PTL,L->C,1
HUD,PTL,L->R,0
HUD,PTL,C->L,0.0075757575757574996
HUD,PTL,C->C,0.99242424242424243
HUD,PTL,C->R,0
HUD,PTL,R->L,0
HUD,PTL,R->C,0
HUD,PTL,R->R,0
HUD,PTL,L->L,0
HUD,PTL,L->C,1
HUD,PTL,L->R,0
HUD,PTL,C->L,0.035714285714285698
HUD,PTL,C->C,0.96428571428571441
HUD,PTL,C->R,0
HUD,PTL,R->L,0
HUD,PTL,R->C,0
HUD,PTL,R->R,0
HUD,PTL,L->L,0.5
HUD,PTL,L->C,0.5
HUD,PTL,L->R,0
HUD,PTL,C->L,0.10000000000000001
HUD,PTL,C->C,0.90000000000000002
HUD,PTL,C->R,0
HUD,PTL,R->L,0
HUD,PTL,R->C,0
HUD,PTL,R->R,0
HUD,PTL,L->L,0.77777777777777779
HUD,PTL,L->C,0.22222222222222221
HUD,PTL,L->R,0
HUD,PTL,C->L,0.15625
HUD,PTL,C->C,0.84375
HUD,PTL,C->R,0
HUD,PTL,R->L,0
HUD,PTL,R->C,0
HUD,PTL,R->R,0
HUD,PTL,L->L,0.5
HUD,PTL,L->C,0.5
HUD,PTL,L->R,0
HUD,PTL,C->L,0.25
HUD,PTL,C->C,0.75
HUD,PTL,C->R,0
HUD,PTL,R->L,0
HUD,PTL,R->C,0
HUD,PTL,R->R,0
HUD,PTL,L->L,0.5
HUD,PTL,L->C,0.5
HUD,PTL,L->R,0
HUD,PTL,C->L,0.375
HUD,PTL,C->C,0.625
HUD,PTL,C->R,0
HUD,PTL,R->L,0
HUD,PTL,R->C,0
HUD,PTL,R->R,0
HUD,PTL,L->L,0
HUD,PTL,L->C,0
HUD,PTL,L->R,0
HUD,PTL,C->L,0
HUD,PTL,C->C,1
HUD,PTL,C->R,0
HUD,PTL,R->L,0
HUD,PTL,R->C,0
HUD,PTL,R->R,0
HUD,PTL,L->L,0.83333333333333337
HUD,PTL,L->C,0.1666666666666666
HUD,PTL,L->R,0
HUD,PTL,C->L,0.2857142857142857
HUD,PTL,C->C,0.7142857142857143
HUD,PTL,C->R,0
HUD,PTL,R->L,0
HUD,PTL,R->C,0
HUD,PTL,R->R,0
HUD,PTL,L->L,1
HUD,PTL,L->C,0
HUD,PTL,L->R,0
HUD,PTL,C->L,0.0769230769230769
HUD,PTL,C->C,0.84615384615384615
HUD,PTL,C->R,0.0769230769230769
HUD,PTL,R->L,0
HUD,PTL,R->C,0.25
HUD,PTL,R->R,0.75
HUD,PTL,L->L,0.83333333333333337
HUD,PTL,L->C,0.1666666666666666
HUD,PTL,L->R,0
HUD,PTL,C->L,0.125
HUD,PTL,C->C,0.75
HUD,PTL,C->R,0.125
HUD,PTL,R->L,0
HUD,PTL,R->C,0.33333333333333331
HUD,PTL,R->R,0.66666666666666663
HUD,PTL,L->L,0.625
HUD,PTL,L->C,0.25
HUD,PTL,L->R,0.125
HUD,PTL,C->L,0.33333333333333331
HUD,PTL,C->C,0.66666666666666663
HUD,PTL,C->R,0
HUD,PTL,R->L,0
HUD,PTL,R->C,0.33333333333333331
HUD,PTL,R->R,0.66666666666666663
HUD,PTL,L->L,0.75
HUD,PTL,L->C,0.25
HUD,PTL,L->R,0
HUD,PTL,C->L,0.14285714285714279
HUD,PTL,C->C,0.8571428571428571
HUD,PTL,C->R,0
HUD,PTL,R->L,0
HUD,PTL,R->C,0
HUD,PTL,R->R,0
HUD,PTL,L->L,0.72727272727272729
HUD,PTL,L->C,0.27272727272727271
HUD,PTL,L->R,0
HUD,PTL,C->L,0.33333333333333331
HUD,PTL,C->C,0.66666666666666663
HUD,PTL,C->R,0
HUD,PTL,R->L,0
HUD,PTL,R->C,0
HUD,PTL,R->R,0
HUD,PTL,L->L,0.66666666666666663
HUD,PTL,L->C,0.33333333333333331
HUD,PTL,L->R,0
HUD,PTL,C->L,0.20000000000000001
HUD,PTL,C->C,0.5
HUD,PTL,C->R,0.29999999999999999
HUD,PTL,R->L,0
HUD,PTL,R->C,1
HUD,PTL,R->R,0
HUD,PTL,L->L,0.7142857142857143
HUD,PTL,L->C,0.2857142857142857
HUD,PTL,L->R,0
HUD,PTL,C->L,0.22222222222222221
HUD,PTL,C->C,0.66666666666666663
HUD,PTL,C->R,0.1111111111111111
HUD,PTL,R->L,0
HUD,PTL,R->C,0
HUD,PTL,R->R,1
HUD,PTL,L->L,0.66666666666666663
HUD,PTL,L->C,0.33333333333333331
HUD,PTL,L->R,0
HUD,PTL,C->L,0.22222222222222221
HUD,PTL,C->C,0.77777777777777779
HUD,PTL,C->R,0
HUD,PTL,R->L,0
HUD,PTL,R->C,0
HUD,PTL,R->R,0
HUD,PTL,L->L,0.8214285714285714
HUD,PTL,L->C,0.17857142857142849
HUD,PTL,L->R,0
HUD,PTL,C->L,0.25
HUD,PTL,C->C,0.66666666666666663
HUD,PTL,C->R,0.083333333333333301
HUD,PTL,R->L,0
HUD,PTL,R->C,0.66666666666666663
HUD,PTL,R->R,0.33333333333333331
HUD,PTL,L->L,0.5
HUD,PTL,L->C,0.5
HUD,PTL,L->R,0
HUD,PTL,C->L,0.20000000000000001
HUD,PTL,C->C,0.80000000000000004
HUD,PTL,C->R,0
HUD,PTL,R->L,0
HUD,PTL,R->C,0
HUD,PTL,R->R,0
HUD,PTL,L->L,0.5
HUD,PTL,L->C,0.5
HUD,PTL,L->R,0
HUD,PTL,C->L,0.1714285714285714
HUD,PTL,C->C,0.80000000000000004
HUD,PTL,C->R,0.028571428571428501
HUD,PTL,R->L,0
HUD,PTL,R->C,1
HUD,PTL,R->R,0
HUD,PTL,L->L,0.7931034482758621
HUD,PTL,L->C,0.2068965517241379
HUD,PTL,L->R,0
HUD,PTL,C->L,0.1147540983606557
HUD,PTL,C->C,0.75409836065573765
HUD,PTL,C->R,0.13114754098360651
HUD,PTL,R->L,0
HUD,PTL,R->C,0.22857142857142851
HUD,PTL,R->R,0.77142857142857146
HUD,PTL,L->L,0.7142857142857143
HUD,PTL,L->C,0.2857142857142857
HUD,PTL,L->R,0
HUD,PTL,C->L,0.20000000000000001
HUD,PTL,C->C,0.80000000000000004
HUD,PTL,C->R,0
HUD,PTL,R->L,0
HUD,PTL,R->C,0
HUD,PTL,R->R,0
HUD,PTL,L->L,0
HUD,PTL,L->C,1
HUD,PTL,L->R,0
HUD,PTL,C->L,0.066666666666666596
HUD,PTL,C->C,0.80000000000000004
HUD,PTL,C->R,0.1333333333333333
HUD,PTL,R->L,0
HUD,PTL,R->C,0.5
HUD,PTL,R->R,0.5
HUD,PTL,L->L,0.59999999999999998
HUD,PTL,L->C,0.40000000000000002
HUD,PTL,L->R,0
HUD,PTL,C->L,0.1818181818181818
HUD,PTL,C->C,0.81818181818181823
HUD,PTL,C->R,0
HUD,PTL,R->L,0
HUD,PTL,R->C,0
HUD,PTL,R->R,0
HUD,PTL,L->L,0.80000000000000004
HUD,PTL,L->C,0.1333333333333333
HUD,PTL,L->R,0.066666666666666596
HUD,PTL,C->L,0.1875
HUD,PTL,C->C,0.75
HUD,PTL,C->R,0.0625
HUD,PTL,R->L,0.33333333333333331
HUD,PTL,R->C,0.33333333333333331
HUD,PTL,R->R,0.33333333333333331
HUD,PTL,L->L,0.66666666666666663
HUD,PTL,L->C,0.33333333333333331
HUD,PTL,L->R,0
HUD,PTL,C->L,0.5
HUD,PTL,C->C,0.5
HUD,PTL,C->R,0
HUD,PTL,R->L,0
HUD,PTL,R->C,0
HUD,PTL,R->R,0
HUD,PTL,L->L,0
HUD,PTL,L->C,0
HUD,PTL,L->R,0
HUD,PTL,C->L,0
HUD,PTL,C->C,0.95833333333333337
HUD,PTL,C->R,0.041666666666666602
HUD,PTL,R->L,0
HUD,PTL,R->C,0
HUD,PTL,R->R,0
HUD,PTL,L->L,0.33333333333333331
HUD,PTL,L->C,0.66666666666666663
HUD,PTL,L->R,0
HUD,PTL,C->L,0.19047619047619041
HUD,PTL,C->C,0.76190476190476186
HUD,PTL,C->R,0.047619047619047603
HUD,PTL,R->L,0
HUD,PTL,R->C,1
HUD,PTL,R->R,0
HUD,PTL,L->L,0.33333333333333331
HUD,PTL,L->C,0.33333333333333331
HUD,PTL,L->R,0.33333333333333331
HUD,PTL,C->L,0.0303030303030303
HUD,PTL,C->C,0.96969696969696961
HUD,PTL,C->R,0
HUD,PTL,R->L,0
HUD,PTL,R->C,0.33333333333333331
HUD,PTL,R->R,0.66666666666666663
HUD,PTL,L->L,0.75
HUD,PTL,L->C,0.25
HUD,PTL,L->R,0
HUD,PTL,C->L,0.375
HUD,PTL,C->C,0.625
HUD,PTL,C->R,0
HUD,PTL,R->L,0
HUD,PTL,R->C,0
HUD,PTL,R->R,0
HUD,PTL,L->L,0.80000000000000004
HUD,PTL,L->C,0.20000000000000001
HUD,PTL,L->R,0
HUD,PTL,C->L,0.29999999999999999
HUD,PTL,C->C,0.69999999999999996
HUD,PTL,C->R,0
HUD,PTL,R->L,0
HUD,PTL,R->C,0
HUD,PTL,R->R,0
HUD,PTL,L->L,0
HUD,PTL,L->C,1
HUD,PTL,L->R,0
HUD,PTL,C->L,0.22222222222222221
HUD,PTL,C->C,0.77777777777777779
HUD,PTL,C->R,0
HUD,PTL,R->L,0
HUD,PTL,R->C,0
HUD,PTL,R->R,0
HUD,PTL,L->L,0.875
HUD,PTL,L->C,0.125
HUD,PTL,L->R,0
HUD,PTL,C->L,0.22222222222222221
HUD,PTL,C->C,0.77777777777777779
HUD,PTL,C->R,0
HUD,PTL,R->L,0
HUD,PTL,R->C,0
HUD,PTL,R->R,0
HUD,PTL,L->L,1
HUD,PTL,L->C,0
HUD,PTL,L->R,0
HUD,PTL,C->L,0.0769230769230769
HUD,PTL,C->C,0.92307692307692324
HUD,PTL,C->R,0
HUD,PTL,R->L,0
HUD,PTL,R->C,0
HUD,PTL,R->R,0
HUD,PTL,L->L,1
HUD,PTL,L->C,0
HUD,PTL,L->R,0
HUD,PTL,C->L,0.037037037037037
HUD,PTL,C->C,0.9629629629629628
HUD,PTL,C->R,0
HUD,PTL,R->L,0
HUD,PTL,R->C,0
HUD,PTL,R->R,0
HUD,PTL,L->L,0.75
HUD,PTL,L->C,0.25
HUD,PTL,L->R,0
HUD,PTL,C->L,0.024691358024691301
HUD,PTL,C->C,0.97530864197530864
HUD,PTL,C->R,0
HUD,PTL,R->L,0
HUD,PTL,R->C,0
HUD,PTL,R->R,0
HUD,PTL,L->L,0.58823529411764708
HUD,PTL,L->C,0.41176470588235292
HUD,PTL,L->R,0
HUD,PTL,C->L,0.26666666666666661
HUD,PTL,C->C,0.73333333333333328
HUD,PTL,C->R,0
HUD,PTL,R->L,0
HUD,PTL,R->C,0
HUD,PTL,R->R,0
HUD,PTL,L->L,0.72413793103448276
HUD,PTL,L->C,0.27586206896551718
HUD,PTL,L->R,0
HUD,PTL,C->L,0.11538461538461529
HUD,PTL,C->C,0.87179487179487181
HUD,PTL,C->R,0.012820512820512799
HUD,PTL,R->L,0
HUD,PTL,R->C,0.5
HUD,PTL,R->R,0.5
HUD,PTL,L->L,0.66666666666666663
HUD,PTL,L->C,0.33333333333333331
HUD,PTL,L->R,0
HUD,PTL,C->L,0.1333333333333333
HUD,PTL,C->C,0.8666666666666667
HUD,PTL,C->R,0
HUD,PTL,R->L,0
HUD,PTL,R->C,0
HUD,PTL,R->R,0
HUD,PTL,L->L,0
HUD,PTL,L->C,1
HUD,PTL,L->R,0
HUD,PTL,C->L,0.25
HUD,PTL,C->C,0.75
HUD,PTL,C->R,0
HUD,PTL,R->L,0
HUD,PTL,R->C,0
HUD,PTL,R->R,0
HUD,PTL,L->L,0.75
HUD,PTL,L->C,0.25
HUD,PTL,L->R,0
HUD,PTL,C->L,0.33333333333333331
HUD,PTL,C->C,0.66666666666666663
HUD,PTL,C->R,0
HUD,PTL,R->L,0
HUD,PTL,R->C,0
HUD,PTL,R->R,0
HUD,PTL,L->L,0.59999999999999998
HUD,PTL,L->C,0.20000000000000001
HUD,PTL,L->R,0.20000000000000001
HUD,PTL,C->L,0.14285714285714279
HUD,PTL,C->C,0.7142857142857143
HUD,PTL,C->R,0.14285714285714279
HUD,PTL,R->L,1
HUD,PTL,R->C,0
HUD,PTL,R->R,0
HUD,PTL,L->L,0
HUD,PTL,L->C,0
HUD,PTL,L->R,0
HUD,PTL,C->L,0
HUD,PTL,C->C,0.83333333333333337
HUD,PTL,C->R,0.1666666666666666
HUD,PTL,R->L,0.25
HUD,PTL,R->C,0.25
HUD,PTL,R->R,0.5
HUD,PTL,L->L,0
HUD,PTL,L->C,0
HUD,PTL,L->R,0
HUD,PTL,C->L,0
HUD,PTL,C->C,1
HUD,PTL,C->R,0
HUD,PTL,R->L,0
HUD,PTL,R->C,0
HUD,PTL,R->R,0
HUD,PTL,L->L,0.5
HUD,PTL,L->C,0.5
HUD,PTL,L->R,0
HUD,PTL,C->L,0.33333333333333331
HUD,PTL,C->C,0.66666666666666663
HUD,PTL,C->R,0
HUD,PTL,R->L,0
HUD,PTL,R->C,0
HUD,PTL,R->R,0
HUD,PTL,L->L,0.80000000000000004
HUD,PTL,L->C,0.20000000000000001
HUD,PTL,L->R,0
HUD,PTL,C->L,0.125
HUD,PTL,C->C,0.875
HUD,PTL,C->R,0
HUD,PTL,R->L,0
HUD,PTL,R->C,0
HUD,PTL,R->R,0
HUD,PTL,L->L,0.88888888888888884
HUD,PTL,L->C,0.1111111111111111
HUD,PTL,L->R,0
HUD,PTL,C->L,0.66666666666666663
HUD,PTL,C->C,0.33333333333333331
HUD,PTL,C->R,0
HUD,PTL,R->L,0
HUD,PTL,R->C,0
HUD,PTL,R->R,0
HUD,PTL,L->L,1
HUD,PTL,L->C,0
HUD,PTL,L->R,0
HUD,PTL,C->L,0.0625
HUD,PTL,C->C,0.9375
HUD,PTL,C->R,0
HUD,PTL,R->L,0
HUD,PTL,R->C,0
HUD,PTL,R->R,0
HUD,PTL,L->L,0
HUD,PTL,L->C,1
HUD,PTL,L->R,0
HUD,PTL,C->L,0.1666666666666666
HUD,PTL,C->C,0.83333333333333337
HUD,PTL,C->R,0
HUD,PTL,R->L,0
HUD,PTL,R->C,0
HUD,PTL,R->R,0
HUD,PTL,L->L,0.77777777777777779
HUD,PTL,L->C,0.22222222222222221
HUD,PTL,L->R,0
HUD,PTL,C->L,0.27272727272727271
HUD,PTL,C->C,0.72727272727272729
HUD,PTL,C->R,0
HUD,PTL,R->L,0
HUD,PTL,R->C,0
HUD,PTL,R->R,0
HUD,PTL,L->L,0
HUD,PTL,L->C,1
HUD,PTL,L->R,0
HUD,PTL,C->L,0
HUD,PTL,C->C,1
HUD,PTL,C->R,0
HUD,PTL,R->L,0
HUD,PTL,R->C,0
HUD,PTL,R->R,0
HUD,PTL,L->L,0.66666666666666663
HUD,PTL,L->C,0.33333333333333331
HUD,PTL,L->R,0
HUD,PTL,C->L,0.1538461538461538
HUD,PTL,C->C,0.84615384615384615
HUD,PTL,C->R,0
HUD,PTL,R->L,0
HUD,PTL,R->C,0
HUD,PTL,R->R,0
HUD,PTL,L->L,0.33333333333333331
HUD,PTL,L->C,0.66666666666666663
HUD,PTL,L->R,0
HUD,PTL,C->L,0.1333333333333333
HUD,PTL,C->C,0.8666666666666667
HUD,PTL,C->R,0
HUD,PTL,R->L,0
HUD,PTL,R->C,0
HUD,PTL,R->R,0
HUD,PTL,L->L,0
HUD,PTL,L->C,0
HUD,PTL,L->R,0
HUD,PTL,C->L,0
HUD,PTL,C->C,1
HUD,PTL,C->R,0
HUD,PTL,R->L,0
HUD,PTL,R->C,0
HUD,PTL,R->R,0
HUD,PTL,L->L,1
HUD,PTL,L->C,0
HUD,PTL,L->R,0
HUD,PTL,C->L,0.0769230769230769
HUD,PTL,C->C,0.92307692307692324
HUD,PTL,C->R,0
HUD,PTL,R->L,0
HUD,PTL,R->C,0
HUD,PTL,R->R,0
HUD,PTL,L->L,0
HUD,PTL,L->C,0
HUD,PTL,L->R,0
HUD,PTL,C->L,0
HUD,PTL,C->C,1
HUD,PTL,C->R,0
HUD,PTL,R->L,0
HUD,PTL,R->C,0
HUD,PTL,R->R,0
HUD,PTL,L->L,0
HUD,PTL,L->C,1
HUD,PTL,L->R,0
HUD,PTL,C->L,0.14285714285714279
HUD,PTL,C->C,0.7142857142857143
HUD,PTL,C->R,0.14285714285714279
HUD,PTL,R->L,0
HUD,PTL,R->C,1
HUD,PTL,R->R,0
HUD,PTL,L->L,0
HUD,PTL,L->C,1
HUD,PTL,L->R,0
HUD,PTL,C->L,0.1818181818181818
HUD,PTL,C->C,0.72727272727272729
HUD,PTL,C->R,0.090909090909090898
HUD,PTL,R->L,0
HUD,PTL,R->C,1
HUD,PTL,R->R,0
HUD,PTL,L->L,0
HUD,PTL,L->C,0
HUD,PTL,L->R,0
HUD,PTL,C->L,0.055555555555555497
HUD,PTL,C->C,0.94444444444444442
HUD,PTL,C->R,0
HUD,PTL,R->L,0
HUD,PTL,R->C,0
HUD,PTL,R->R,0
HUD,PTL,L->L,0
HUD,PTL,L->C,1
HUD,PTL,L->R,0
HUD,PTL,C->L,0.25
HUD,PTL,C->C,0.75
HUD,PTL,C->R,0
HUD,PTL,R->L,0
HUD,PTL,R->C,0
HUD,PTL,R->R,0
HUD,PTL,L->L,0.45454545454545447
HUD,PTL,L->C,0.54545454545454541
HUD,PTL,L->R,0
HUD,PTL,C->L,0.1363636363636363
HUD,PTL,C->C,0.81818181818181823
HUD,PTL,C->R,0.0454545454545454
HUD,PTL,R->L,0
HUD,PTL,R->C,0.2857142857142857
HUD,PTL,R->R,0.7142857142857143
HUD,PTL,L->L,0
HUD,PTL,L->C,1
HUD,PTL,L->R,0
HUD,PTL,C->L,0.050000000000000003
HUD,PTL,C->C,0.94999999999999996
HUD,PTL,C->R,0
HUD,PTL,R->L,0
HUD,PTL,R->C,0
HUD,PTL,R->R,0
HUD,PTL,L->L,0
HUD,PTL,L->C,1
HUD,PTL,L->R,0
HUD,PTL,C->L,0.03125
HUD,PTL,C->C,0.9375
HUD,PTL,C->R,0.03125
HUD,PTL,R->L,0
HUD,PTL,R->C,1
HUD,PTL,R->R,0
HUD,PTL,L->L,0.375
HUD,PTL,L->C,0.625
HUD,PTL,L->R,0
HUD,PTL,C->L,0.096774193548387094
HUD,PTL,C->C,0.88709677419354838
HUD,PTL,C->R,0.016129032258064498
HUD,PTL,R->L,0
HUD,PTL,R->C,0.1666666666666666
HUD,PTL,R->R,0.83333333333333337
HUD,PTL,L->L,0
HUD,PTL,L->C,0
HUD,PTL,L->R,0
HUD,PTL,C->L,0
HUD,PTL,C->C,0.875
HUD,PTL,C->R,0.125
HUD,PTL,R->L,0.25
HUD,PTL,R->C,0
HUD,PTL,R->R,0.75
HUD,PTL,L->L,0
HUD,PTL,L->C,1
HUD,PTL,L->R,0
HUD,PTL,C->L,0.20000000000000001
HUD,PTL,C->C,0.80000000000000004
HUD,PTL,C->R,0
HUD,PTL,R->L,0
HUD,PTL,R->C,0
HUD,PTL,R->R,0
HUD,PTL,L->L,0.75
HUD,PTL,L->C,0.25
HUD,PTL,L->R,0
HUD,PTL,C->L,0.1818181818181818
HUD,PTL,C->C,0.72727272727272729
HUD,PTL,C->R,0.090909090909090898
HUD,PTL,R->L,0
HUD,PTL,R->C,1
HUD,PTL,R->R,0
HUD,PTL,L->L,0.25
HUD,PTL,L->C,0.5
HUD,PTL,L->R,0.25
HUD,PTL,C->L,0.25
HUD,PTL,C->C,0.75
HUD,PTL,C->R,0
HUD,PTL,R->L,1
HUD,PTL,R->C,0
HUD,PTL,R->R,0
HUD,PTL,L->L,0.40000000000000002
HUD,PTL,L->C,0.59999999999999998
HUD,PTL,L->R,0
HUD,PTL,C->L,0.20000000000000001
HUD,PTL,C->C,0.73333333333333328
HUD,PTL,C->R,0.066666666666666596
HUD,PTL,R->L,0
HUD,PTL,R->C,1
HUD,PTL,R->R,0
HUD,PTL,L->L,0
HUD,PTL,L->C,0
HUD,PTL,L->R,0
HUD,PTL,C->L,0.20000000000000001
HUD,PTL,C->C,0.80000000000000004
HUD,PTL,C->R,0
HUD,PTL,R->L,0
HUD,PTL,R->C,0
HUD,PTL,R->R,0
HUD,PTL,L->L,0.59999999999999998
HUD,PTL,L->C,0.20000000000000001
HUD,PTL,L->R,0.20000000000000001
HUD,PTL,C->L,0.20000000000000001
HUD,PTL,C->C,0.80000000000000004
HUD,PTL,C->R,0
HUD,PTL,R->L,0
HUD,PTL,R->C,0.5
HUD,PTL,R->R,0.5
HUD,PTL,L->L,1
HUD,PTL,L->C,0
HUD,PTL,L->R,0
HUD,PTL,C->L,0.1666666666666666
HUD,PTL,C->C,0.83333333333333337
HUD,PTL,C->R,0
HUD,PTL,R->L,0
HUD,PTL,R->C,0
HUD,PTL,R->R,0
HUD,PTL,L->L,0.77777777777777779
HUD,PTL,L->C,0.1111111111111111
HUD,PTL,L->R,0.1111111111111111
HUD,PTL,C->L,0.20000000000000001
HUD,PTL,C->C,0.80000000000000004
HUD,PTL,C->R,0
HUD,PTL,R->L,0.25
HUD,PTL,R->C,0
HUD,PTL,R->R,0.75
HUD,PTL,L->L,0.33333333333333331
HUD,PTL,L->C,0.33333333333333331
HUD,PTL,L->R,0.33333333333333331
HUD,PTL,C->L,0.0769230769230769
HUD,PTL,C->C,0.84615384615384615
HUD,PTL,C->R,0.0769230769230769
HUD,PTL,R->L,0.33333333333333331
HUD,PTL,R->C,0.33333333333333331
HUD,PTL,R->R,0.33333333333333331
HUD,PTL,L->L,0.25
HUD,PTL,L->C,0.5
HUD,PTL,L->R,0.25
HUD,PTL,C->L,0.29999999999999999
HUD,PTL,C->C,0.69999999999999996
HUD,PTL,C->R,0
HUD,PTL,R->L,1
HUD,PTL,R->C,0
HUD,PTL,R->R,0
HUD,PTL,L->L,1
HUD,PTL,L->C,0
HUD,PTL,L->R,0
HUD,PTL,C->L,0.090909090909090898
HUD,PTL,C->C,0.81818181818181823
HUD,PTL,C->R,0.090909090909090898
HUD,PTL,R->L,0
HUD,PTL,R->C,0.25
HUD,PTL,R->R,0.75
HUD,PTL,L->L,0.33333333333333331
HUD,PTL,L->C,0.66666666666666663
HUD,PTL,L->R,0
HUD,PTL,C->L,0.20000000000000001
HUD,PTL,C->C,0.80000000000000004
HUD,PTL,C->R,0
HUD,PTL,R->L,0
HUD,PTL,R->C,0
HUD,PTL,R->R,0
HUD,PTL,L->L,1
HUD,PTL,L->C,0
HUD,PTL,L->R,0
HUD,PTL,C->L,0.10000000000000001
HUD,PTL,C->C,0.90000000000000002
HUD,PTL,C->R,0
HUD,PTL,R->L,0
HUD,PTL,R->C,0
HUD,PTL,R->R,0
HUD,PTL,L->L,1
HUD,PTL,L->C,0
HUD,PTL,L->R,0
HUD,PTL,C->L,0.14285714285714279
HUD,PTL,C->C,0.8571428571428571
HUD,PTL,C->R,0
HUD,PTL,R->L,0
HUD,PTL,R->C,0
HUD,PTL,R->R,0
HUD,PTL,L->L,0.7142857142857143
HUD,PTL,L->C,0.14285714285714279
HUD,PTL,L->R,0.14285714285714279
HUD,PTL,C->L,0.33333333333333331
HUD,PTL,C->C,0.66666666666666663
HUD,PTL,C->R,0
HUD,PTL,R->L,0
HUD,PTL,R->C,1
HUD,PTL,R->R,0
HUD,PTL,L->L,0.75
HUD,PTL,L->C,0.1666666666666666
HUD,PTL,L->R,0.083333333333333301
HUD,PTL,C->L,0.2857142857142857
HUD,PTL,C->C,0.7142857142857143
HUD,PTL,C->R,0
HUD,PTL,R->L,0.5
HUD,PTL,R->C,0
HUD,PTL,R->R,0.5
HUD,PTL,L->L,0.66666666666666663
HUD,PTL,L->C,0.33333333333333331
HUD,PTL,L->R,0
HUD,PTL,C->L,0.25
HUD,PTL,C->C,0.75
HUD,PTL,C->R,0
HUD,PTL,R->L,0
HUD,PTL,R->C,0
HUD,PTL,R->R,0
HUD,PTL,L->L,0.75
HUD,PTL,L->C,0.25
HUD,PTL,L->R,0
HUD,PTL,C->L,0.1333333333333333
HUD,PTL,C->C,0.80000000000000004
HUD,PTL,C->R,0.066666666666666596
HUD,PTL,R->L,0
HUD,PTL,R->C,1
HUD,PTL,R->R,0
HUD,PTL,L->L,1
HUD,PTL,L->C,0
HUD,PTL,L->R,0
HUD,PTL,C->L,0.0769230769230769
HUD,PTL,C->C,0.92307692307692324
HUD,PTL,C->R,0
HUD,PTL,R->L,0
HUD,PTL,R->C,0
HUD,PTL,R->R,0
HUD,PTL,L->L,0
HUD,PTL,L->C,0
HUD,PTL,L->R,0
HUD,PTL,C->L,0
HUD,PTL,C->C,1
HUD,PTL,C->R,0
HUD,PTL,R->L,0
HUD,PTL,R->C,0
HUD,PTL,R->R,0
RAW,LL,L->L,0
RAW,LL,L->C,0
RAW,LL,L->R,0
RAW,LL,C->L,0
RAW,LL,C->C,0.875
RAW,LL,C->R,0.125
RAW,LL,R->L,0
RAW,LL,R->C,1
RAW,LL,R->R,0
RAW,LL,L->L,0
RAW,LL,L->C,0
RAW,LL,L->R,0
RAW,LL,C->L,0
RAW,LL,C->C,1
RAW,LL,C->R,0
RAW,LL,R->L,0
RAW,LL,R->C,0
RAW,LL,R->R,0
RAW,LL,L->L,0
RAW,LL,L->C,0
RAW,LL,L->R,0
RAW,LL,C->L,0
RAW,LL,C->C,1
RAW,LL,C->R,0
RAW,LL,R->L,0
RAW,LL,R->C,0
RAW,LL,R->R,0
RAW,LL,L->L,0
RAW,LL,L->C,0
RAW,LL,L->R,0
RAW,LL,C->L,0
RAW,LL,C->C,1
RAW,LL,C->R,0
RAW,LL,R->L,0
RAW,LL,R->C,0
RAW,LL,R->R,0
RAW,LL,L->L,0
RAW,LL,L->C,0
RAW,LL,L->R,0
RAW,LL,C->L,0
RAW,LL,C->C,0.90909090909090917
RAW,LL,C->R,0.090909090909090898
RAW,LL,R->L,0
RAW,LL,R->C,1
RAW,LL,R->R,0
RAW,LL,L->L,0
RAW,LL,L->C,0
RAW,LL,L->R,0
RAW,LL,C->L,0
RAW,LL,C->C,0.90909090909090917
RAW,LL,C->R,0.090909090909090898
RAW,LL,R->L,0
RAW,LL,R->C,1
RAW,LL,R->R,0
RAW,LL,L->L,0
RAW,LL,L->C,1
RAW,LL,L->R,0
RAW,LL,C->L,0.055555555555555497
RAW,LL,C->C,0.83333333333333337
RAW,LL,C->R,0.1111111111111111
RAW,LL,R->L,0
RAW,LL,R->C,0.66666666666666663
RAW,LL,R->R,0.33333333333333331
RAW,LL,L->L,0
RAW,LL,L->C,1
RAW,LL,L->R,0
RAW,LL,C->L,0.052631578947368397
RAW,LL,C->C,0.89473684210526316
RAW,LL,C->R,0.052631578947368397
RAW,LL,R->L,0
RAW,LL,R->C,1
RAW,LL,R->R,0
RAW,LL,L->L,0.5
RAW,LL,L->C,0.5
RAW,LL,L->R,0
RAW,LL,C->L,0.055555555555555497
RAW,LL,C->C,0.94444444444444442
RAW,LL,C->R,0
RAW,LL,R->L,0
RAW,LL,R->C,0
RAW,LL,R->R,0
RAW,LL,L->L,0.75
RAW,LL,L->C,0.25
RAW,LL,L->R,0
RAW,LL,C->L,0
RAW,LL,C->C,0.90000000000000002
RAW,LL,C->R,0.10000000000000001
RAW,LL,R->L,0
RAW,LL,R->C,0.33333333333333331
RAW,LL,R->R,0.66666666666666663
RAW,LL,L->L,0
RAW,LL,L->C,0
RAW,LL,L->R,0
RAW,LL,C->L,0
RAW,LL,C->C,1
RAW,LL,C->R,0
RAW,LL,R->L,0
RAW,LL,R->C,0
RAW,LL,R->R,0
RAW,LL,L->L,0
RAW,LL,L->C,0
RAW,LL,L->R,0
RAW,LL,C->L,0
RAW,LL,C->C,1
RAW,LL,C->R,0
RAW,LL,R->L,0
RAW,LL,R->C,0
RAW,LL,R->R,0
RAW,LL,L->L,0
RAW,LL,L->C,0
RAW,LL,L->R,0
RAW,LL,C->L,0
RAW,LL,C->C,1
RAW,LL,C->R,0
RAW,LL,R->L,0
RAW,LL,R->C,0
RAW,LL,R->R,0
RAW,LL,L->L,0
RAW,LL,L->C,0
RAW,LL,L->R,0
RAW,LL,C->L,0
RAW,LL,C->C,1
RAW,LL,C->R,0
RAW,LL,R->L,0
RAW,LL,R->C,0
RAW,LL,R->R,0
RAW,LL,L->L,0
RAW,LL,L->C,0
RAW,LL,L->R,0
RAW,LL,C->L,0
RAW,LL,C->C,1
RAW,LL,C->R,0
RAW,LL,R->L,0
RAW,LL,R->C,0
RAW,LL,R->R,0
RAW,LL,L->L,0
RAW,LL,L->C,0
RAW,LL,L->R,0
RAW,LL,C->L,0
RAW,LL,C->C,1
RAW,LL,C->R,0
RAW,LL,R->L,0
RAW,LL,R->C,0
RAW,LL,R->R,0
RAW,LL,L->L,0
RAW,LL,L->C,0
RAW,LL,L->R,0
RAW,LL,C->L,0
RAW,LL,C->C,1
RAW,LL,C->R,0
RAW,LL,R->L,0
RAW,LL,R->C,0
RAW,LL,R->R,0
RAW,LL,L->L,0
RAW,LL,L->C,0
RAW,LL,L->R,0
RAW,LL,C->L,0
RAW,LL,C->C,1
RAW,LL,C->R,0
RAW,LL,R->L,0
RAW,LL,R->C,0
RAW,LL,R->R,0
RAW,LL,L->L,0
RAW,LL,L->C,0
RAW,LL,L->R,0
RAW,LL,C->L,0
RAW,LL,C->C,1
RAW,LL,C->R,0
RAW,LL,R->L,0
RAW,LL,R->C,0
RAW,LL,R->R,0
RAW,LL,L->L,0
RAW,LL,L->C,0
RAW,LL,L->R,0
RAW,LL,C->L,0
RAW,LL,C->C,1
RAW,LL,C->R,0
RAW,LL,R->L,0
RAW,LL,R->C,0
RAW,LL,R->R,0
RAW,LL,L->L,0
RAW,LL,L->C,0
RAW,LL,L->R,0
RAW,LL,C->L,0
RAW,LL,C->C,1
RAW,LL,C->R,0
RAW,LL,R->L,0
RAW,LL,R->C,0
RAW,LL,R->R,0
RAW,LL,L->L,0
RAW,LL,L->C,0
RAW,LL,L->R,0
RAW,LL,C->L,0
RAW,LL,C->C,1
RAW,LL,C->R,0
RAW,LL,R->L,0
RAW,LL,R->C,0
RAW,LL,R->R,0
RAW,LL,L->L,0
RAW,LL,L->C,0
RAW,LL,L->R,0
RAW,LL,C->L,0
RAW,LL,C->C,1
RAW,LL,C->R,0
RAW,LL,R->L,0
RAW,LL,R->C,0
RAW,LL,R->R,0
RAW,LL,L->L,0
RAW,LL,L->C,1
RAW,LL,L->R,0
RAW,LL,C->L,0
RAW,LL,C->C,0.81818181818181823
RAW,LL,C->R,0.1818181818181818
RAW,LL,R->L,0
RAW,LL,R->C,1
RAW,LL,R->R,0
RAW,LL,L->L,0
RAW,LL,L->C,0
RAW,LL,L->R,0
RAW,LL,C->L,0
RAW,LL,C->C,0.9375
RAW,LL,C->R,0.0625
RAW,LL,R->L,0
RAW,LL,R->C,0.5
RAW,LL,R->R,0.5
RAW,LL,L->L,0
RAW,LL,L->C,0
RAW,LL,L->R,0
RAW,LL,C->L,0
RAW,LL,C->C,1
RAW,LL,C->R,0
RAW,LL,R->L,0
RAW,LL,R->C,0
RAW,LL,R->R,0
RAW,LL,L->L,0
RAW,LL,L->C,0
RAW,LL,L->R,0
RAW,LL,C->L,0
RAW,LL,C->C,1
RAW,LL,C->R,0
RAW,LL,R->L,0
RAW,LL,R->C,0
RAW,LL,R->R,0
RAW,LL,L->L,0
RAW,LL,L->C,0
RAW,LL,L->R,0
RAW,LL,C->L,0
RAW,LL,C->C,1
RAW,LL,C->R,0
RAW,LL,R->L,0
RAW,LL,R->C,0
RAW,LL,R->R,0
RAW,LL,L->L,0
RAW,LL,L->C,0
RAW,LL,L->R,0
RAW,LL,C->L,0
RAW,LL,C->C,0.88888888888888884
RAW,LL,C->R,0.1111111111111111
RAW,LL,R->L,0
RAW,LL,R->C,0
RAW,LL,R->R,1
RAW,LL,L->L,0
RAW,LL,L->C,0
RAW,LL,L->R,0
RAW,LL,C->L,0
RAW,LL,C->C,1
RAW,LL,C->R,0
RAW,LL,R->L,0
RAW,LL,R->C,0
RAW,LL,R->R,0
RAW,LL,L->L,0
RAW,LL,L->C,0
RAW,LL,L->R,0
RAW,LL,C->L,0
RAW,LL,C->C,1
RAW,LL,C->R,0
RAW,LL,R->L,0
RAW,LL,R->C,0
RAW,LL,R->R,0
RAW,LL,L->L,0
RAW,LL,L->C,0
RAW,LL,L->R,0
RAW,LL,C->L,0
RAW,LL,C->C,1
RAW,LL,C->R,0
RAW,LL,R->L,0
RAW,LL,R->C,0
RAW,LL,R->R,0
RAW,LL,L->L,0
RAW,LL,L->C,0
RAW,LL,L->R,0
RAW,LL,C->L,0
RAW,LL,C->C,1
RAW,LL,C->R,0
RAW,LL,R->L,0
RAW,LL,R->C,0
RAW,LL,R->R,0
RAW,LL,L->L,0.75
RAW,LL,L->C,0.25
RAW,LL,L->R,0
RAW,LL,C->L,0
RAW,LL,C->C,1
RAW,LL,C->R,0
RAW,LL,R->L,0
RAW,LL,R->C,0
RAW,LL,R->R,0
RAW,LL,L->L,0
RAW,LL,L->C,1
RAW,LL,L->R,0
RAW,LL,C->L,0.33333333333333331
RAW,LL,C->C,0.66666666666666663
RAW,LL,C->R,0
RAW,LL,R->L,0
RAW,LL,R->C,0
RAW,LL,R->R,0
RAW,LL,L->L,0
RAW,LL,L->C,0
RAW,LL,L->R,0
RAW,LL,C->L,0
RAW,LL,C->C,1
RAW,LL,C->R,0
RAW,LL,R->L,0
RAW,LL,R->C,0
RAW,LL,R->R,0
RAW,LL,L->L,0
RAW,LL,L->C,0
RAW,LL,L->R,0
RAW,LL,C->L,0
RAW,LL,C->C,1
RAW,LL,C->R,0
RAW,LL,R->L,0
RAW,LL,R->C,0
RAW,LL,R->R,0
RAW,LL,L->L,0
RAW,LL,L->C,0
RAW,LL,L->R,0
RAW,LL,C->L,0
RAW,LL,C->C,1
RAW,LL,C->R,0
RAW,LL,R->L,0
RAW,LL,R->C,0
RAW,LL,R->R,0
RAW,LL,L->L,0
RAW,LL,L->C,1
RAW,LL,L->R,0
RAW,LL,C->L,0.10000000000000001
RAW,LL,C->C,0.90000000000000002
RAW,LL,C->R,0
RAW,LL,R->L,0
RAW,LL,R->C,0
RAW,LL,R->R,0
RAW,LL,L->L,0
RAW,LL,L->C,0
RAW,LL,L->R,0
RAW,LL,C->L,0
RAW,LL,C->C,1
RAW,LL,C->R,0
RAW,LL,R->L,0
RAW,LL,R->C,0
RAW,LL,R->R,0
RAW,LL,L->L,0
RAW,LL,L->C,0
RAW,LL,L->R,0
RAW,LL,C->L,0
RAW,LL,C->C,0.93333333333333324
RAW,LL,C->R,0.066666666666666596
RAW,LL,R->L,0
RAW,LL,R->C,1
RAW,LL,R->R,0
RAW,LL,L->L,0
RAW,LL,L->C,0
RAW,LL,L->R,0
RAW,LL,C->L,0
RAW,LL,C->C,1
RAW,LL,C->R,0
RAW,LL,R->L,0
RAW,LL,R->C,0
RAW,LL,R->R,0
RAW,LL,L->L,0
RAW,LL,L->C,0
RAW,LL,L->R,0
RAW,LL,C->L,0
RAW,LL,C->C,1
RAW,LL,C->R,0
RAW,LL,R->L,0
RAW,LL,R->C,0
RAW,LL,R->R,0
RAW,LL,L->L,0
RAW,LL,L->C,0
RAW,LL,L->R,0
RAW,LL,C->L,0
RAW,LL,C->C,1
RAW,LL,C->R,0
RAW,LL,R->L,0
RAW,LL,R->C,0
RAW,LL,R->R,0
RAW,LL,L->L,0
RAW,LL,L->C,0
RAW,LL,L->R,0
RAW,LL,C->L,0
RAW,LL,C->C,1
RAW,LL,C->R,0
RAW,LL,R->L,0
RAW,LL,R->C,0
RAW,LL,R->R,0
RAW,LL,L->L,0
RAW,LL,L->C,0
RAW,LL,L->R,0
RAW,LL,C->L,0
RAW,LL,C->C,0.88888888888888884
RAW,LL,C->R,0.1111111111111111
RAW,LL,R->L,0
RAW,LL,R->C,0.5
RAW,LL,R->R,0.5
RAW,LL,L->L,0
RAW,LL,L->C,0
RAW,LL,L->R,0
RAW,LL,C->L,0
RAW,LL,C->C,1
RAW,LL,C->R,0
RAW,LL,R->L,0
RAW,LL,R->C,0
RAW,LL,R->R,0
RAW,LL,L->L,0.59999999999999998
RAW,LL,L->C,0.40000000000000002
RAW,LL,L->R,0
RAW,LL,C->L,0.14285714285714279
RAW,LL,C->C,0.8571428571428571
RAW,LL,C->R,0
RAW,LL,R->L,0
RAW,LL,R->C,0
RAW,LL,R->R,0
RAW,LL,L->L,0
RAW,LL,L->C,0
RAW,LL,L->R,0
RAW,LL,C->L,0
RAW,LL,C->C,1
RAW,LL,C->R,0
RAW,LL,R->L,0
RAW,LL,R->C,0
RAW,LL,R->R,0
RAW,LL,L->L,0
RAW,LL,L->C,1
RAW,LL,L->R,0
RAW,LL,C->L,0
RAW,LL,C->C,1
RAW,LL,C->R,0
RAW,LL,R->L,0
RAW,LL,R->C,0
RAW,LL,R->R,0
RAW,LL,L->L,0
RAW,LL,L->C,0
RAW,LL,L->R,0
RAW,LL,C->L,0
RAW,LL,C->C,1
RAW,LL,C->R,0
RAW,LL,R->L,0
RAW,LL,R->C,0
RAW,LL,R->R,0
RAW,LL,L->L,0
RAW,LL,L->C,1
RAW,LL,L->R,0
RAW,LL,C->L,0
RAW,LL,C->C,1
RAW,LL,C->R,0
RAW,LL,R->L,0
RAW,LL,R->C,0
RAW,LL,R->R,0
RAW,LL,L->L,0
RAW,LL,L->C,0
RAW,LL,L->R,0
RAW,LL,C->L,0
RAW,LL,C->C,1
RAW,LL,C->R,0
RAW,LL,R->L,0
RAW,LL,R->C,0
RAW,LL,R->R,0
RAW,LL,L->L,0
RAW,LL,L->C,0
RAW,LL,L->R,0
RAW,LL,C->L,0
RAW,LL,C->C,1
RAW,LL,C->R,0
RAW,LL,R->L,0
RAW,LL,R->C,0
RAW,LL,R->R,0
RAW,LL,L->L,0
RAW,LL,L->C,0
RAW,LL,L->R,0
RAW,LL,C->L,0
RAW,LL,C->C,1
RAW,LL,C->R,0
RAW,LL,R->L,0
RAW,LL,R->C,0
RAW,LL,R->R,0
RAW,LL,L->L,0
RAW,LL,L->C,0
RAW,LL,L->R,0
RAW,LL,C->L,0
RAW,LL,C->C,1
RAW,LL,C->R,0
RAW,LL,R->L,0
RAW,LL,R->C,0
RAW,LL,R->R,0
RAW,LL,L->L,0
RAW,LL,L->C,0
RAW,LL,L->R,0
RAW,LL,C->L,0
RAW,LL,C->C,1
RAW,LL,C->R,0
RAW,LL,R->L,0
RAW,LL,R->C,0
RAW,LL,R->R,0
RAW,LL,L->L,0
RAW,LL,L->C,0
RAW,LL,L->R,0
RAW,LL,C->L,0
RAW,LL,C->C,1
RAW,LL,C->R,0
RAW,LL,R->L,0
RAW,LL,R->C,0
RAW,LL,R->R,0
RAW,LL,L->L,0
RAW,LL,L->C,0
RAW,LL,L->R,0
RAW,LL,C->L,0
RAW,LL,C->C,1
RAW,LL,C->R,0
RAW,LL,R->L,0
RAW,LL,R->C,0
RAW,LL,R->R,0
RAW,LL,L->L,0
RAW,LL,L->C,0
RAW,LL,L->R,0
RAW,LL,C->L,0
RAW,LL,C->C,1
RAW,LL,C->R,0
RAW,LL,R->L,0
RAW,LL,R->C,0
RAW,LL,R->R,0
RAW,LL,L->L,0
RAW,LL,L->C,0
RAW,LL,L->R,0
RAW,LL,C->L,0
RAW,LL,C->C,1
RAW,LL,C->R,0
RAW,LL,R->L,0
RAW,LL,R->C,0
RAW,LL,R->R,0
RAW,LL,L->L,0
RAW,LL,L->C,0
RAW,LL,L->R,0
RAW,LL,C->L,0
RAW,LL,C->C,1
RAW,LL,C->R,0
RAW,LL,R->L,0
RAW,LL,R->C,0
RAW,LL,R->R,0
RAW,LL,L->L,0
RAW,LL,L->C,0
RAW,LL,L->R,0
RAW,LL,C->L,0
RAW,LL,C->C,1
RAW,LL,C->R,0
RAW,LL,R->L,0
RAW,LL,R->C,0
RAW,LL,R->R,0
RAW,LL,L->L,0
RAW,LL,L->C,0
RAW,LL,L->R,0
RAW,LL,C->L,0
RAW,LL,C->C,1
RAW,LL,C->R,0
RAW,LL,R->L,0
RAW,LL,R->C,0
RAW,LL,R->R,0
RAW,LL,L->L,0
RAW,LL,L->C,0
RAW,LL,L->R,0
RAW,LL,C->L,0
RAW,LL,C->C,1
RAW,LL,C->R,0
RAW,LL,R->L,0
RAW,LL,R->C,0
RAW,LL,R->R,0
RAW,LL,L->L,0
RAW,LL,L->C,0
RAW,LL,L->R,0
RAW,LL,C->L,0
RAW,LL,C->C,1
RAW,LL,C->R,0
RAW,LL,R->L,0
RAW,LL,R->C,0
RAW,LL,R->R,0
RAW,LL,L->L,0.33333333333333331
RAW,LL,L->C,0.66666666666666663
RAW,LL,L->R,0
RAW,LL,C->L,0.071428571428571397
RAW,LL,C->C,0.9285714285714286
RAW,LL,C->R,0
RAW,LL,R->L,0
RAW,LL,R->C,0
RAW,LL,R->R,0
RAW,LL,L->L,0
RAW,LL,L->C,0
RAW,LL,L->R,0
RAW,LL,C->L,0
RAW,LL,C->C,1
RAW,LL,C->R,0
RAW,LL,R->L,0
RAW,LL,R->C,0
RAW,LL,R->R,0
RAW,LL,L->L,0
RAW,LL,L->C,0
RAW,LL,L->R,0
RAW,LL,C->L,0
RAW,LL,C->C,1
RAW,LL,C->R,0
RAW,LL,R->L,0
RAW,LL,R->C,0
RAW,LL,R->R,0
RAW,LL,L->L,0
RAW,LL,L->C,0
RAW,LL,L->R,0
RAW,LL,C->L,0
RAW,LL,C->C,1
RAW,LL,C->R,0
RAW,LL,R->L,0
RAW,LL,R->C,0
RAW,LL,R->R,0
RAW,LL,L->L,0
RAW,LL,L->C,0
RAW,LL,L->R,0
RAW,LL,C->L,0
RAW,LL,C->C,1
RAW,LL,C->R,0
RAW,LL,R->L,0
RAW,LL,R->C,0
RAW,LL,R->R,0
RAW,LL,L->L,0
RAW,LL,L->C,0
RAW,LL,L->R,0
RAW,LL,C->L,0
RAW,LL,C->C,1
RAW,LL,C->R,0
RAW,LL,R->L,0
RAW,LL,R->C,0
RAW,LL,R->R,0
RAW,LL,L->L,0.66666666666666663
RAW,LL,L->C,0.33333333333333331
RAW,LL,L->R,0
RAW,LL,C->L,0
RAW,LL,C->C,0.88888888888888884
RAW,LL,C->R,0.1111111111111111
RAW,LL,R->L,0
RAW,LL,R->C,1
RAW,LL,R->R,0
RAW,LL,L->L,0
RAW,LL,L->C,0
RAW,LL,L->R,0
RAW,LL,C->L,0
RAW,LL,C->C,1
RAW,LL,C->R,0
RAW,LL,R->L,0
RAW,LL,R->C,0
RAW,LL,R->R,0
RAW,LL,L->L,0
RAW,LL,L->C,1
RAW,LL,L->R,0
RAW,LL,C->L,0.083333333333333301
RAW,LL,C->C,0.91666666666666663
RAW,LL,C->R,0
RAW,LL,R->L,0
RAW,LL,R->C,0
RAW,LL,R->R,0
RAW,LL,L->L,0
RAW,LL,L->C,0
RAW,LL,L->R,0
RAW,LL,C->L,0
RAW,LL,C->C,1
RAW,LL,C->R,0
RAW,LL,R->L,0
RAW,LL,R->C,0
RAW,LL,R->R,0
RAW,LL,L->L,0
RAW,LL,L->C,0
RAW,LL,L->R,0
RAW,LL,C->L,0
RAW,LL,C->C,1
RAW,LL,C->R,0
RAW,LL,R->L,0
RAW,LL,R->C,0
RAW,LL,R->R,0
RAW,LL,L->L,0
RAW,LL,L->C,0
RAW,LL,L->R,0
RAW,LL,C->L,0
RAW,LL,C->C,1
RAW,LL,C->R,0
RAW,LL,R->L,0
RAW,LL,R->C,0
RAW,LL,R->R,0
RAW,LL,L->L,0
RAW,LL,L->C,0
RAW,LL,L->R,0
RAW,LL,C->L,0
RAW,LL,C->C,1
RAW,LL,C->R,0
RAW,LL,R->L,0
RAW,LL,R->C,0
RAW,LL,R->R,0
RAW,LL,L->L,0
RAW,LL,L->C,0
RAW,LL,L->R,0
RAW,LL,C->L,0
RAW,LL,C->C,1
RAW,LL,C->R,0
RAW,LL,R->L,0
RAW,LL,R->C,0
RAW,LL,R->R,0
HUD,LL,L->L,0.5
HUD,LL,L->C,0.5
HUD,LL,L->R,0
HUD,LL,C->L,0
HUD,LL,C->C,0.875
HUD,LL,C->R,0.125
HUD,LL,R->L,0
HUD,LL,R->C,1
HUD,LL,R->R,0
HUD,LL,L->L,0.33333333333333331
HUD,LL,L->C,0.66666666666666663
HUD,LL,L->R,0
HUD,LL,C->L,0.083333333333333301
HUD,LL,C->C,0.91666666666666663
HUD,LL,C->R,0
HUD,LL,R->L,0
HUD,LL,R->C,0
HUD,LL,R->R,0
HUD,LL,L->L,0
HUD,LL,L->C,0
HUD,LL,L->R,0
HUD,LL,C->L,0
HUD,LL,C->C,1
HUD,LL,C->R,0
HUD,LL,R->L,0
HUD,LL,R->C,0
HUD,LL,R->R,0
HUD,LL,L->L,0.75
HUD,LL,L->C,0.25
HUD,LL,L->R,0
HUD,LL,C->L,0.0769230769230769
HUD,LL,C->C,0.92307692307692324
HUD,LL,C->R,0
HUD,LL,R->L,0
HUD,LL,R->C,0
HUD,LL,R->R,0
HUD,LL,L->L,0
HUD,LL,L->C,1
HUD,LL,L->R,0
HUD,LL,C->L,0
HUD,LL,C->C,0.83333333333333337
HUD,LL,C->R,0.1666666666666666
HUD,LL,R->L,0
HUD,LL,R->C,0.33333333333333331
HUD,LL,R->R,0.66666666666666663
HUD,LL,L->L,0
HUD,LL,L->C,0
HUD,LL,L->R,0
HUD,LL,C->L,0
HUD,LL,C->C,1
HUD,LL,C->R,0
HUD,LL,R->L,0
HUD,LL,R->C,0
HUD,LL,R->R,0
HUD,LL,L->L,0
HUD,LL,L->C,0
HUD,LL,L->R,0
HUD,LL,C->L,0
HUD,LL,C->C,1
HUD,LL,C->R,0
HUD,LL,R->L,0
HUD,LL,R->C,0
HUD,LL,R->R,0
HUD,LL,L->L,0
HUD,LL,L->C,0
HUD,LL,L->R,0
HUD,LL,C->L,0
HUD,LL,C->C,1
HUD,LL,C->R,0
HUD,LL,R->L,0
HUD,LL,R->C,0
HUD,LL,R->R,0
HUD,LL,L->L,0.66666666666666663
HUD,LL,L->C,0.33333333333333331
HUD,LL,L->R,0
HUD,LL,C->L,0.20000000000000001
HUD,LL,C->C,0.80000000000000004
HUD,LL,C->R,0
HUD,LL,R->L,0
HUD,LL,R->C,0
HUD,LL,R->R,0
HUD,LL,L->L,0
HUD,LL,L->C,1
HUD,LL,L->R,0
HUD,LL,C->L,0.0769230769230769
HUD,LL,C->C,0.92307692307692324
HUD,LL,C->R,0
HUD,LL,R->L,0
HUD,LL,R->C,0
HUD,LL,R->R,0
HUD,LL,L->L,0
HUD,LL,L->C,0
HUD,LL,L->R,0
HUD,LL,C->L,0
HUD,LL,C->C,1
HUD,LL,C->R,0
HUD,LL,R->L,0
HUD,LL,R->C,0
HUD,LL,R->R,0
HUD,LL,L->L,0
HUD,LL,L->C,0
HUD,LL,L->R,0
HUD,LL,C->L,0
HUD,LL,C->C,0.90909090909090917
HUD,LL,C->R,0.090909090909090898
HUD,LL,R->L,0
HUD,LL,R->C,1
HUD,LL,R->R,0
HUD,LL,L->L,0
HUD,LL,L->C,0
HUD,LL,L->R,0
HUD,LL,C->L,0
HUD,LL,C->C,1
HUD,LL,C->R,0
HUD,LL,R->L,0
HUD,LL,R->C,0
HUD,LL,R->R,0
HUD,LL,L->L,0
HUD,LL,L->C,0
HUD,LL,L->R,0
HUD,LL,C->L,0
HUD,LL,C->C,1
HUD,LL,C->R,0
HUD,LL,R->L,0
HUD,LL,R->C,0
HUD,LL,R->R,0
HUD,LL,L->L,0
HUD,LL,L->C,0
HUD,LL,L->R,0
HUD,LL,C->L,0
HUD,LL,C->C,1
HUD,LL,C->R,0
HUD,LL,R->L,0
HUD,LL,R->C,0
HUD,LL,R->R,0
HUD,LL,L->L,0
HUD,LL,L->C,0
HUD,LL,L->R,0
HUD,LL,C->L,0
HUD,LL,C->C,1
HUD,LL,C->R,0
HUD,LL,R->L,0
HUD,LL,R->C,0
HUD,LL,R->R,0
HUD,LL,L->L,0
HUD,LL,L->C,0
HUD,LL,L->R,0
HUD,LL,C->L,0
HUD,LL,C->C,1
HUD,LL,C->R,0
HUD,LL,R->L,0
HUD,LL,R->C,0
HUD,LL,R->R,0
HUD,LL,L->L,0.25
HUD,LL,L->C,0.75
HUD,LL,L->R,0
HUD,LL,C->L,0.1818181818181818
HUD,LL,C->C,0.81818181818181823
HUD,LL,C->R,0
HUD,LL,R->L,0
HUD,LL,R->C,0
HUD,LL,R->R,0
HUD,LL,L->L,0
HUD,LL,L->C,0
HUD,LL,L->R,0
HUD,LL,C->L,0
HUD,LL,C->C,0.90000000000000002
HUD,LL,C->R,0.10000000000000001
HUD,LL,R->L,0
HUD,LL,R->C,1
HUD,LL,R->R,0
HUD,LL,L->L,0
HUD,LL,L->C,0
HUD,LL,L->R,0
HUD,LL,C->L,0
HUD,LL,C->C,0.90909090909090917
HUD,LL,C->R,0.090909090909090898
HUD,LL,R->L,0
HUD,LL,R->C,1
HUD,LL,R->R,0
HUD,LL,L->L,0
HUD,LL,L->C,0
HUD,LL,L->R,0
HUD,LL,C->L,0
HUD,LL,C->C,1
HUD,LL,C->R,0
HUD,LL,R->L,0
HUD,LL,R->C,0
HUD,LL,R->R,0
HUD,LL,L->L,0
HUD,LL,L->C,0
HUD,LL,L->R,0
HUD,LL,C->L,0
HUD,LL,C->C,0.92307692307692324
HUD,LL,C->R,0.0769230769230769
HUD,LL,R->L,0
HUD,LL,R->C,1
HUD,LL,R->R,0
HUD,LL,L->L,0.5
HUD,LL,L->C,0.5
HUD,LL,L->R,0
HUD,LL,C->L,0.125
HUD,LL,C->C,0.875
HUD,LL,C->R,0
HUD,LL,R->L,0
HUD,LL,R->C,0
HUD,LL,R->R,0
HUD,LL,L->L,0
HUD,LL,L->C,0
HUD,LL,L->R,0
HUD,LL,C->L,0
HUD,LL,C->C,1
HUD,LL,C->R,0
HUD,LL,R->L,0
HUD,LL,R->C,0
HUD,LL,R->R,0
HUD,LL,L->L,0
HUD,LL,L->C,1
HUD,LL,L->R,0
HUD,LL,C->L,0.33333333333333331
HUD,LL,C->C,0.66666666666666663
HUD,LL,C->R,0
HUD,LL,R->L,0
HUD,LL,R->C,0
HUD,LL,R->R,0
HUD,LL,L->L,0
HUD,LL,L->C,0
HUD,LL,L->R,0
HUD,LL,C->L,0
HUD,LL,C->C,1
HUD,LL,C->R,0
HUD,LL,R->L,0
HUD,LL,R->C,0
HUD,LL,R->R,0
HUD,LL,L->L,0
HUD,LL,L->C,0
HUD,LL,L->R,0
HUD,LL,C->L,0
HUD,LL,C->C,0.92307692307692324
HUD,LL,C->R,0.0769230769230769
HUD,LL,R->L,0
HUD,LL,R->C,0
HUD,LL,R->R,0
HUD,LL,L->L,0
HUD,LL,L->C,0
HUD,LL,L->R,0
HUD,LL,C->L,0
HUD,LL,C->C,1
HUD,LL,C->R,0
HUD,LL,R->L,0
HUD,LL,R->C,0
HUD,LL,R->R,0
HUD,LL,L->L,0.7142857142857143
HUD,LL,L->C,0.2857142857142857
HUD,LL,L->R,0
HUD,LL,C->L,0.14285714285714279
HUD,LL,C->C,0.7142857142857143
HUD,LL,C->R,0.14285714285714279
HUD,LL,R->L,0
HUD,LL,R->C,1
HUD,LL,R->R,0
HUD,LL,L->L,0.5
HUD,LL,L->C,0.5
HUD,LL,L->R,0
HUD,LL,C->L,0.1666666666666666
HUD,LL,C->C,0.83333333333333337
HUD,LL,C->R,0
HUD,LL,R->L,0
HUD,LL,R->C,0
HUD,LL,R->R,0
HUD,LL,L->L,0
HUD,LL,L->C,1
HUD,LL,L->R,0
HUD,LL,C->L,0.25
HUD,LL,C->C,0.75
HUD,LL,C->R,0
HUD,LL,R->L,0
HUD,LL,R->C,0
HUD,LL,R->R,0
HUD,LL,L->L,0.5
HUD,LL,L->C,0.5
HUD,LL,L->R,0
HUD,LL,C->L,0.050000000000000003
HUD,LL,C->C,0.94999999999999996
HUD,LL,C->R,0
HUD,LL,R->L,0
HUD,LL,R->C,0
HUD,LL,R->R,0
HUD,LL,L->L,0.5
HUD,LL,L->C,0.5
HUD,LL,L->R,0
HUD,LL,C->L,0
HUD,LL,C->C,1
HUD,LL,C->R,0
HUD,LL,R->L,0
HUD,LL,R->C,0
HUD,LL,R->R,0
HUD,LL,L->L,0
HUD,LL,L->C,1
HUD,LL,L->R,0
HUD,LL,C->L,0.1111111111111111
HUD,LL,C->C,0.88888888888888884
HUD,LL,C->R,0
HUD,LL,R->L,0
HUD,LL,R->C,0
HUD,LL,R->R,0
HUD,LL,L->L,0
HUD,LL,L->C,1
HUD,LL,L->R,0
HUD,LL,C->L,0
HUD,LL,C->C,1
HUD,LL,C->R,0
HUD,LL,R->L,0
HUD,LL,R->C,0
HUD,LL,R->R,0
HUD,LL,L->L,0
HUD,LL,L->C,1
HUD,LL,L->R,0
HUD,LL,C->L,0
HUD,LL,C->C,1
HUD,LL,C->R,0
HUD,LL,R->L,0
HUD,LL,R->C,0
HUD,LL,R->R,0
HUD,LL,L->L,0
HUD,LL,L->C,0
HUD,LL,L->R,0
HUD,LL,C->L,0
HUD,LL,C->C,1
HUD,LL,C->R,0
HUD,LL,R->L,0
HUD,LL,R->C,0
HUD,LL,R->R,0
HUD,LL,L->L,0.5
HUD,LL,L->C,0.5
HUD,LL,L->R,0
HUD,LL,C->L,0
HUD,LL,C->C,1
HUD,LL,C->R,0
HUD,LL,R->L,0
HUD,LL,R->C,0
HUD,LL,R->R,0
HUD,LL,L->L,0.66666666666666663
HUD,LL,L->C,0.33333333333333331
HUD,LL,L->R,0
HUD,LL,C->L,0
HUD,LL,C->C,1
HUD,LL,C->R,0
HUD,LL,R->L,0
HUD,LL,R->C,0
HUD,LL,R->R,0
HUD,LL,L->L,0
HUD,LL,L->C,1
HUD,LL,L->R,0
HUD,LL,C->L,0.1111111111111111
HUD,LL,C->C,0.88888888888888884
HUD,LL,C->R,0
HUD,LL,R->L,0
HUD,LL,R->C,0
HUD,LL,R->R,0
HUD,LL,L->L,0
HUD,LL,L->C,1
HUD,LL,L->R,0
HUD,LL,C->L,0.22222222222222221
HUD,LL,C->C,0.77777777777777779
HUD,LL,C->R,0
HUD,LL,R->L,0
HUD,LL,R->C,0
HUD,LL,R->R,0
HUD,LL,L->L,0.80000000000000004
HUD,LL,L->C,0.20000000000000001
HUD,LL,L->R,0
HUD,LL,C->L,0
HUD,LL,C->C,1
HUD,LL,C->R,0
HUD,LL,R->L,0
HUD,LL,R->C,0
HUD,LL,R->R,0
HUD,LL,L->L,0.33333333333333331
HUD,LL,L->C,0.66666666666666663
HUD,LL,L->R,0
HUD,LL,C->L,0.40000000000000002
HUD,LL,C->C,0.59999999999999998
HUD,LL,C->R,0
HUD,LL,R->L,0
HUD,LL,R->C,0
HUD,LL,R->R,0
HUD,LL,L->L,0.5
HUD,LL,L->C,0.5
HUD,LL,L->R,0
HUD,LL,C->L,0.125
HUD,LL,C->C,0.75
HUD,LL,C->R,0.125
HUD,LL,R->L,0
HUD,LL,R->C,0
HUD,LL,R->R,0
HUD,LL,L->L,0.5
HUD,LL,L->C,0.5
HUD,LL,L->R,0
HUD,LL,C->L,0.1111111111111111
HUD,LL,C->C,0.77777777777777779
HUD,LL,C->R,0.1111111111111111
HUD,LL,R->L,0
HUD,LL,R->C,1
HUD,LL,R->R,0
HUD,LL,L->L,0
HUD,LL,L->C,1
HUD,LL,L->R,0
HUD,LL,C->L,0
HUD,LL,C->C,1
HUD,LL,C->R,0
HUD,LL,R->L,0
HUD,LL,R->C,0
HUD,LL,R->R,0
HUD,LL,L->L,0.66666666666666663
HUD,LL,L->C,0.33333333333333331
HUD,LL,L->R,0
HUD,LL,C->L,0.083333333333333301
HUD,LL,C->C,0.91666666666666663
HUD,LL,C->R,0
HUD,LL,R->L,0
HUD,LL,R->C,0
HUD,LL,R->R,0
HUD,LL,L->L,0
HUD,LL,L->C,1
HUD,LL,L->R,0
HUD,LL,C->L,0
HUD,LL,C->C,1
HUD,LL,C->R,0
HUD,LL,R->L,0
HUD,LL,R->C,0
HUD,LL,R->R,0
HUD,LL,L->L,0
HUD,LL,L->C,0
HUD,LL,L->R,0
HUD,LL,C->L,0
HUD,LL,C->C,1
HUD,LL,C->R,0
HUD,LL,R->L,0
HUD,LL,R->C,0
HUD,LL,R->R,0
HUD,LL,L->L,0
HUD,LL,L->C,0
HUD,LL,L->R,0
HUD,LL,C->L,0
HUD,LL,C->C,1
HUD,LL,C->R,0
HUD,LL,R->L,0
HUD,LL,R->C,0
HUD,LL,R->R,0
HUD,LL,L->L,0
HUD,LL,L->C,0
HUD,LL,L->R,0
HUD,LL,C->L,0
HUD,LL,C->C,1
HUD,LL,C->R,0
HUD,LL,R->L,0
HUD,LL,R->C,0
HUD,LL,R->R,0
HUD,LL,L->L,0.5
HUD,LL,L->C,0.5
HUD,LL,L->R,0
HUD,LL,C->L,0
HUD,LL,C->C,1
HUD,LL,C->R,0
HUD,LL,R->L,0
HUD,LL,R->C,0
HUD,LL,R->R,0
HUD,LL,L->L,0.7142857142857143
HUD,LL,L->C,0.2857142857142857
HUD,LL,L->R,0
HUD,LL,C->L,0.14285714285714279
HUD,LL,C->C,0.8571428571428571
HUD,LL,C->R,0
HUD,LL,R->L,0
HUD,LL,R->C,0
HUD,LL,R->R,0
HUD,LL,L->L,0.5
HUD,LL,L->C,0.5
HUD,LL,L->R,0
HUD,LL,C->L,0.090909090909090898
HUD,LL,C->C,0.90909090909090917
HUD,LL,C->R,0
HUD,LL,R->L,0
HUD,LL,R->C,0
HUD,LL,R->R,0
HUD,LL,L->L,0.59999999999999998
HUD,LL,L->C,0.40000000000000002
HUD,LL,L->R,0
HUD,LL,C->L,0.066666666666666596
HUD,LL,C->C,0.93333333333333324
HUD,LL,C->R,0
HUD,LL,R->L,0
HUD,LL,R->C,0
HUD,LL,R->R,0
HUD,LL,L->L,0.75
HUD,LL,L->C,0.25
HUD,LL,L->R,0
HUD,LL,C->L,0.125
HUD,LL,C->C,0.875
HUD,LL,C->R,0
HUD,LL,R->L,0
HUD,LL,R->C,0
HUD,LL,R->R,0
HUD,LL,L->L,0
HUD,LL,L->C,0
HUD,LL,L->R,0
HUD,LL,C->L,0
HUD,LL,C->C,1
HUD,LL,C->R,0
HUD,LL,R->L,0
HUD,LL,R->C,0
HUD,LL,R->R,0
HUD,LL,L->L,0
HUD,LL,L->C,1
HUD,LL,L->R,0
HUD,LL,C->L,0
HUD,LL,C->C,1
HUD,LL,C->R,0
HUD,LL,R->L,0
HUD,LL,R->C,0
HUD,LL,R->R,0
HUD,LL,L->L,0.66666666666666663
HUD,LL,L->C,0.33333333333333331
HUD,LL,L->R,0
HUD,LL,C->L,0.090909090909090898
HUD,LL,C->C,0.90909090909090917
HUD,LL,C->R,0
HUD,LL,R->L,0
HUD,LL,R->C,0
HUD,LL,R->R,0
HUD,LL,L->L,0
HUD,LL,L->C,0
HUD,LL,L->R,0
HUD,LL,C->L,0
HUD,LL,C->C,1
HUD,LL,C->R,0
HUD,LL,R->L,0
HUD,LL,R->C,0
HUD,LL,R->R,0
HUD,LL,L->L,0
HUD,LL,L->C,0
HUD,LL,L->R,0
HUD,LL,C->L,0
HUD,LL,C->C,1
HUD,LL,C->R,0
HUD,LL,R->L,0
HUD,LL,R->C,0
HUD,LL,R->R,0
HUD,LL,L->L,0.5
HUD,LL,L->C,0.5
HUD,LL,L->R,0
HUD,LL,C->L,0.1666666666666666
HUD,LL,C->C,0.83333333333333337
HUD,LL,C->R,0
HUD,LL,R->L,0
HUD,LL,R->C,0
HUD,LL,R->R,0
HUD,LL,L->L,0
HUD,LL,L->C,0
HUD,LL,L->R,0
HUD,LL,C->L,0
HUD,LL,C->C,1
HUD,LL,C->R,0
HUD,LL,R->L,0
HUD,LL,R->C,0
HUD,LL,R->R,0
HUD,LL,L->L,0
HUD,LL,L->C,0
HUD,LL,L->R,0
HUD,LL,C->L,0
HUD,LL,C->C,0.90000000000000002
HUD,LL,C->R,0.10000000000000001
HUD,LL,R->L,0
HUD,LL,R->C,1
HUD,LL,R->R,0
HUD,LL,L->L,0
HUD,LL,L->C,0
HUD,LL,L->R,0
HUD,LL,C->L,0
HUD,LL,C->C,1
HUD,LL,C->R,0
HUD,LL,R->L,0
HUD,LL,R->C,0
HUD,LL,R->R,0
HUD,LL,L->L,0
HUD,LL,L->C,1
HUD,LL,L->R,0
HUD,LL,C->L,0.090909090909090898
HUD,LL,C->C,0.90909090909090917
HUD,LL,C->R,0
HUD,LL,R->L,0
HUD,LL,R->C,0
HUD,LL,R->R,0
HUD,LL,L->L,0
HUD,LL,L->C,0
HUD,LL,L->R,0
HUD,LL,C->L,0
HUD,LL,C->C,1
HUD,LL,C->R,0
HUD,LL,R->L,0
HUD,LL,R->C,0
HUD,LL,R->R,0
HUD,LL,L->L,0
HUD,LL,L->C,1
HUD,LL,L->R,0
HUD,LL,C->L,0.083333333333333301
HUD,LL,C->C,0.91666666666666663
HUD,LL,C->R,0
HUD,LL,R->L,0
HUD,LL,R->C,0
HUD,LL,R->R,0
HUD,LL,L->L,0
HUD,LL,L->C,0
HUD,LL,L->R,0
HUD,LL,C->L,0
HUD,LL,C->C,0.90909090909090917
HUD,LL,C->R,0.090909090909090898
HUD,LL,R->L,0
HUD,LL,R->C,1
HUD,LL,R->R,0
HUD,LL,L->L,0
HUD,LL,L->C,0
HUD,LL,L->R,0
HUD,LL,C->L,0
HUD,LL,C->C,1
HUD,LL,C->R,0
HUD,LL,R->L,0
HUD,LL,R->C,0
HUD,LL,R->R,0
HUD,LL,L->L,0
HUD,LL,L->C,0
HUD,LL,L->R,0
HUD,LL,C->L,0
HUD,LL,C->C,0.9375
HUD,LL,C->R,0.0625
HUD,LL,R->L,0
HUD,LL,R->C,1
HUD,LL,R->R,0
HUD,LL,L->L,0
HUD,LL,L->C,1
HUD,LL,L->R,0
HUD,LL,C->L,0
HUD,LL,C->C,1
HUD,LL,C->R,0
HUD,LL,R->L,0
HUD,LL,R->C,0
HUD,LL,R->R,0
HUD,LL,L->L,0
HUD,LL,L->C,1
HUD,LL,L->R,0
HUD,LL,C->L,0.0769230769230769
HUD,LL,C->C,0.92307692307692324
HUD,LL,C->R,0
HUD,LL,R->L,0
HUD,LL,R->C,0
HUD,LL,R->R,0
HUD,LL,L->L,0
HUD,LL,L->C,1
HUD,LL,L->R,0
HUD,LL,C->L,0
HUD,LL,C->C,1
HUD,LL,C->R,0
HUD,LL,R->L,0
HUD,LL,R->C,0
HUD,LL,R->R,0
HUD,LL,L->L,0
HUD,LL,L->C,0
HUD,LL,L->R,0
HUD,LL,C->L,0
HUD,LL,C->C,1
HUD,LL,C->R,0
HUD,LL,R->L,0
HUD,LL,R->C,0
HUD,LL,R->R,0
HUD,LL,L->L,0
HUD,LL,L->C,0
HUD,LL,L->R,0
HUD,LL,C->L,0
HUD,LL,C->C,1
HUD,LL,C->R,0
HUD,LL,R->L,0
HUD,LL,R->C,0
HUD,LL,R->R,0
HUD,LL,L->L,0
HUD,LL,L->C,0
HUD,LL,L->R,0
HUD,LL,C->L,0
HUD,LL,C->C,1
HUD,LL,C->R,0
HUD,LL,R->L,0
HUD,LL,R->C,0
HUD,LL,R->R,0
HUD,LL,L->L,0
HUD,LL,L->C,0
HUD,LL,L->R,0
HUD,LL,C->L,0
HUD,LL,C->C,1
HUD,LL,C->R,0
HUD,LL,R->L,0
HUD,LL,R->C,0
HUD,LL,R->R,0
HUD,LL,L->L,0
HUD,LL,L->C,0
HUD,LL,L->R,0
HUD,LL,C->L,0
HUD,LL,C->C,1
HUD,LL,C->R,0
HUD,LL,R->L,0
HUD,LL,R->C,0
HUD,LL,R->R,0
HUD,LL,L->L,0
HUD,LL,L->C,0
HUD,LL,L->R,0
HUD,LL,C->L,0
HUD,LL,C->C,1
HUD,LL,C->R,0
HUD,LL,R->L,0
HUD,LL,R->C,0
HUD,LL,R->R,0
RAW,PLL,L->L,0
RAW,PLL,L->C,0
RAW,PLL,L->R,0
RAW,PLL,C->L,0
RAW,PLL,C->C,1
RAW,PLL,C->R,0
RAW,PLL,R->L,0
RAW,PLL,R->C,0
RAW,PLL,R->R,0
RAW,PLL,L->L,0.40000000000000002
RAW,PLL,L->C,0.59999999999999998
RAW,PLL,L->R,0
RAW,PLL,C->L,0.27272727272727271
RAW,PLL,C->C,0.72727272727272729
RAW,PLL,C->R,0
RAW,PLL,R->L,0
RAW,PLL,R->C,0
RAW,PLL,R->R,0
RAW,PLL,L->L,0.5
RAW,PLL,L->C,0.5
RAW,PLL,L->R,0
RAW,PLL,C->L,0.14285714285714279
RAW,PLL,C->C,0.8571428571428571
RAW,PLL,C->R,0
RAW,PLL,R->L,0
RAW,PLL,R->C,0
RAW,PLL,R->R,0
RAW,PLL,L->L,0
RAW,PLL,L->C,0
RAW,PLL,L->R,0
RAW,PLL,C->L,0
RAW,PLL,C->C,1
RAW,PLL,C->R,0
RAW,PLL,R->L,0
RAW,PLL,R->C,0
RAW,PLL,R->R,0
RAW,PLL,L->L,0.5
RAW,PLL,L->C,0.5
RAW,PLL,L->R,0
RAW,PLL,C->L,0.14285714285714279
RAW,PLL,C->C,0.8571428571428571
RAW,PLL,C->R,0
RAW,PLL,R->L,0
RAW,PLL,R->C,0
RAW,PLL,R->R,0
RAW,PLL,L->L,0
RAW,PLL,L->C,0
RAW,PLL,L->R,0
RAW,PLL,C->L,0.083333333333333301
RAW,PLL,C->C,0.91666666666666663
RAW,PLL,C->R,0
RAW,PLL,R->L,0
RAW,PLL,R->C,0
RAW,PLL,R->R,0
RAW,PLL,L->L,0.33333333333333331
RAW,PLL,L->C,0.66666666666666663
RAW,PLL,L->R,0
RAW,PLL,C->L,0.33333333333333331
RAW,PLL,C->C,0.66666666666666663
RAW,PLL,C->R,0
RAW,PLL,R->L,0
RAW,PLL,R->C,0
RAW,PLL,R->R,0
RAW,PLL,L->L,0.5
RAW,PLL,L->C,0.5
RAW,PLL,L->R,0
RAW,PLL,C->L,0.0769230769230769
RAW,PLL,C->C,0.92307692307692324
RAW,PLL,C->R,0
RAW,PLL,R->L,0
RAW,PLL,R->C,0
RAW,PLL,R->R,0
RAW,PLL,L->L,0.875
RAW,PLL,L->C,0.125
RAW,PLL,L->R,0
RAW,PLL,C->L,0.5
RAW,PLL,C->C,0.5
RAW,PLL,C->R,0
RAW,PLL,R->L,0
RAW,PLL,R->C,0
RAW,PLL,R->R,0
RAW,PLL,L->L,1
RAW,PLL,L->C,0
RAW,PLL,L->R,0
RAW,PLL,C->L,0.0625
RAW,PLL,C->C,0.9375
RAW,PLL,C->R,0
RAW,PLL,R->L,0
RAW,PLL,R->C,0
RAW,PLL,R->R,0
RAW,PLL,L->L,0.83333333333333337
RAW,PLL,L->C,0.1666666666666666
RAW,PLL,L->R,0
RAW,PLL,C->L,0.1111111111111111
RAW,PLL,C->C,0.88888888888888884
RAW,PLL,C->R,0
RAW,PLL,R->L,0
RAW,PLL,R->C,0
RAW,PLL,R->R,0
RAW,PLL,L->L,0
RAW,PLL,L->C,0
RAW,PLL,L->R,0
RAW,PLL,C->L,0.090909090909090898
RAW,PLL,C->C,0.90909090909090917
RAW,PLL,C->R,0
RAW,PLL,R->L,0
RAW,PLL,R->C,0
RAW,PLL,R->R,0
RAW,PLL,L->L,0
RAW,PLL,L->C,0
RAW,PLL,L->R,0
RAW,PLL,C->L,0
RAW,PLL,C->C,1
RAW,PLL,C->R,0
RAW,PLL,R->L,0
RAW,PLL,R->C,0
RAW,PLL,R->R,0
RAW,PLL,L->L,0
RAW,PLL,L->C,0
RAW,PLL,L->R,0
RAW,PLL,C->L,0
RAW,PLL,C->C,1
RAW,PLL,C->R,0
RAW,PLL,R->L,0
RAW,PLL,R->C,0
RAW,PLL,R->R,0
RAW,PLL,L->L,0
RAW,PLL,L->C,0
RAW,PLL,L->R,0
RAW,PLL,C->L,0
RAW,PLL,C->C,1
RAW,PLL,C->R,0
RAW,PLL,R->L,0
RAW,PLL,R->C,0
RAW,PLL,R->R,0
RAW,PLL,L->L,0
RAW,PLL,L->C,0
RAW,PLL,L->R,0
RAW,PLL,C->L,0
RAW,PLL,C->C,1
RAW,PLL,C->R,0
RAW,PLL,R->L,0
RAW,PLL,R->C,0
RAW,PLL,R->R,0
RAW,PLL,L->L,0
RAW,PLL,L->C,1
RAW,PLL,L->R,0
RAW,PLL,C->L,0
RAW,PLL,C->C,1
RAW,PLL,C->R,0
RAW,PLL,R->L,0
RAW,PLL,R->C,0
RAW,PLL,R->R,0
RAW,PLL,L->L,0
RAW,PLL,L->C,0
RAW,PLL,L->R,0
RAW,PLL,C->L,0
RAW,PLL,C->C,1
RAW,PLL,C->R,0
RAW,PLL,R->L,0
RAW,PLL,R->C,0
RAW,PLL,R->R,0
RAW,PLL,L->L,0.66666666666666663
RAW,PLL,L->C,0.33333333333333331
RAW,PLL,L->R,0
RAW,PLL,C->L,0.10000000000000001
RAW,PLL,C->C,0.90000000000000002
RAW,PLL,C->R,0
RAW,PLL,R->L,0
RAW,PLL,R->C,1
RAW,PLL,R->R,0
RAW,PLL,L->L,0.83333333333333337
RAW,PLL,L->C,0.1666666666666666
RAW,PLL,L->R,0
RAW,PLL,C->L,0.10000000000000001
RAW,PLL,C->C,0.90000000000000002
RAW,PLL,C->R,0
RAW,PLL,R->L,0
RAW,PLL,R->C,0
RAW,PLL,R->R,0
RAW,PLL,L->L,0
RAW,PLL,L->C,0
RAW,PLL,L->R,0
RAW,PLL,C->L,0
RAW,PLL,C->C,1
RAW,PLL,C->R,0
RAW,PLL,R->L,0
RAW,PLL,R->C,0
RAW,PLL,R->R,0
RAW,PLL,L->L,0
RAW,PLL,L->C,0
RAW,PLL,L->R,0
RAW,PLL,C->L,0
RAW,PLL,C->C,1
RAW,PLL,C->R,0
RAW,PLL,R->L,0
RAW,PLL,R->C,0
RAW,PLL,R->R,0
RAW,PLL,L->L,0.77777777777777779
RAW,PLL,L->C,0.22222222222222221
RAW,PLL,L->R,0
RAW,PLL,C->L,0.2857142857142857
RAW,PLL,C->C,0.7142857142857143
RAW,PLL,C->R,0
RAW,PLL,R->L,0
RAW,PLL,R->C,0
RAW,PLL,R->R,0
RAW,PLL,L->L,0
RAW,PLL,L->C,0
RAW,PLL,L->R,0
RAW,PLL,C->L,0.1111111111111111
RAW,PLL,C->C,0.88888888888888884
RAW,PLL,C->R,0
RAW,PLL,R->L,0
RAW,PLL,R->C,0
RAW,PLL,R->R,0
RAW,PLL,L->L,0
RAW,PLL,L->C,0
RAW,PLL,L->R,0
RAW,PLL,C->L,0
RAW,PLL,C->C,1
RAW,PLL,C->R,0
RAW,PLL,R->L,0
RAW,PLL,R->C,0
RAW,PLL,R->R,0
RAW,PLL,L->L,0
RAW,PLL,L->C,0
RAW,PLL,L->R,0
RAW,PLL,C->L,0
RAW,PLL,C->C,1
RAW,PLL,C->R,0
RAW,PLL,R->L,0
RAW,PLL,R->C,0
RAW,PLL,R->R,0
RAW,PLL,L->L,0
RAW,PLL,L->C,0
RAW,PLL,L->R,0
RAW,PLL,C->L,0
RAW,PLL,C->C,1
RAW,PLL,C->R,0
RAW,PLL,R->L,0
RAW,PLL,R->C,0
RAW,PLL,R->R,0
RAW,PLL,L->L,0
RAW,PLL,L->C,0
RAW,PLL,L->R,0
RAW,PLL,C->L,0
RAW,PLL,C->C,1
RAW,PLL,C->R,0
RAW,PLL,R->L,0
RAW,PLL,R->C,0
RAW,PLL,R->R,0
RAW,PLL,L->L,0
RAW,PLL,L->C,0
RAW,PLL,L->R,0
RAW,PLL,C->L,0
RAW,PLL,C->C,1
RAW,PLL,C->R,0
RAW,PLL,R->L,0
RAW,PLL,R->C,0
RAW,PLL,R->R,0
RAW,PLL,L->L,0
RAW,PLL,L->C,0
RAW,PLL,L->R,0
RAW,PLL,C->L,0
RAW,PLL,C->C,1
RAW,PLL,C->R,0
RAW,PLL,R->L,0
RAW,PLL,R->C,0
RAW,PLL,R->R,0
RAW,PLL,L->L,0
RAW,PLL,L->C,0
RAW,PLL,L->R,0
RAW,PLL,C->L,0
RAW,PLL,C->C,1
RAW,PLL,C->R,0
RAW,PLL,R->L,0
RAW,PLL,R->C,0
RAW,PLL,R->R,0
RAW,PLL,L->L,0
RAW,PLL,L->C,0
RAW,PLL,L->R,0
RAW,PLL,C->L,0
RAW,PLL,C->C,1
RAW,PLL,C->R,0
RAW,PLL,R->L,0
RAW,PLL,R->C,0
RAW,PLL,R->R,0
RAW,PLL,L->L,0
RAW,PLL,L->C,0
RAW,PLL,L->R,0
RAW,PLL,C->L,0
RAW,PLL,C->C,1
RAW,PLL,C->R,0
RAW,PLL,R->L,0
RAW,PLL,R->C,0
RAW,PLL,R->R,0
RAW,PLL,L->L,1
RAW,PLL,L->C,0
RAW,PLL,L->R,0
RAW,PLL,C->L,0.090909090909090898
RAW,PLL,C->C,0.90909090909090917
RAW,PLL,C->R,0
RAW,PLL,R->L,0
RAW,PLL,R->C,0
RAW,PLL,R->R,0
RAW,PLL,L->L,0.75
RAW,PLL,L->C,0.25
RAW,PLL,L->R,0
RAW,PLL,C->L,0.125
RAW,PLL,C->C,0.875
RAW,PLL,C->R,0
RAW,PLL,R->L,0
RAW,PLL,R->C,0
RAW,PLL,R->R,0
RAW,PLL,L->L,0.5
RAW,PLL,L->C,0.5
RAW,PLL,L->R,0
RAW,PLL,C->L,0.10000000000000001
RAW,PLL,C->C,0.90000000000000002
RAW,PLL,C->R,0
RAW,PLL,R->L,0
RAW,PLL,R->C,0
RAW,PLL,R->R,0
RAW,PLL,L->L,0
RAW,PLL,L->C,0
RAW,PLL,L->R,0
RAW,PLL,C->L,0
RAW,PLL,C->C,1
RAW,PLL,C->R,0
RAW,PLL,R->L,0
RAW,PLL,R->C,0
RAW,PLL,R->R,0
RAW,PLL,L->L,0.80000000000000004
RAW,PLL,L->C,0.20000000000000001
RAW,PLL,L->R,0
RAW,PLL,C->L,0.1111111111111111
RAW,PLL,C->C,0.88888888888888884
RAW,PLL,C->R,0
RAW,PLL,R->L,0
RAW,PLL,R->C,0
RAW,PLL,R->R,0
RAW,PLL,L->L,0.59999999999999998
RAW,PLL,L->C,0.40000000000000002
RAW,PLL,L->R,0
RAW,PLL,C->L,0.25
RAW,PLL,C->C,0.75
RAW,PLL,C->R,0
RAW,PLL,R->L,0
RAW,PLL,R->C,0
RAW,PLL,R->R,0
RAW,PLL,L->L,0.5
RAW,PLL,L->C,0.5
RAW,PLL,L->R,0
RAW,PLL,C->L,0.29999999999999999
RAW,PLL,C->C,0.69999999999999996
RAW,PLL,C->R,0
RAW,PLL,R->L,0
RAW,PLL,R->C,0
RAW,PLL,R->R,0
RAW,PLL,L->L,0
RAW,PLL,L->C,0
RAW,PLL,L->R,0
RAW,PLL,C->L,0
RAW,PLL,C->C,1
RAW,PLL,C->R,0
RAW,PLL,R->L,0
RAW,PLL,R->C,0
RAW,PLL,R->R,0
RAW,PLL,L->L,0
RAW,PLL,L->C,0
RAW,PLL,L->R,0
RAW,PLL,C->L,0
RAW,PLL,C->C,1
RAW,PLL,C->R,0
RAW,PLL,R->L,0
RAW,PLL,R->C,0
RAW,PLL,R->R,0
RAW,PLL,L->L,0
RAW,PLL,L->C,0
RAW,PLL,L->R,0
RAW,PLL,C->L,0
RAW,PLL,C->C,1
RAW,PLL,C->R,0
RAW,PLL,R->L,0
RAW,PLL,R->C,0
RAW,PLL,R->R,0
RAW,PLL,L->L,0
RAW,PLL,L->C,0
RAW,PLL,L->R,0
RAW,PLL,C->L,0
RAW,PLL,C->C,1
RAW,PLL,C->R,0
RAW,PLL,R->L,0
RAW,PLL,R->C,0
RAW,PLL,R->R,0
RAW,PLL,L->L,0
RAW,PLL,L->C,1
RAW,PLL,L->R,0
RAW,PLL,C->L,0.1111111111111111
RAW,PLL,C->C,0.88888888888888884
RAW,PLL,C->R,0
RAW,PLL,R->L,0
RAW,PLL,R->C,0
RAW,PLL,R->R,0
RAW,PLL,L->L,0
RAW,PLL,L->C,0
RAW,PLL,L->R,0
RAW,PLL,C->L,0
RAW,PLL,C->C,1
RAW,PLL,C->R,0
RAW,PLL,R->L,0
RAW,PLL,R->C,0
RAW,PLL,R->R,0
RAW,PLL,L->L,0
RAW,PLL,L->C,0
RAW,PLL,L->R,0
RAW,PLL,C->L,0
RAW,PLL,C->C,1
RAW,PLL,C->R,0
RAW,PLL,R->L,0
RAW,PLL,R->C,0
RAW,PLL,R->R,0
RAW,PLL,L->L,0
RAW,PLL,L->C,1
RAW,PLL,L->R,0
RAW,PLL,C->L,0.33333333333333331
RAW,PLL,C->C,0.33333333333333331
RAW,PLL,C->R,0.33333333333333331
RAW,PLL,R->L,0
RAW,PLL,R->C,1
RAW,PLL,R->R,0
RAW,PLL,L->L,0
RAW,PLL,L->C,0
RAW,PLL,L->R,0
RAW,PLL,C->L,0
RAW,PLL,C->C,1
RAW,PLL,C->R,0
RAW,PLL,R->L,0
RAW,PLL,R->C,0
RAW,PLL,R->R,0
RAW,PLL,L->L,1
RAW,PLL,L->C,0
RAW,PLL,L->R,0
RAW,PLL,C->L,0.1666666666666666
RAW,PLL,C->C,0.83333333333333337
RAW,PLL,C->R,0
RAW,PLL,R->L,0
RAW,PLL,R->C,0
RAW,PLL,R->R,0
RAW,PLL,L->L,0
RAW,PLL,L->C,0
RAW,PLL,L->R,0
RAW,PLL,C->L,0
RAW,PLL,C->C,1
RAW,PLL,C->R,0
RAW,PLL,R->L,0
RAW,PLL,R->C,0
RAW,PLL,R->R,0
RAW,PLL,L->L,0
RAW,PLL,L->C,0
RAW,PLL,L->R,0
RAW,PLL,C->L,0
RAW,PLL,C->C,1
RAW,PLL,C->R,0
RAW,PLL,R->L,0
RAW,PLL,R->C,0
RAW,PLL,R->R,0
RAW,PLL,L->L,0
RAW,PLL,L->C,0
RAW,PLL,L->R,0
RAW,PLL,C->L,0
RAW,PLL,C->C,1
RAW,PLL,C->R,0
RAW,PLL,R->L,0
RAW,PLL,R->C,0
RAW,PLL,R->R,0
RAW,PLL,L->L,1
RAW,PLL,L->C,0
RAW,PLL,L->R,0
RAW,PLL,C->L,0.1111111111111111
RAW,PLL,C->C,0.88888888888888884
RAW,PLL,C->R,0
RAW,PLL,R->L,0
RAW,PLL,R->C,0
RAW,PLL,R->R,0
RAW,PLL,L->L,0
RAW,PLL,L->C,0
RAW,PLL,L->R,0
RAW,PLL,C->L,0
RAW,PLL,C->C,1
RAW,PLL,C->R,0
RAW,PLL,R->L,0
RAW,PLL,R->C,0
RAW,PLL,R->R,0
RAW,PLL,L->L,0
RAW,PLL,L->C,0
RAW,PLL,L->R,0
RAW,PLL,C->L,0
RAW,PLL,C->C,1
RAW,PLL,C->R,0
RAW,PLL,R->L,0
RAW,PLL,R->C,0
RAW,PLL,R->R,0
RAW,PLL,L->L,0.5
RAW,PLL,L->C,0.5
RAW,PLL,L->R,0
RAW,PLL,C->L,0.090909090909090898
RAW,PLL,C->C,0.90909090909090917
RAW,PLL,C->R,0
RAW,PLL,R->L,0
RAW,PLL,R->C,0
RAW,PLL,R->R,0
RAW,PLL,L->L,0
RAW,PLL,L->C,0
RAW,PLL,L->R,0
RAW,PLL,C->L,0
RAW,PLL,C->C,1
RAW,PLL,C->R,0
RAW,PLL,R->L,0
RAW,PLL,R->C,0
RAW,PLL,R->R,0
RAW,PLL,L->L,0
RAW,PLL,L->C,0
RAW,PLL,L->R,0
RAW,PLL,C->L,0
RAW,PLL,C->C,1
RAW,PLL,C->R,0
RAW,PLL,R->L,0
RAW,PLL,R->C,0
RAW,PLL,R->R,0
RAW,PLL,L->L,0
RAW,PLL,L->C,0
RAW,PLL,L->R,0
RAW,PLL,C->L,0
RAW,PLL,C->C,1
RAW,PLL,C->R,0
RAW,PLL,R->L,0
RAW,PLL,R->C,0
RAW,PLL,R->R,0
RAW,PLL,L->L,0
RAW,PLL,L->C,0
RAW,PLL,L->R,0
RAW,PLL,C->L,0
RAW,PLL,C->C,1
RAW,PLL,C->R,0
RAW,PLL,R->L,0
RAW,PLL,R->C,0
RAW,PLL,R->R,0
RAW,PLL,L->L,0
RAW,PLL,L->C,0
RAW,PLL,L->R,0
RAW,PLL,C->L,0
RAW,PLL,C->C,1
RAW,PLL,C->R,0
RAW,PLL,R->L,0
RAW,PLL,R->C,0
RAW,PLL,R->R,0
RAW,PLL,L->L,0
RAW,PLL,L->C,0
RAW,PLL,L->R,0
RAW,PLL,C->L,0
RAW,PLL,C->C,1
RAW,PLL,C->R,0
RAW,PLL,R->L,0
RAW,PLL,R->C,0
RAW,PLL,R->R,0
RAW,PLL,L->L,0
RAW,PLL,L->C,0
RAW,PLL,L->R,0
RAW,PLL,C->L,0
RAW,PLL,C->C,1
RAW,PLL,C->R,0
RAW,PLL,R->L,0
RAW,PLL,R->C,0
RAW,PLL,R->R,0
RAW,PLL,L->L,0.66666666666666663
RAW,PLL,L->C,0.33333333333333331
RAW,PLL,L->R,0
RAW,PLL,C->L,0.20000000000000001
RAW,PLL,C->C,0.80000000000000004
RAW,PLL,C->R,0
RAW,PLL,R->L,0
RAW,PLL,R->C,0
RAW,PLL,R->R,0
RAW,PLL,L->L,1
RAW,PLL,L->C,0
RAW,PLL,L->R,0
RAW,PLL,C->L,0.090909090909090898
RAW,PLL,C->C,0.90909090909090917
RAW,PLL,C->R,0
RAW,PLL,R->L,0
RAW,PLL,R->C,1
RAW,PLL,R->R,0
RAW,PLL,L->L,0
RAW,PLL,L->C,0
RAW,PLL,L->R,0
RAW,PLL,C->L,0.125
RAW,PLL,C->C,0.875
RAW,PLL,C->R,0
RAW,PLL,R->L,0
RAW,PLL,R->C,0
RAW,PLL,R->R,0
RAW,PLL,L->L,0
RAW,PLL,L->C,0
RAW,PLL,L->R,0
RAW,PLL,C->L,0
RAW,PLL,C->C,1
RAW,PLL,C->R,0
RAW,PLL,R->L,0
RAW,PLL,R->C,0
RAW,PLL,R->R,0
RAW,PLL,L->L,0
RAW,PLL,L->C,0
RAW,PLL,L->R,0
RAW,PLL,C->L,0
RAW,PLL,C->C,1
RAW,PLL,C->R,0
RAW,PLL,R->L,0
RAW,PLL,R->C,0
RAW,PLL,R->R,0
RAW,PLL,L->L,0
RAW,PLL,L->C,0
RAW,PLL,L->R,0
RAW,PLL,C->L,0
RAW,PLL,C->C,1
RAW,PLL,C->R,0
RAW,PLL,R->L,0
RAW,PLL,R->C,0
RAW,PLL,R->R,0
RAW,PLL,L->L,0
RAW,PLL,L->C,0
RAW,PLL,L->R,0
RAW,PLL,C->L,0
RAW,PLL,C->C,1
RAW,PLL,C->R,0
RAW,PLL,R->L,0
RAW,PLL,R->C,0
RAW,PLL,R->R,0
RAW,PLL,L->L,0
RAW,PLL,L->C,1
RAW,PLL,L->R,0
RAW,PLL,C->L,0.083333333333333301
RAW,PLL,C->C,0.91666666666666663
RAW,PLL,C->R,0
RAW,PLL,R->L,0
RAW,PLL,R->C,0
RAW,PLL,R->R,0
RAW,PLL,L->L,0.63636363636363635
RAW,PLL,L->C,0.36363636363636359
RAW,PLL,L->R,0
RAW,PLL,C->L,0.5714285714285714
RAW,PLL,C->C,0.42857142857142849
RAW,PLL,C->R,0
RAW,PLL,R->L,0
RAW,PLL,R->C,0
RAW,PLL,R->R,0
RAW,PLL,L->L,0
RAW,PLL,L->C,0
RAW,PLL,L->R,0
RAW,PLL,C->L,0
RAW,PLL,C->C,1
RAW,PLL,C->R,0
RAW,PLL,R->L,0
RAW,PLL,R->C,0
RAW,PLL,R->R,0
RAW,PLL,L->L,0
RAW,PLL,L->C,1
RAW,PLL,L->R,0
RAW,PLL,C->L,0.066666666666666596
RAW,PLL,C->C,0.93333333333333324
RAW,PLL,C->R,0
RAW,PLL,R->L,0
RAW,PLL,R->C,0
RAW,PLL,R->R,0
RAW,PLL,L->L,0.5
RAW,PLL,L->C,0.5
RAW,PLL,L->R,0
RAW,PLL,C->L,0.33333333333333331
RAW,PLL,C->C,0.66666666666666663
RAW,PLL,C->R,0
RAW,PLL,R->L,0
RAW,PLL,R->C,0
RAW,PLL,R->R,0
RAW,PLL,L->L,0
RAW,PLL,L->C,0
RAW,PLL,L->R,0
RAW,PLL,C->L,0
RAW,PLL,C->C,1
RAW,PLL,C->R,0
RAW,PLL,R->L,0
RAW,PLL,R->C,0
RAW,PLL,R->R,0
RAW,PLL,L->L,0
RAW,PLL,L->C,1
RAW,PLL,L->R,0
RAW,PLL,C->L,0.0625
RAW,PLL,C->C,0.9375
RAW,PLL,C->R,0
RAW,PLL,R->L,0
RAW,PLL,R->C,0
RAW,PLL,R->R,0
RAW,PLL,L->L,0
RAW,PLL,L->C,0
RAW,PLL,L->R,0
RAW,PLL,C->L,0
RAW,PLL,C->C,1
RAW,PLL,C->R,0
RAW,PLL,R->L,0
RAW,PLL,R->C,0
RAW,PLL,R->R,0
RAW,PLL,L->L,0
RAW,PLL,L->C,0
RAW,PLL,L->R,0
RAW,PLL,C->L,0
RAW,PLL,C->C,1
RAW,PLL,C->R,0
RAW,PLL,R->L,0
RAW,PLL,R->C,0
RAW,PLL,R->R,0
HUD,PLL,L->L,0.66666666666666663
HUD,PLL,L->C,0.33333333333333331
HUD,PLL,L->R,0
HUD,PLL,C->L,0.22222222222222221
HUD,PLL,C->C,0.77777777777777779
HUD,PLL,C->R,0
HUD,PLL,R->L,0
HUD,PLL,R->C,0
HUD,PLL,R->R,0
HUD,PLL,L->L,0.40000000000000002
HUD,PLL,L->C,0.59999999999999998
HUD,PLL,L->R,0
HUD,PLL,C->L,0.5
HUD,PLL,C->C,0.5
HUD,PLL,C->R,0
HUD,PLL,R->L,0
HUD,PLL,R->C,0
HUD,PLL,R->R,0
HUD,PLL,L->L,0.5714285714285714
HUD,PLL,L->C,0.42857142857142849
HUD,PLL,L->R,0
HUD,PLL,C->L,0.80000000000000004
HUD,PLL,C->C,0.20000000000000001
HUD,PLL,C->R,0
HUD,PLL,R->L,0
HUD,PLL,R->C,0
HUD,PLL,R->R,0
HUD,PLL,L->L,0.8571428571428571
HUD,PLL,L->C,0.14285714285714279
HUD,PLL,L->R,0
HUD,PLL,C->L,0.33333333333333331
HUD,PLL,C->C,0.66666666666666663
HUD,PLL,C->R,0
HUD,PLL,R->L,0
HUD,PLL,R->C,0
HUD,PLL,R->R,0
HUD,PLL,L->L,0.5714285714285714
HUD,PLL,L->C,0.42857142857142849
HUD,PLL,L->R,0
HUD,PLL,C->L,0.29999999999999999
HUD,PLL,C->C,0.69999999999999996
HUD,PLL,C->R,0
HUD,PLL,R->L,0
HUD,PLL,R->C,0
HUD,PLL,R->R,0
HUD,PLL,L->L,0
HUD,PLL,L->C,1
HUD,PLL,L->R,0
HUD,PLL,C->L,0.071428571428571397
HUD,PLL,C->C,0.9285714285714286
HUD,PLL,C->R,0
HUD,PLL,R->L,0
HUD,PLL,R->C,0
HUD,PLL,R->R,0
HUD,PLL,L->L,0.66666666666666663
HUD,PLL,L->C,0.33333333333333331
HUD,PLL,L->R,0
HUD,PLL,C->L,0.14285714285714279
HUD,PLL,C->C,0.8571428571428571
HUD,PLL,C->R,0
HUD,PLL,R->L,0
HUD,PLL,R->C,0
HUD,PLL,R->R,0
HUD,PLL,L->L,0
HUD,PLL,L->C,0
HUD,PLL,L->R,0
HUD,PLL,C->L,0
HUD,PLL,C->C,1
HUD,PLL,C->R,0
HUD,PLL,R->L,0
HUD,PLL,R->C,0
HUD,PLL,R->R,0
HUD,PLL,L->L,0.625
HUD,PLL,L->C,0.375
HUD,PLL,L->R,0
HUD,PLL,C->L,0.59999999999999998
HUD,PLL,C->C,0.40000000000000002
HUD,PLL,C->R,0
HUD,PLL,R->L,0
HUD,PLL,R->C,0
HUD,PLL,R->R,0
HUD,PLL,L->L,0.875
HUD,PLL,L->C,0.125
HUD,PLL,L->R,0
HUD,PLL,C->L,0.14285714285714279
HUD,PLL,C->C,0.8571428571428571
HUD,PLL,C->R,0
HUD,PLL,R->L,0
HUD,PLL,R->C,0
HUD,PLL,R->R,0
HUD,PLL,L->L,0.66666666666666663
HUD,PLL,L->C,0.33333333333333331
HUD,PLL,L->R,0
HUD,PLL,C->L,0.1111111111111111
HUD,PLL,C->C,0.88888888888888884
HUD,PLL,C->R,0
HUD,PLL,R->L,0
HUD,PLL,R->C,0
HUD,PLL,R->R,0
HUD,PLL,L->L,0.33333333333333331
HUD,PLL,L->C,0.66666666666666663
HUD,PLL,L->R,0
HUD,PLL,C->L,0.25
HUD,PLL,C->C,0.75
HUD,PLL,C->R,0
HUD,PLL,R->L,0
HUD,PLL,R->C,0
HUD,PLL,R->R,0
HUD,PLL,L->L,0
HUD,PLL,L->C,0
HUD,PLL,L->R,0
HUD,PLL,C->L,0
HUD,PLL,C->C,1
HUD,PLL,C->R,0
HUD,PLL,R->L,0
HUD,PLL,R->C,0
HUD,PLL,R->R,0
HUD,PLL,L->L,0
HUD,PLL,L->C,0
HUD,PLL,L->R,0
HUD,PLL,C->L,0
HUD,PLL,C->C,1
HUD,PLL,C->R,0
HUD,PLL,R->L,0
HUD,PLL,R->C,0
HUD,PLL,R->R,0
HUD,PLL,L->L,0
HUD,PLL,L->C,1
HUD,PLL,L->R,0
HUD,PLL,C->L,0.10000000000000001
HUD,PLL,C->C,0.90000000000000002
HUD,PLL,C->R,0
HUD,PLL,R->L,0
HUD,PLL,R->C,0
HUD,PLL,R->R,0
HUD,PLL,L->L,0
HUD,PLL,L->C,0
HUD,PLL,L->R,0
HUD,PLL,C->L,0
HUD,PLL,C->C,1
HUD,PLL,C->R,0
HUD,PLL,R->L,0
HUD,PLL,R->C,0
HUD,PLL,R->R,0
HUD,PLL,L->L,0.5
HUD,PLL,L->C,0.5
HUD,PLL,L->R,0
HUD,PLL,C->L,0.0769230769230769
HUD,PLL,C->C,0.92307692307692324
HUD,PLL,C->R,0
HUD,PLL,R->L,0
HUD,PLL,R->C,0
HUD,PLL,R->R,0
HUD,PLL,L->L,0
HUD,PLL,L->C,1
HUD,PLL,L->R,0
HUD,PLL,C->L,0.083333333333333301
HUD,PLL,C->C,0.91666666666666663
HUD,PLL,C->R,0
HUD,PLL,R->L,0
HUD,PLL,R->C,0
HUD,PLL,R->R,0
HUD,PLL,L->L,1
HUD,PLL,L->C,0
HUD,PLL,L->R,0
HUD,PLL,C->L,0.083333333333333301
HUD,PLL,C->C,0.91666666666666663
HUD,PLL,C->R,0
HUD,PLL,R->L,0
HUD,PLL,R->C,0
HUD,PLL,R->R,0
HUD,PLL,L->L,0
HUD,PLL,L->C,0
HUD,PLL,L->R,0
HUD,PLL,C->L,0
HUD,PLL,C->C,1
HUD,PLL,C->R,0
HUD,PLL,R->L,0
HUD,PLL,R->C,0
HUD,PLL,R->R,0
HUD,PLL,L->L,0
HUD,PLL,L->C,0
HUD,PLL,L->R,0
HUD,PLL,C->L,0
HUD,PLL,C->C,1
HUD,PLL,C->R,0
HUD,PLL,R->L,0
HUD,PLL,R->C,0.5
HUD,PLL,R->R,0.5
HUD,PLL,L->L,0.80000000000000004
HUD,PLL,L->C,0.20000000000000001
HUD,PLL,L->R,0
HUD,PLL,C->L,0.10000000000000001
HUD,PLL,C->C,0.90000000000000002
HUD,PLL,C->R,0
HUD,PLL,R->L,0
HUD,PLL,R->C,0
HUD,PLL,R->R,0
HUD,PLL,L->L,0
HUD,PLL,L->C,0
HUD,PLL,L->R,0
HUD,PLL,C->L,0
HUD,PLL,C->C,1
HUD,PLL,C->R,0
HUD,PLL,R->L,0
HUD,PLL,R->C,0
HUD,PLL,R->R,0
HUD,PLL,L->L,0
HUD,PLL,L->C,0
HUD,PLL,L->R,0
HUD,PLL,C->L,0
HUD,PLL,C->C,1
HUD,PLL,C->R,0
HUD,PLL,R->L,0
HUD,PLL,R->C,0
HUD,PLL,R->R,0
HUD,PLL,L->L,0
HUD,PLL,L->C,1
HUD,PLL,L->R,0
HUD,PLL,C->L,0.20000000000000001
HUD,PLL,C->C,0.80000000000000004
HUD,PLL,C->R,0
HUD,PLL,R->L,0
HUD,PLL,R->C,0
HUD,PLL,R->R,0
HUD,PLL,L->L,0
HUD,PLL,L->C,1
HUD,PLL,L->R,0
HUD,PLL,C->L,0.0769230769230769
HUD,PLL,C->C,0.92307692307692324
HUD,PLL,C->R,0
HUD,PLL,R->L,0
HUD,PLL,R->C,0
HUD,PLL,R->R,0
HUD,PLL,L->L,0
HUD,PLL,L->C,1
HUD,PLL,L->R,0
HUD,PLL,C->L,0.083333333333333301
HUD,PLL,C->C,0.91666666666666663
HUD,PLL,C->R,0
HUD,PLL,R->L,0
HUD,PLL,R->C,0
HUD,PLL,R->R,0
HUD,PLL,L->L,0
HUD,PLL,L->C,0
HUD,PLL,L->R,0
HUD,PLL,C->L,0
HUD,PLL,C->C,1
HUD,PLL,C->R,0
HUD,PLL,R->L,0
HUD,PLL,R->C,0
HUD,PLL,R->R,0
HUD,PLL,L->L,1
HUD,PLL,L->C,0
HUD,PLL,L->R,0
HUD,PLL,C->L,1
HUD,PLL,C->C,0
HUD,PLL,C->R,0
HUD,PLL,R->L,0
HUD,PLL,R->C,0
HUD,PLL,R->R,0
HUD,PLL,L->L,0.90909090909090917
HUD,PLL,L->C,0.090909090909090898
HUD,PLL,L->R,0
HUD,PLL,C->L,0.5
HUD,PLL,C->C,0.5
HUD,PLL,C->R,0
HUD,PLL,R->L,0
HUD,PLL,R->C,0
HUD,PLL,R->R,0
HUD,PLL,L->L,1
HUD,PLL,L->C,0
HUD,PLL,L->R,0
HUD,PLL,C->L,0.5
HUD,PLL,C->C,0.5
HUD,PLL,C->R,0
HUD,PLL,R->L,0
HUD,PLL,R->C,0
HUD,PLL,R->R,0
HUD,PLL,L->L,0.84615384615384615
HUD,PLL,L->C,0.1538461538461538
HUD,PLL,L->R,0
HUD,PLL,C->L,0.66666666666666663
HUD,PLL,C->C,0.33333333333333331
HUD,PLL,C->R,0
HUD,PLL,R->L,0
HUD,PLL,R->C,0
HUD,PLL,R->R,0
HUD,PLL,L->L,0.5
HUD,PLL,L->C,0.5
HUD,PLL,L->R,0
HUD,PLL,C->L,0.1111111111111111
HUD,PLL,C->C,0.88888888888888884
HUD,PLL,C->R,0
HUD,PLL,R->L,0
HUD,PLL,R->C,0
HUD,PLL,R->R,0
HUD,PLL,L->L,0.66666666666666663
HUD,PLL,L->C,0.33333333333333331
HUD,PLL,L->R,0
HUD,PLL,C->L,0.090909090909090898
HUD,PLL,C->C,0.90909090909090917
HUD,PLL,C->R,0
HUD,PLL,R->L,0
HUD,PLL,R->C,0
HUD,PLL,R->R,0
HUD,PLL,L->L,0.59999999999999998
HUD,PLL,L->C,0.40000000000000002
HUD,PLL,L->R,0
HUD,PLL,C->L,0.1538461538461538
HUD,PLL,C->C,0.84615384615384615
HUD,PLL,C->R,0
HUD,PLL,R->L,0
HUD,PLL,R->C,0
HUD,PLL,R->R,0
HUD,PLL,L->L,0.66666666666666663
HUD,PLL,L->C,0.33333333333333331
HUD,PLL,L->R,0
HUD,PLL,C->L,0.2857142857142857
HUD,PLL,C->C,0.7142857142857143
HUD,PLL,C->R,0
HUD,PLL,R->L,0
HUD,PLL,R->C,0
HUD,PLL,R->R,0
HUD,PLL,L->L,0.5
HUD,PLL,L->C,0.5
HUD,PLL,L->R,0
HUD,PLL,C->L,0.0769230769230769
HUD,PLL,C->C,0.92307692307692324
HUD,PLL,C->R,0
HUD,PLL,R->L,0
HUD,PLL,R->C,0
HUD,PLL,R->R,0
HUD,PLL,L->L,0.5
HUD,PLL,L->C,0.5
HUD,PLL,L->R,0
HUD,PLL,C->L,0.5
HUD,PLL,C->C,0.5
HUD,PLL,C->R,0
HUD,PLL,R->L,0
HUD,PLL,R->C,0
HUD,PLL,R->R,0
HUD,PLL,L->L,0.5
HUD,PLL,L->C,0.5
HUD,PLL,L->R,0
HUD,PLL,C->L,0.125
HUD,PLL,C->C,0.875
HUD,PLL,C->R,0
HUD,PLL,R->L,0
HUD,PLL,R->C,0
HUD,PLL,R->R,0
HUD,PLL,L->L,0.5
HUD,PLL,L->C,0.5
HUD,PLL,L->R,0
HUD,PLL,C->L,0.22222222222222221
HUD,PLL,C->C,0.77777777777777779
HUD,PLL,C->R,0
HUD,PLL,R->L,0
HUD,PLL,R->C,0
HUD,PLL,R->R,0
HUD,PLL,L->L,0.90909090909090917
HUD,PLL,L->C,0.090909090909090898
HUD,PLL,L->R,0
HUD,PLL,C->L,1
HUD,PLL,C->C,0
HUD,PLL,C->R,0
HUD,PLL,R->L,0
HUD,PLL,R->C,0
HUD,PLL,R->R,0
HUD,PLL,L->L,0.875
HUD,PLL,L->C,0.125
HUD,PLL,L->R,0
HUD,PLL,C->L,0.66666666666666663
HUD,PLL,C->C,0.33333333333333331
HUD,PLL,C->R,0
HUD,PLL,R->L,0
HUD,PLL,R->C,0
HUD,PLL,R->R,0
HUD,PLL,L->L,0.77777777777777779
HUD,PLL,L->C,0.22222222222222221
HUD,PLL,L->R,0
HUD,PLL,C->L,0.25
HUD,PLL,C->C,0.75
HUD,PLL,C->R,0
HUD,PLL,R->L,0
HUD,PLL,R->C,0
HUD,PLL,R->R,0
HUD,PLL,L->L,0.66666666666666663
HUD,PLL,L->C,0.33333333333333331
HUD,PLL,L->R,0
HUD,PLL,C->L,0.1666666666666666
HUD,PLL,C->C,0.83333333333333337
HUD,PLL,C->R,0
HUD,PLL,R->L,0
HUD,PLL,R->C,0
HUD,PLL,R->R,0
HUD,PLL,L->L,0
HUD,PLL,L->C,0
HUD,PLL,L->R,0
HUD,PLL,C->L,0
HUD,PLL,C->C,1
HUD,PLL,C->R,0
HUD,PLL,R->L,0
HUD,PLL,R->C,0
HUD,PLL,R->R,0
HUD,PLL,L->L,0
HUD,PLL,L->C,0
HUD,PLL,L->R,0
HUD,PLL,C->L,0
HUD,PLL,C->C,1
HUD,PLL,C->R,0
HUD,PLL,R->L,0
HUD,PLL,R->C,0
HUD,PLL,R->R,0
HUD,PLL,L->L,0
HUD,PLL,L->C,1
HUD,PLL,L->R,0
HUD,PLL,C->L,0.1666666666666666
HUD,PLL,C->C,0.75
HUD,PLL,C->R,0.083333333333333301
HUD,PLL,R->L,0
HUD,PLL,R->C,1
HUD,PLL,R->R,0
HUD,PLL,L->L,0
HUD,PLL,L->C,1
HUD,PLL,L->R,0
HUD,PLL,C->L,0.1111111111111111
HUD,PLL,C->C,0.88888888888888884
HUD,PLL,C->R,0
HUD,PLL,R->L,0
HUD,PLL,R->C,0
HUD,PLL,R->R,0
HUD,PLL,L->L,0
HUD,PLL,L->C,1
HUD,PLL,L->R,0
HUD,PLL,C->L,0.1666666666666666
HUD,PLL,C->C,0.83333333333333337
HUD,PLL,C->R,0
HUD,PLL,R->L,0
HUD,PLL,R->C,0
HUD,PLL,R->R,0
HUD,PLL,L->L,0
HUD,PLL,L->C,0
HUD,PLL,L->R,0
HUD,PLL,C->L,0
HUD,PLL,C->C,1
HUD,PLL,C->R,0
HUD,PLL,R->L,0
HUD,PLL,R->C,0
HUD,PLL,R->R,0
HUD,PLL,L->L,0
HUD,PLL,L->C,0
HUD,PLL,L->R,0
HUD,PLL,C->L,0
HUD,PLL,C->C,1
HUD,PLL,C->R,0
HUD,PLL,R->L,0
HUD,PLL,R->C,0
HUD,PLL,R->R,0
HUD,PLL,L->L,0
HUD,PLL,L->C,0
HUD,PLL,L->R,0
HUD,PLL,C->L,0
HUD,PLL,C->C,1
HUD,PLL,C->R,0
HUD,PLL,R->L,0
HUD,PLL,R->C,0
HUD,PLL,R->R,0
HUD,PLL,L->L,0.75
HUD,PLL,L->C,0.25
HUD,PLL,L->R,0
HUD,PLL,C->L,0.33333333333333331
HUD,PLL,C->C,0.66666666666666663
HUD,PLL,C->R,0
HUD,PLL,R->L,0
HUD,PLL,R->C,0
HUD,PLL,R->R,0
HUD,PLL,L->L,0.8571428571428571
HUD,PLL,L->C,0.14285714285714279
HUD,PLL,L->R,0
HUD,PLL,C->L,0.14285714285714279
HUD,PLL,C->C,0.8571428571428571
HUD,PLL,C->R,0
HUD,PLL,R->L,0
HUD,PLL,R->C,0
HUD,PLL,R->R,0
HUD,PLL,L->L,0.875
HUD,PLL,L->C,0.125
HUD,PLL,L->R,0
HUD,PLL,C->L,0.40000000000000002
HUD,PLL,C->C,0.59999999999999998
HUD,PLL,C->R,0
HUD,PLL,R->L,0
HUD,PLL,R->C,0
HUD,PLL,R->R,0
HUD,PLL,L->L,1
HUD,PLL,L->C,0
HUD,PLL,L->R,0
HUD,PLL,C->L,1
HUD,PLL,C->C,0
HUD,PLL,C->R,0
HUD,PLL,R->L,0
HUD,PLL,R->C,1
HUD,PLL,R->R,0
HUD,PLL,L->L,0
HUD,PLL,L->C,1
HUD,PLL,L->R,0
HUD,PLL,C->L,0.0769230769230769
HUD,PLL,C->C,0.92307692307692324
HUD,PLL,C->R,0
HUD,PLL,R->L,0
HUD,PLL,R->C,0
HUD,PLL,R->R,0
HUD,PLL,L->L,0.66666666666666663
HUD,PLL,L->C,0.33333333333333331
HUD,PLL,L->R,0
HUD,PLL,C->L,0.1818181818181818
HUD,PLL,C->C,0.81818181818181823
HUD,PLL,C->R,0
HUD,PLL,R->L,0
HUD,PLL,R->C,0
HUD,PLL,R->R,0
HUD,PLL,L->L,0.75
HUD,PLL,L->C,0.25
HUD,PLL,L->R,0
HUD,PLL,C->L,0.14285714285714279
HUD,PLL,C->C,0.8571428571428571
HUD,PLL,C->R,0
HUD,PLL,R->L,0
HUD,PLL,R->C,0
HUD,PLL,R->R,0
HUD,PLL,L->L,0.5
HUD,PLL,L->C,0.5
HUD,PLL,L->R,0
HUD,PLL,C->L,0.083333333333333301
HUD,PLL,C->C,0.91666666666666663
HUD,PLL,C->R,0
HUD,PLL,R->L,0
HUD,PLL,R->C,0
HUD,PLL,R->R,0
HUD,PLL,L->L,0.33333333333333331
HUD,PLL,L->C,0.66666666666666663
HUD,PLL,L->R,0
HUD,PLL,C->L,0.25
HUD,PLL,C->C,0.75
HUD,PLL,C->R,0
HUD,PLL,R->L,0
HUD,PLL,R->C,0
HUD,PLL,R->R,0
HUD,PLL,L->L,0.66666666666666663
HUD,PLL,L->C,0.33333333333333331
HUD,PLL,L->R,0
HUD,PLL,C->L,0.25
HUD,PLL,C->C,0.75
HUD,PLL,C->R,0
HUD,PLL,R->L,0
HUD,PLL,R->C,0
HUD,PLL,R->R,0
HUD,PLL,L->L,0
HUD,PLL,L->C,0
HUD,PLL,L->R,0
HUD,PLL,C->L,0
HUD,PLL,C->C,1
HUD,PLL,C->R,0
HUD,PLL,R->L,0
HUD,PLL,R->C,0
HUD,PLL,R->R,0
HUD,PLL,L->L,0.66666666666666663
HUD,PLL,L->C,0.33333333333333331
HUD,PLL,L->R,0
HUD,PLL,C->L,0.10000000000000001
HUD,PLL,C->C,0.90000000000000002
HUD,PLL,C->R,0
HUD,PLL,R->L,0
HUD,PLL,R->C,0
HUD,PLL,R->R,0
HUD,PLL,L->L,0.25
HUD,PLL,L->C,0.75
HUD,PLL,L->R,0
HUD,PLL,C->L,0.33333333333333331
HUD,PLL,C->C,0.66666666666666663
HUD,PLL,C->R,0
HUD,PLL,R->L,0
HUD,PLL,R->C,0
HUD,PLL,R->R,0
HUD,PLL,L->L,0
HUD,PLL,L->C,1
HUD,PLL,L->R,0
HUD,PLL,C->L,0.36363636363636359
HUD,PLL,C->C,0.63636363636363635
HUD,PLL,C->R,0
HUD,PLL,R->L,0
HUD,PLL,R->C,0
HUD,PLL,R->R,0
HUD,PLL,L->L,0
HUD,PLL,L->C,1
HUD,PLL,L->R,0
HUD,PLL,C->L,0.090909090909090898
HUD,PLL,C->C,0.90909090909090917
HUD,PLL,C->R,0
HUD,PLL,R->L,0
HUD,PLL,R->C,0
HUD,PLL,R->R,0
HUD,PLL,L->L,0
HUD,PLL,L->C,1
HUD,PLL,L->R,0
HUD,PLL,C->L,0.20000000000000001
HUD,PLL,C->C,0.80000000000000004
HUD,PLL,C->R,0
HUD,PLL,R->L,0
HUD,PLL,R->C,0
HUD,PLL,R->R,0
HUD,PLL,L->L,0
HUD,PLL,L->C,1
HUD,PLL,L->R,0
HUD,PLL,C->L,0.090909090909090898
HUD,PLL,C->C,0.90909090909090917
HUD,PLL,C->R,0
HUD,PLL,R->L,0
HUD,PLL,R->C,0
HUD,PLL,R->R,0
HUD,PLL,L->L,1
HUD,PLL,L->C,0
HUD,PLL,L->R,0
HUD,PLL,C->L,0.090909090909090898
HUD,PLL,C->C,0.90909090909090917
HUD,PLL,C->R,0
HUD,PLL,R->L,0
HUD,PLL,R->C,0
HUD,PLL,R->R,0
HUD,PLL,L->L,0
HUD,PLL,L->C,1
HUD,PLL,L->R,0
HUD,PLL,C->L,0.125
HUD,PLL,C->C,0.875
HUD,PLL,C->R,0
HUD,PLL,R->L,0
HUD,PLL,R->C,0
HUD,PLL,R->R,0
HUD,PLL,L->L,0.5
HUD,PLL,L->C,0.5
HUD,PLL,L->R,0
HUD,PLL,C->L,0.25
HUD,PLL,C->C,0.75
HUD,PLL,C->R,0
HUD,PLL,R->L,0
HUD,PLL,R->C,0
HUD,PLL,R->R,0
HUD,PLL,L->L,0.7142857142857143
HUD,PLL,L->C,0.2857142857142857
HUD,PLL,L->R,0
HUD,PLL,C->L,0.2857142857142857
HUD,PLL,C->C,0.7142857142857143
HUD,PLL,C->R,0
HUD,PLL,R->L,0
HUD,PLL,R->C,0
HUD,PLL,R->R,0
HUD,PLL,L->L,0.5714285714285714
HUD,PLL,L->C,0.42857142857142849
HUD,PLL,L->R,0
HUD,PLL,C->L,0.5714285714285714
HUD,PLL,C->C,0.42857142857142849
HUD,PLL,C->R,0
HUD,PLL,R->L,0
HUD,PLL,R->C,0
HUD,PLL,R->R,0
HUD,PLL,L->L,0.88888888888888884
HUD,PLL,L->C,0.1111111111111111
HUD,PLL,L->R,0
HUD,PLL,C->L,0.25
HUD,PLL,C->C,0.75
HUD,PLL,C->R,0
HUD,PLL,R->L,0
HUD,PLL,R->C,0
HUD,PLL,R->R,0
HUD,PLL,L->L,0.75
HUD,PLL,L->C,0.25
HUD,PLL,L->R,0
HUD,PLL,C->L,0.5
HUD,PLL,C->C,0.5
HUD,PLL,C->R,0
HUD,PLL,R->L,0
HUD,PLL,R->C,0
HUD,PLL,R->R,0
HUD,PLL,L->L,0
HUD,PLL,L->C,0
HUD,PLL,L->R,0
HUD,PLL,C->L,0
HUD,PLL,C->C,1
HUD,PLL,C->R,0
HUD,PLL,R->L,0
HUD,PLL,R->C,0
HUD,PLL,R->R,0
HUD,PLL,L->L,0
HUD,PLL,L->C,0
HUD,PLL,L->R,0
HUD,PLL,C->L,0
HUD,PLL,C->C,1
HUD,PLL,C->R,0
HUD,PLL,R->L,0
HUD,PLL,R->C,0
HUD,PLL,R->R,0
HUD,PLL,L->L,0
HUD,PLL,L->C,0
HUD,PLL,L->R,0
HUD,PLL,C->L,0
HUD,PLL,C->C,1
HUD,PLL,C->R,0
HUD,PLL,R->L,0
HUD,PLL,R->C,0
HUD,PLL,R->R,0
HUD,PLL,L->L,0
HUD,PLL,L->C,0
HUD,PLL,L->R,0
HUD,PLL,C->L,0
HUD,PLL,C->C,1
HUD,PLL,C->R,0
HUD,PLL,R->L,0
HUD,PLL,R->C,0
HUD,PLL,R->R,0
RAW,S,L->L,0
RAW,S,L->C,0
RAW,S,L->R,0
RAW,S,C->L,0
RAW,S,C->C,0.8571428571428571
RAW,S,C->R,0.14285714285714279
RAW,S,R->L,0
RAW,S,R->C,0.66666666666666663
RAW,S,R->R,0.33333333333333331
RAW,S,L->L,0
RAW,S,L->C,0
RAW,S,L->R,0
RAW,S,C->L,0
RAW,S,C->C,0.94999999999999996
RAW,S,C->R,0.050000000000000003
RAW,S,R->L,0
RAW,S,R->C,1
RAW,S,R->R,0
RAW,S,L->L,0
RAW,S,L->C,0
RAW,S,L->R,0
RAW,S,C->L,0
RAW,S,C->C,1
RAW,S,C->R,0
RAW,S,R->L,0
RAW,S,R->C,0
RAW,S,R->R,0
RAW,S,L->L,0.2857142857142857
RAW,S,L->C,0.7142857142857143
RAW,S,L->R,0
RAW,S,C->L,0.056497175141242903
RAW,S,C->C,0.92090395480225984
RAW,S,C->R,0.022598870056497099
RAW,S,R->L,0
RAW,S,R->C,0.80000000000000004
RAW,S,R->R,0.20000000000000001
RAW,S,L->L,0
RAW,S,L->C,0
RAW,S,L->R,0
RAW,S,C->L,0
RAW,S,C->C,1
RAW,S,C->R,0
RAW,S,R->L,0
RAW,S,R->C,0
RAW,S,R->R,0
RAW,S,L->L,0
RAW,S,L->C,0
RAW,S,L->R,0
RAW,S,C->L,0
RAW,S,C->C,1
RAW,S,C->R,0
RAW,S,R->L,0
RAW,S,R->C,0
RAW,S,R->R,0
RAW,S,L->L,0
RAW,S,L->C,0
RAW,S,L->R,0
RAW,S,C->L,0
RAW,S,C->C,1
RAW,S,C->R,0
RAW,S,R->L,0
RAW,S,R->C,0
RAW,S,R->R,0
RAW,S,L->L,0
RAW,S,L->C,0
RAW,S,L->R,0
RAW,S,C->L,0
RAW,S,C->C,1
RAW,S,C->R,0
RAW,S,R->L,0
RAW,S,R->C,0
RAW,S,R->R,0
RAW,S,L->L,0
RAW,S,L->C,0
RAW,S,L->R,0
RAW,S,C->L,0
RAW,S,C->C,1
RAW,S,C->R,0
RAW,S,R->L,0
RAW,S,R->C,0
RAW,S,R->R,0
RAW,S,L->L,0
RAW,S,L->C,1
RAW,S,L->R,0
RAW,S,C->L,0.052631578947368397
RAW,S,C->C,0.94736842105263164
RAW,S,C->R,0
RAW,S,R->L,0
RAW,S,R->C,0
RAW,S,R->R,0
RAW,S,L->L,0.5
RAW,S,L->C,0.5
RAW,S,L->R,0
RAW,S,C->L,0.02
RAW,S,C->C,0.95999999999999996
RAW,S,C->R,0.02
RAW,S,R->L,0
RAW,S,R->C,1
RAW,S,R->R,0
RAW,S,L->L,0
RAW,S,L->C,0
RAW,S,L->R,0
RAW,S,C->L,0
RAW,S,C->C,1
RAW,S,C->R,0
RAW,S,R->L,0
RAW,S,R->C,0
RAW,S,R->R,0
RAW,S,L->L,0.22222222222222221
RAW,S,L->C,0.77777777777777779
RAW,S,L->R,0
RAW,S,C->L,0.125
RAW,S,C->C,0.8392857142857143
RAW,S,C->R,0.035714285714285698
RAW,S,R->L,0
RAW,S,R->C,0.66666666666666663
RAW,S,R->R,0.33333333333333331
RAW,S,L->L,0.5
RAW,S,L->C,0.5
RAW,S,L->R,0
RAW,S,C->L,0.055555555555555497
RAW,S,C->C,0.94444444444444442
RAW,S,C->R,0
RAW,S,R->L,0
RAW,S,R->C,0
RAW,S,R->R,0
RAW,S,L->L,0
RAW,S,L->C,1
RAW,S,L->R,0
RAW,S,C->L,0.20000000000000001
RAW,S,C->C,0.80000000000000004
RAW,S,C->R,0
RAW,S,R->L,0
RAW,S,R->C,0
RAW,S,R->R,0
RAW,S,L->L,0
RAW,S,L->C,1
RAW,S,L->R,0
RAW,S,C->L,0.14285714285714279
RAW,S,C->C,0.8571428571428571
RAW,S,C->R,0
RAW,S,R->L,0
RAW,S,R->C,0
RAW,S,R->R,0
RAW,S,L->L,0
RAW,S,L->C,0
RAW,S,L->R,0
RAW,S,C->L,0
RAW,S,C->C,0.84615384615384615
RAW,S,C->R,0.1538461538461538
RAW,S,R->L,0
RAW,S,R->C,1
RAW,S,R->R,0
RAW,S,L->L,0
RAW,S,L->C,0
RAW,S,L->R,0
RAW,S,C->L,0
RAW,S,C->C,1
RAW,S,C->R,0
RAW,S,R->L,0
RAW,S,R->C,0
RAW,S,R->R,0
RAW,S,L->L,0.25
RAW,S,L->C,0.75
RAW,S,L->R,0
RAW,S,C->L,0.10344827586206889
RAW,S,C->C,0.86206896551724133
RAW,S,C->R,0.034482758620689599
RAW,S,R->L,0
RAW,S,R->C,1
RAW,S,R->R,0
RAW,S,L->L,0.5
RAW,S,L->C,0.5
RAW,S,L->R,0
RAW,S,C->L,0.0303030303030303
RAW,S,C->C,0.96969696969696961
RAW,S,C->R,0
RAW,S,R->L,0
RAW,S,R->C,0
RAW,S,R->R,0
RAW,S,L->L,0
RAW,S,L->C,0
RAW,S,L->R,0
RAW,S,C->L,0
RAW,S,C->C,1
RAW,S,C->R,0
RAW,S,R->L,0
RAW,S,R->C,0
RAW,S,R->R,0
RAW,S,L->L,0
RAW,S,L->C,0
RAW,S,L->R,0
RAW,S,C->L,0
RAW,S,C->C,1
RAW,S,C->R,0
RAW,S,R->L,0
RAW,S,R->C,0
RAW,S,R->R,0
RAW,S,L->L,0
RAW,S,L->C,0
RAW,S,L->R,0
RAW,S,C->L,0
RAW,S,C->C,1
RAW,S,C->R,0
RAW,S,R->L,0
RAW,S,R->C,0
RAW,S,R->R,0
RAW,S,L->L,0
RAW,S,L->C,0
RAW,S,L->R,0
RAW,S,C->L,0
RAW,S,C->C,1
RAW,S,C->R,0
RAW,S,R->L,0
RAW,S,R->C,0
RAW,S,R->R,0
RAW,S,L->L,0
RAW,S,L->C,0
RAW,S,L->R,0
RAW,S,C->L,0
RAW,S,C->C,1
RAW,S,C->R,0
RAW,S,R->L,0
RAW,S,R->C,0
RAW,S,R->R,0
RAW,S,L->L,0
RAW,S,L->C,0
RAW,S,L->R,0
RAW,S,C->L,0
RAW,S,C->C,1
RAW,S,C->R,0
RAW,S,R->L,0
RAW,S,R->C,0
RAW,S,R->R,0
RAW,S,L->L,0.125
RAW,S,L->C,0.75
RAW,S,L->R,0.125
RAW,S,C->L,0.20000000000000001
RAW,S,C->C,0.74285714285714288
RAW,S,C->R,0.057142857142857099
RAW,S,R->L,0
RAW,S,R->C,0.375
RAW,S,R->R,0.625
RAW,S,L->L,0.5
RAW,S,L->C,0.5
RAW,S,L->R,0
RAW,S,C->L,0.055555555555555497
RAW,S,C->C,0.91666666666666663
RAW,S,C->R,0.0277777777777777
RAW,S,R->L,0
RAW,S,R->C,0
RAW,S,R->R,1
RAW,S,L->L,0.69999999999999996
RAW,S,L->C,0.29999999999999999
RAW,S,L->R,0
RAW,S,C->L,0.071428571428571397
RAW,S,C->C,0.8928571428571429
RAW,S,C->R,0.035714285714285698
RAW,S,R->L,1
RAW,S,R->C,0
RAW,S,R->R,0
RAW,S,L->L,0
RAW,S,L->C,0
RAW,S,L->R,0
RAW,S,C->L,0
RAW,S,C->C,1
RAW,S,C->R,0
RAW,S,R->L,0
RAW,S,R->C,0
RAW,S,R->R,0
RAW,S,L->L,0
RAW,S,L->C,0
RAW,S,L->R,0
RAW,S,C->L,0
RAW,S,C->C,0.9285714285714286
RAW,S,C->R,0.071428571428571397
RAW,S,R->L,0
RAW,S,R->C,0.5
RAW,S,R->R,0.5
RAW,S,L->L,0.5
RAW,S,L->C,0.5
RAW,S,L->R,0
RAW,S,C->L,0.080000000000000002
RAW,S,C->C,0.88
RAW,S,C->R,0.040000000000000001
RAW,S,R->L,0
RAW,S,R->C,0.25
RAW,S,R->R,0.75
RAW,S,L->L,0
RAW,S,L->C,0
RAW,S,L->R,0
RAW,S,C->L,0
RAW,S,C->C,1
RAW,S,C->R,0
RAW,S,R->L,0
RAW,S,R->C,0
RAW,S,R->R,0
RAW,S,L->L,0
RAW,S,L->C,0
RAW,S,L->R,0
RAW,S,C->L,0
RAW,S,C->C,1
RAW,S,C->R,0
RAW,S,R->L,0
RAW,S,R->C,0
RAW,S,R->R,0
RAW,S,L->L,0.75
RAW,S,L->C,0.25
RAW,S,L->R,0
RAW,S,C->L,0.0303030303030303
RAW,S,C->C,0.96969696969696961
RAW,S,C->R,0
RAW,S,R->L,0
RAW,S,R->C,0
RAW,S,R->R,0
RAW,S,L->L,0.59999999999999998
RAW,S,L->C,0.40000000000000002
RAW,S,L->R,0
RAW,S,C->L,0.0769230769230769
RAW,S,C->C,0.76923076923076927
RAW,S,C->R,0.1538461538461538
RAW,S,R->L,0
RAW,S,R->C,0.44444444444444442
RAW,S,R->R,0.55555555555555558
RAW,S,L->L,0
RAW,S,L->C,0
RAW,S,L->R,0
RAW,S,C->L,0
RAW,S,C->C,0.95454545454545459
RAW,S,C->R,0.0454545454545454
RAW,S,R->L,0
RAW,S,R->C,0
RAW,S,R->R,1
RAW,S,L->L,0.80000000000000004
RAW,S,L->C,0.20000000000000001
RAW,S,L->R,0
RAW,S,C->L,0.047619047619047603
RAW,S,C->C,0.95238095238095244
RAW,S,C->R,0
RAW,S,R->L,0
RAW,S,R->C,0
RAW,S,R->R,0
RAW,S,L->L,0
RAW,S,L->C,0
RAW,S,L->R,0
RAW,S,C->L,0
RAW,S,C->C,1
RAW,S,C->R,0
RAW,S,R->L,0
RAW,S,R->C,0
RAW,S,R->R,0
RAW,S,L->L,0
RAW,S,L->C,1
RAW,S,L->R,0
RAW,S,C->L,0.0769230769230769
RAW,S,C->C,0.89743589743589747
RAW,S,C->R,0.025641025641025599
RAW,S,R->L,0
RAW,S,R->C,1
RAW,S,R->R,0
RAW,S,L->L,0.40000000000000002
RAW,S,L->C,0.20000000000000001
RAW,S,L->R,0.40000000000000002
RAW,S,C->L,0.11538461538461529
RAW,S,C->C,0.88461538461538458
RAW,S,C->R,0
RAW,S,R->L,0
RAW,S,R->C,0.66666666666666663
RAW,S,R->R,0.33333333333333331
RAW,S,L->L,0
RAW,S,L->C,0
RAW,S,L->R,0
RAW,S,C->L,0
RAW,S,C->C,1
RAW,S,C->R,0
RAW,S,R->L,0
RAW,S,R->C,0
RAW,S,R->R,0
RAW,S,L->L,0
RAW,S,L->C,0
RAW,S,L->R,0
RAW,S,C->L,0
RAW,S,C->C,0.91176470588235281
RAW,S,C->R,0.088235294117646995
RAW,S,R->L,0
RAW,S,R->C,0.59999999999999998
RAW,S,R->R,0.40000000000000002
RAW,S,L->L,0
RAW,S,L->C,1
RAW,S,L->R,0
RAW,S,C->L,0.1666666666666666
RAW,S,C->C,0.83333333333333337
RAW,S,C->R,0
RAW,S,R->L,0
RAW,S,R->C,0
RAW,S,R->R,0
RAW,S,L->L,0
RAW,S,L->C,1
RAW,S,L->R,0
RAW,S,C->L,0.10000000000000001
RAW,S,C->C,0.90000000000000002
RAW,S,C->R,0
RAW,S,R->L,0
RAW,S,R->C,0
RAW,S,R->R,0
RAW,S,L->L,0
RAW,S,L->C,0
RAW,S,L->R,0
RAW,S,C->L,0
RAW,S,C->C,1
RAW,S,C->R,0
RAW,S,R->L,0
RAW,S,R->C,0
RAW,S,R->R,0
RAW,S,L->L,0
RAW,S,L->C,0
RAW,S,L->R,0
RAW,S,C->L,0
RAW,S,C->C,1
RAW,S,C->R,0
RAW,S,R->L,0
RAW,S,R->C,0
RAW,S,R->R,0
RAW,S,L->L,0
RAW,S,L->C,0
RAW,S,L->R,0
RAW,S,C->L,0
RAW,S,C->C,0.89473684210526316
RAW,S,C->R,0.10526315789473679
RAW,S,R->L,0
RAW,S,R->C,0.40000000000000002
RAW,S,R->R,0.59999999999999998
RAW,S,L->L,0
RAW,S,L->C,0
RAW,S,L->R,0
RAW,S,C->L,0
RAW,S,C->C,1
RAW,S,C->R,0
RAW,S,R->L,0
RAW,S,R->C,0
RAW,S,R->R,0
RAW,S,L->L,0
RAW,S,L->C,0
RAW,S,L->R,0
RAW,S,C->L,0
RAW,S,C->C,0.9552238805970148
RAW,S,C->R,0.044776119402985003
RAW,S,R->L,0
RAW,S,R->C,0.5
RAW,S,R->R,0.5
RAW,S,L->L,0
RAW,S,L->C,0
RAW,S,L->R,0
RAW,S,C->L,0
RAW,S,C->C,0.97435897435897445
RAW,S,C->R,0.025641025641025599
RAW,S,R->L,0
RAW,S,R->C,1
RAW,S,R->R,0
RAW,S,L->L,0
RAW,S,L->C,0
RAW,S,L->R,0
RAW,S,C->L,0
RAW,S,C->C,0.92105263157894723
RAW,S,C->R,0.078947368421052599
RAW,S,R->L,0
RAW,S,R->C,0.5
RAW,S,R->R,0.5
RAW,S,L->L,0.59999999999999998
RAW,S,L->C,0.20000000000000001
RAW,S,L->R,0.20000000000000001
RAW,S,C->L,0.090909090909090898
RAW,S,C->C,0.90909090909090917
RAW,S,C->R,0
RAW,S,R->L,0
RAW,S,R->C,0.5
RAW,S,R->R,0.5
RAW,S,L->L,0.5
RAW,S,L->C,0.5
RAW,S,L->R,0
RAW,S,C->L,0.0112359550561797
RAW,S,C->C,0.9213483146067416
RAW,S,C->R,0.067415730337078594
RAW,S,R->L,0.125
RAW,S,R->C,0.625
RAW,S,R->R,0.25
RAW,S,L->L,0.33333333333333331
RAW,S,L->C,0.66666666666666663
RAW,S,L->R,0
RAW,S,C->L,0.021276595744680799
RAW,S,C->C,0.97872340425531923
RAW,S,C->R,0
RAW,S,R->L,0
RAW,S,R->C,0
RAW,S,R->R,0
RAW,S,L->L,0
RAW,S,L->C,1
RAW,S,L->R,0
RAW,S,C->L,0.10000000000000001
RAW,S,C->C,0.84999999999999998
RAW,S,C->R,0.050000000000000003
RAW,S,R->L,0
RAW,S,R->C,0.5
RAW,S,R->R,0.5
RAW,S,L->L,0
RAW,S,L->C,1
RAW,S,L->R,0
RAW,S,C->L,0.058823529411764698
RAW,S,C->C,0.94117647058823517
RAW,S,C->R,0
RAW,S,R->L,0
RAW,S,R->C,0
RAW,S,R->R,0
RAW,S,L->L,0.66666666666666663
RAW,S,L->C,0.33333333333333331
RAW,S,L->R,0
RAW,S,C->L,0.015873015873015799
RAW,S,C->C,0.96825396825396837
RAW,S,C->R,0.015873015873015799
RAW,S,R->L,0
RAW,S,R->C,1
RAW,S,R->R,0
RAW,S,L->L,0.66666666666666663
RAW,S,L->C,0.33333333333333331
RAW,S,L->R,0
RAW,S,C->L,0.027027027027027001
RAW,S,C->C,0.97297297297297303
RAW,S,C->R,0
RAW,S,R->L,0
RAW,S,R->C,0
RAW,S,R->R,0
RAW,S,L->L,0
RAW,S,L->C,0
RAW,S,L->R,0
RAW,S,C->L,0
RAW,S,C->C,0.93333333333333324
RAW,S,C->R,0.066666666666666596
RAW,S,R->L,0
RAW,S,R->C,1
RAW,S,R->R,0
RAW,S,L->L,0
RAW,S,L->C,0
RAW,S,L->R,0
RAW,S,C->L,0
RAW,S,C->C,1
RAW,S,C->R,0
RAW,S,R->L,0
RAW,S,R->C,0
RAW,S,R->R,0
RAW,S,L->L,0
RAW,S,L->C,0
RAW,S,L->R,0
RAW,S,C->L,0
RAW,S,C->C,1
RAW,S,C->R,0
RAW,S,R->L,0
RAW,S,R->C,0
RAW,S,R->R,0
RAW,S,L->L,0
RAW,S,L->C,0
RAW,S,L->R,0
RAW,S,C->L,0
RAW,S,C->C,1
RAW,S,C->R,0
RAW,S,R->L,0
RAW,S,R->C,0
RAW,S,R->R,0
RAW,S,L->L,0.5
RAW,S,L->C,0.5
RAW,S,L->R,0
RAW,S,C->L,0.033333333333333298
RAW,S,C->C,0.83333333333333337
RAW,S,C->R,0.1333333333333333
RAW,S,R->L,0
RAW,S,R->C,1
RAW,S,R->R,0
RAW,S,L->L,0
RAW,S,L->C,0
RAW,S,L->R,0
RAW,S,C->L,0
RAW,S,C->C,1
RAW,S,C->R,0
RAW,S,R->L,0
RAW,S,R->C,0
RAW,S,R->R,0
RAW,S,L->L,0
RAW,S,L->C,0
RAW,S,L->R,0
RAW,S,C->L,0
RAW,S,C->C,1
RAW,S,C->R,0
RAW,S,R->L,0
RAW,S,R->C,0
RAW,S,R->R,0
RAW,S,L->L,0
RAW,S,L->C,0
RAW,S,L->R,0
RAW,S,C->L,0
RAW,S,C->C,0.96666666666666679
RAW,S,C->R,0.033333333333333298
RAW,S,R->L,0
RAW,S,R->C,1
RAW,S,R->R,0
RAW,S,L->L,0
RAW,S,L->C,0
RAW,S,L->R,0
RAW,S,C->L,0
RAW,S,C->C,0.94827586206896564
RAW,S,C->R,0.051724137931034399
RAW,S,R->L,0
RAW,S,R->C,0.75
RAW,S,R->R,0.25
RAW,S,L->L,0
RAW,S,L->C,0
RAW,S,L->R,0
RAW,S,C->L,0
RAW,S,C->C,1
RAW,S,C->R,0
RAW,S,R->L,0
RAW,S,R->C,0
RAW,S,R->R,0
RAW,S,L->L,0
RAW,S,L->C,0
RAW,S,L->R,0
RAW,S,C->L,0
RAW,S,C->C,1
RAW,S,C->R,0
RAW,S,R->L,0
RAW,S,R->C,1
RAW,S,R->R,0
RAW,S,L->L,0.1666666666666666
RAW,S,L->C,0.83333333333333337
RAW,S,L->R,0
RAW,S,C->L,0.14285714285714279
RAW,S,C->C,0.8571428571428571
RAW,S,C->R,0
RAW,S,R->L,0
RAW,S,R->C,1
RAW,S,R->R,0
RAW,S,L->L,0
RAW,S,L->C,1
RAW,S,L->R,0
RAW,S,C->L,0
RAW,S,C->C,0.92307692307692324
RAW,S,C->R,0.0769230769230769
RAW,S,R->L,0
RAW,S,R->C,1
RAW,S,R->R,0
RAW,S,L->L,0
RAW,S,L->C,0
RAW,S,L->R,0
RAW,S,C->L,0
RAW,S,C->C,1
RAW,S,C->R,0
RAW,S,R->L,0
RAW,S,R->C,0
RAW,S,R->R,0
RAW,S,L->L,0
RAW,S,L->C,1
RAW,S,L->R,0
RAW,S,C->L,0.052631578947368397
RAW,S,C->C,0.94736842105263164
RAW,S,C->R,0
RAW,S,R->L,0
RAW,S,R->C,0
RAW,S,R->R,0
RAW,S,L->L,0.33333333333333331
RAW,S,L->C,0.66666666666666663
RAW,S,L->R,0
RAW,S,C->L,0.0338983050847457
RAW,S,C->C,0.96610169491525422
RAW,S,C->R,0
RAW,S,R->L,0
RAW,S,R->C,0
RAW,S,R->R,0
RAW,S,L->L,0
RAW,S,L->C,0
RAW,S,L->R,0
RAW,S,C->L,0
RAW,S,C->C,1
RAW,S,C->R,0
RAW,S,R->L,0
RAW,S,R->C,0
RAW,S,R->R,0
RAW,S,L->L,0
RAW,S,L->C,0
RAW,S,L->R,0
RAW,S,C->L,0
RAW,S,C->C,1
RAW,S,C->R,0
RAW,S,R->L,0
RAW,S,R->C,0
RAW,S,R->R,0
RAW,S,L->L,0.5
RAW,S,L->C,0.5
RAW,S,L->R,0
RAW,S,C->L,0.040000000000000001
RAW,S,C->C,0.95999999999999996
RAW,S,C->R,0
RAW,S,R->L,0
RAW,S,R->C,0
RAW,S,R->R,0
RAW,S,L->L,0
RAW,S,L->C,0
RAW,S,L->R,0
RAW,S,C->L,0
RAW,S,C->C,0.93103448275862077
RAW,S,C->R,0.068965517241379296
RAW,S,R->L,0
RAW,S,R->C,0.25
RAW,S,R->R,0.75
RAW,S,L->L,0
RAW,S,L->C,1
RAW,S,L->R,0
RAW,S,C->L,0.025641025641025599
RAW,S,C->C,0.92307692307692324
RAW,S,C->R,0.051282051282051197
RAW,S,R->L,0
RAW,S,R->C,0.66666666666666663
RAW,S,R->R,0.33333333333333331
RAW,S,L->L,0
RAW,S,L->C,0
RAW,S,L->R,0
RAW,S,C->L,0
RAW,S,C->C,1
RAW,S,C->R,0
RAW,S,R->L,0
RAW,S,R->C,0
RAW,S,R->R,0
RAW,S,L->L,0
RAW,S,L->C,1
RAW,S,L->R,0
RAW,S,C->L,0.0625
RAW,S,C->C,0.9375
RAW,S,C->R,0
RAW,S,R->L,0
RAW,S,R->C,0
RAW,S,R->R,0
RAW,S,L->L,0.66666666666666663
RAW,S,L->C,0.33333333333333331
RAW,S,L->R,0
RAW,S,C->L,0.068965517241379296
RAW,S,C->C,0.93103448275862077
RAW,S,C->R,0
RAW,S,R->L,0
RAW,S,R->C,0
RAW,S,R->R,0
RAW,S,L->L,0
RAW,S,L->C,0
RAW,S,L->R,0
RAW,S,C->L,0
RAW,S,C->C,1
RAW,S,C->R,0
RAW,S,R->L,0
RAW,S,R->C,0
RAW,S,R->R,0
RAW,S,L->L,0
RAW,S,L->C,1
RAW,S,L->R,0
RAW,S,C->L,0.023809523809523801
RAW,S,C->C,0.9285714285714286
RAW,S,C->R,0.047619047619047603
RAW,S,R->L,0
RAW,S,R->C,0.66666666666666663
RAW,S,R->R,0.33333333333333331
RAW,S,L->L,0.40000000000000002
RAW,S,L->C,0.59999999999999998
RAW,S,L->R,0
RAW,S,C->L,0.09375
RAW,S,C->C,0.875
RAW,S,C->R,0.03125
RAW,S,R->L,0
RAW,S,R->C,0
RAW,S,R->R,1
RAW,S,L->L,0
RAW,S,L->C,0
RAW,S,L->R,0
RAW,S,C->L,0
RAW,S,C->C,0.97674418604651159
RAW,S,C->R,0.023255813953488299
RAW,S,R->L,0
RAW,S,R->C,1
RAW,S,R->R,0
RAW,S,L->L,0
RAW,S,L->C,0
RAW,S,L->R,0
RAW,S,C->L,0
RAW,S,C->C,1
RAW,S,C->R,0
RAW,S,R->L,0
RAW,S,R->C,0
RAW,S,R->R,0
RAW,S,L->L,0
RAW,S,L->C,0
RAW,S,L->R,0
RAW,S,C->L,0
RAW,S,C->C,1
RAW,S,C->R,0
RAW,S,R->L,0
RAW,S,R->C,0
RAW,S,R->R,0
RAW,S,L->L,0
RAW,S,L->C,0
RAW,S,L->R,0
RAW,S,C->L,0
RAW,S,C->C,1
RAW,S,C->R,0
RAW,S,R->L,0
RAW,S,R->C,0
RAW,S,R->R,0
RAW,S,L->L,0
RAW,S,L->C,0
RAW,S,L->R,0
RAW,S,C->L,0
RAW,S,C->C,1
RAW,S,C->R,0
RAW,S,R->L,0
RAW,S,R->C,0
RAW,S,R->R,0
RAW,S,L->L,0
RAW,S,L->C,0
RAW,S,L->R,0
RAW,S,C->L,0
RAW,S,C->C,1
RAW,S,C->R,0
RAW,S,R->L,0
RAW,S,R->C,0
RAW,S,R->R,0
RAW,S,L->L,0
RAW,S,L->C,0
RAW,S,L->R,0
RAW,S,C->L,0
RAW,S,C->C,1
RAW,S,C->R,0
RAW,S,R->L,0
RAW,S,R->C,0
RAW,S,R->R,0
RAW,S,L->L,0
RAW,S,L->C,0
RAW,S,L->R,0
RAW,S,C->L,0
RAW,S,C->C,1
RAW,S,C->R,0
RAW,S,R->L,0
RAW,S,R->C,0
RAW,S,R->R,0
RAW,S,L->L,0
RAW,S,L->C,0
RAW,S,L->R,0
RAW,S,C->L,0
RAW,S,C->C,1
RAW,S,C->R,0
RAW,S,R->L,0
RAW,S,R->C,0
RAW,S,R->R,0
RAW,S,L->L,0
RAW,S,L->C,0
RAW,S,L->R,0
RAW,S,C->L,0
RAW,S,C->C,1
RAW,S,C->R,0
RAW,S,R->L,0
RAW,S,R->C,0
RAW,S,R->R,0
RAW,S,L->L,0
RAW,S,L->C,0
RAW,S,L->R,0
RAW,S,C->L,0
RAW,S,C->C,1
RAW,S,C->R,0
RAW,S,R->L,0
RAW,S,R->C,0
RAW,S,R->R,0
RAW,S,L->L,0
RAW,S,L->C,0
RAW,S,L->R,0
RAW,S,C->L,0
RAW,S,C->C,1
RAW,S,C->R,0
RAW,S,R->L,0
RAW,S,R->C,0
RAW,S,R->R,0
RAW,S,L->L,0
RAW,S,L->C,0
RAW,S,L->R,0
RAW,S,C->L,0
RAW,S,C->C,0.66666666666666663
RAW,S,C->R,0.33333333333333331
RAW,S,R->L,0
RAW,S,R->C,0
RAW,S,R->R,0
RAW,S,L->L,0
RAW,S,L->C,0
RAW,S,L->R,0
RAW,S,C->L,0
RAW,S,C->C,0.967741935483871
RAW,S,C->R,0.032258064516128997
RAW,S,R->L,0
RAW,S,R->C,1
RAW,S,R->R,0
RAW,S,L->L,0
RAW,S,L->C,1
RAW,S,L->R,0
RAW,S,C->L,0.035714285714285698
RAW,S,C->C,0.96428571428571441
RAW,S,C->R,0
RAW,S,R->L,0
RAW,S,R->C,0
RAW,S,R->R,0
RAW,S,L->L,0
RAW,S,L->C,0
RAW,S,L->R,0
RAW,S,C->L,0
RAW,S,C->C,1
RAW,S,C->R,0
RAW,S,R->L,0
RAW,S,R->C,0
RAW,S,R->R,0
RAW,S,L->L,0
RAW,S,L->C,0
RAW,S,L->R,0
RAW,S,C->L,0
RAW,S,C->C,1
RAW,S,C->R,0
RAW,S,R->L,0
RAW,S,R->C,0
RAW,S,R->R,0
RAW,S,L->L,0
RAW,S,L->C,0
RAW,S,L->R,0
RAW,S,C->L,0
RAW,S,C->C,1
RAW,S,C->R,0
RAW,S,R->L,0
RAW,S,R->C,0
RAW,S,R->R,0
RAW,S,L->L,0
RAW,S,L->C,0
RAW,S,L->R,0
RAW,S,C->L,0
RAW,S,C->C,1
RAW,S,C->R,0
RAW,S,R->L,0
RAW,S,R->C,0
RAW,S,R->R,0
RAW,S,L->L,0
RAW,S,L->C,0
RAW,S,L->R,0
RAW,S,C->L,0
RAW,S,C->C,1
RAW,S,C->R,0
RAW,S,R->L,0
RAW,S,R->C,0
RAW,S,R->R,0
RAW,S,L->L,0
RAW,S,L->C,0
RAW,S,L->R,0
RAW,S,C->L,0
RAW,S,C->C,0
RAW,S,C->R,0
RAW,S,R->L,0
RAW,S,R->C,0
RAW,S,R->R,0
RAW,S,L->L,0
RAW,S,L->C,0
RAW,S,L->R,0
RAW,S,C->L,0
RAW,S,C->C,1
RAW,S,C->R,0
RAW,S,R->L,0
RAW,S,R->C,0
RAW,S,R->R,0
RAW,S,L->L,0
RAW,S,L->C,0
RAW,S,L->R,0
RAW,S,C->L,0
RAW,S,C->C,1
RAW,S,C->R,0
RAW,S,R->L,0
RAW,S,R->C,0
RAW,S,R->R,0
RAW,S,L->L,0
RAW,S,L->C,0
RAW,S,L->R,0
RAW,S,C->L,0
RAW,S,C->C,0.97297297297297303
RAW,S,C->R,0.027027027027027001
RAW,S,R->L,0
RAW,S,R->C,1
RAW,S,R->R,0
RAW,S,L->L,0
RAW,S,L->C,0
RAW,S,L->R,0
RAW,S,C->L,0
RAW,S,C->C,1
RAW,S,C->R,0
RAW,S,R->L,0
RAW,S,R->C,0
RAW,S,R->R,0
RAW,S,L->L,0
RAW,S,L->C,0
RAW,S,L->R,0
RAW,S,C->L,0
RAW,S,C->C,0.96666666666666679
RAW,S,C->R,0.033333333333333298
RAW,S,R->L,0
RAW,S,R->C,1
RAW,S,R->R,0
RAW,S,L->L,0
RAW,S,L->C,0
RAW,S,L->R,0
RAW,S,C->L,0
RAW,S,C->C,1
RAW,S,C->R,0
RAW,S,R->L,0
RAW,S,R->C,0
RAW,S,R->R,0
RAW,S,L->L,0
RAW,S,L->C,0
RAW,S,L->R,0
RAW,S,C->L,0
RAW,S,C->C,1
RAW,S,C->R,0
RAW,S,R->L,0
RAW,S,R->C,0
RAW,S,R->R,0
RAW,S,L->L,0
RAW,S,L->C,0
RAW,S,L->R,0
RAW,S,C->L,0
RAW,S,C->C,1
RAW,S,C->R,0
RAW,S,R->L,0
RAW,S,R->C,0
RAW,S,R->R,0
RAW,S,L->L,0
RAW,S,L->C,0
RAW,S,L->R,0
RAW,S,C->L,0
RAW,S,C->C,1
RAW,S,C->R,0
RAW,S,R->L,0
RAW,S,R->C,0
RAW,S,R->R,0
RAW,S,L->L,0
RAW,S,L->C,0
RAW,S,L->R,0
RAW,S,C->L,0
RAW,S,C->C,1
RAW,S,C->R,0
RAW,S,R->L,0
RAW,S,R->C,0
RAW,S,R->R,0
RAW,S,L->L,0
RAW,S,L->C,0
RAW,S,L->R,0
RAW,S,C->L,0
RAW,S,C->C,1
RAW,S,C->R,0
RAW,S,R->L,0
RAW,S,R->C,0
RAW,S,R->R,0
RAW,S,L->L,0
RAW,S,L->C,1
RAW,S,L->R,0
RAW,S,C->L,0.1111111111111111
RAW,S,C->C,0.88888888888888884
RAW,S,C->R,0
RAW,S,R->L,0
RAW,S,R->C,0
RAW,S,R->R,0
RAW,S,L->L,0.40000000000000002
RAW,S,L->C,0.59999999999999998
RAW,S,L->R,0
RAW,S,C->L,0.073170731707316999
RAW,S,C->C,0.90243902439024404
RAW,S,C->R,0.024390243902439001
RAW,S,R->L,0
RAW,S,R->C,0.25
RAW,S,R->R,0.75
RAW,S,L->L,0
RAW,S,L->C,0
RAW,S,L->R,0
RAW,S,C->L,0
RAW,S,C->C,0.93333333333333324
RAW,S,C->R,0.066666666666666596
RAW,S,R->L,0
RAW,S,R->C,0.66666666666666663
RAW,S,R->R,0.33333333333333331
RAW,S,L->L,0
RAW,S,L->C,0
RAW,S,L->R,0
RAW,S,C->L,0
RAW,S,C->C,0.97777777777777763
RAW,S,C->R,0.022222222222222199
RAW,S,R->L,0
RAW,S,R->C,0.25
RAW,S,R->R,0.75
RAW,S,L->L,0.5
RAW,S,L->C,0.5
RAW,S,L->R,0
RAW,S,C->L,0.14285714285714279
RAW,S,C->C,0.8571428571428571
RAW,S,C->R,0
RAW,S,R->L,0
RAW,S,R->C,0
RAW,S,R->R,0
RAW,S,L->L,0
RAW,S,L->C,1
RAW,S,L->R,0
RAW,S,C->L,0.25
RAW,S,C->C,0.75
RAW,S,C->R,0
RAW,S,R->L,0
RAW,S,R->C,0
RAW,S,R->R,0
RAW,S,L->L,0
RAW,S,L->C,0
RAW,S,L->R,0
RAW,S,C->L,0
RAW,S,C->C,0.94444444444444442
RAW,S,C->R,0.055555555555555497
RAW,S,R->L,0
RAW,S,R->C,0.66666666666666663
RAW,S,R->R,0.33333333333333331
RAW,S,L->L,0
RAW,S,L->C,1
RAW,S,L->R,0
RAW,S,C->L,0.0625
RAW,S,C->C,0.9375
RAW,S,C->R,0
RAW,S,R->L,0
RAW,S,R->C,0
RAW,S,R->R,0
RAW,S,L->L,0.5
RAW,S,L->C,0.5
RAW,S,L->R,0
RAW,S,C->L,0.033333333333333298
RAW,S,C->C,0.90000000000000002
RAW,S,C->R,0.066666666666666596
RAW,S,R->L,0
RAW,S,R->C,1
RAW,S,R->R,0
RAW,S,L->L,0
RAW,S,L->C,1
RAW,S,L->R,0
RAW,S,C->L,0.057692307692307598
RAW,S,C->C,0.84615384615384615
RAW,S,C->R,0.096153846153846104
RAW,S,R->L,0
RAW,S,R->C,1
RAW,S,R->R,0
RAW,S,L->L,0
RAW,S,L->C,0
RAW,S,L->R,0
RAW,S,C->L,0
RAW,S,C->C,0.95238095238095244
RAW,S,C->R,0.047619047619047603
RAW,S,R->L,0
RAW,S,R->C,0.25
RAW,S,R->R,0.75
RAW,S,L->L,0
RAW,S,L->C,1
RAW,S,L->R,0
RAW,S,C->L,0.20000000000000001
RAW,S,C->C,0.80000000000000004
RAW,S,C->R,0
RAW,S,R->L,0
RAW,S,R->C,0
RAW,S,R->R,0
RAW,S,L->L,0
RAW,S,L->C,1
RAW,S,L->R,0
RAW,S,C->L,0.023255813953488299
RAW,S,C->C,0.97674418604651159
RAW,S,C->R,0
RAW,S,R->L,0
RAW,S,R->C,0
RAW,S,R->R,0
RAW,S,L->L,0
RAW,S,L->C,1
RAW,S,L->R,0
RAW,S,C->L,0.022222222222222199
RAW,S,C->C,0.97777777777777763
RAW,S,C->R,0
RAW,S,R->L,0
RAW,S,R->C,0
RAW,S,R->R,0
RAW,S,L->L,0
RAW,S,L->C,0
RAW,S,L->R,0
RAW,S,C->L,0
RAW,S,C->C,1
RAW,S,C->R,0
RAW,S,R->L,0
RAW,S,R->C,0
RAW,S,R->R,0
RAW,S,L->L,0
RAW,S,L->C,1
RAW,S,L->R,0
RAW,S,C->L,0.083333333333333301
RAW,S,C->C,0.91666666666666663
RAW,S,C->R,0
RAW,S,R->L,0
RAW,S,R->C,0
RAW,S,R->R,0
RAW,S,L->L,0
RAW,S,L->C,0
RAW,S,L->R,0
RAW,S,C->L,0
RAW,S,C->C,1
RAW,S,C->R,0
RAW,S,R->L,0
RAW,S,R->C,0
RAW,S,R->R,0
RAW,S,L->L,0
RAW,S,L->C,0
RAW,S,L->R,0
RAW,S,C->L,0
RAW,S,C->C,0.92000000000000004
RAW,S,C->R,0.080000000000000002
RAW,S,R->L,0
RAW,S,R->C,0.66666666666666663
RAW,S,R->R,0.33333333333333331
RAW,S,L->L,0.66666666666666663
RAW,S,L->C,0.33333333333333331
RAW,S,L->R,0
RAW,S,C->L,0.0135135135135135
RAW,S,C->C,0.9864864864864864
RAW,S,C->R,0
RAW,S,R->L,0
RAW,S,R->C,0
RAW,S,R->R,0
RAW,S,L->L,0.75
RAW,S,L->C,0.25
RAW,S,L->R,0
RAW,S,C->L,0.041666666666666602
RAW,S,C->C,0.95833333333333337
RAW,S,C->R,0
RAW,S,R->L,0
RAW,S,R->C,0
RAW,S,R->R,0
RAW,S,L->L,0.55172413793103448
RAW,S,L->C,0.4137931034482758
RAW,S,L->R,0.034482758620689599
RAW,S,C->L,0.050925925925925902
RAW,S,C->C,0.90277777777777779
RAW,S,C->R,0.046296296296296197
RAW,S,R->L,0.14285714285714279
RAW,S,R->C,0.6428571428571429
RAW,S,R->R,0.21428571428571419
RAW,S,L->L,0
RAW,S,L->C,0
RAW,S,L->R,0
RAW,S,C->L,0
RAW,S,C->C,1
RAW,S,C->R,0
RAW,S,R->L,0
RAW,S,R->C,0
RAW,S,R->R,0
RAW,S,L->L,0
RAW,S,L->C,0
RAW,S,L->R,0
RAW,S,C->L,0
RAW,S,C->C,0.83333333333333337
RAW,S,C->R,0.1666666666666666
RAW,S,R->L,0
RAW,S,R->C,1
RAW,S,R->R,0
RAW,S,L->L,0
RAW,S,L->C,0
RAW,S,L->R,0
RAW,S,C->L,0
RAW,S,C->C,1
RAW,S,C->R,0
RAW,S,R->L,0
RAW,S,R->C,0
RAW,S,R->R,0
RAW,S,L->L,0
RAW,S,L->C,1
RAW,S,L->R,0
RAW,S,C->L,0.090909090909090898
RAW,S,C->C,0.90909090909090917
RAW,S,C->R,0
RAW,S,R->L,0
RAW,S,R->C,0
RAW,S,R->R,0
RAW,S,L->L,0
RAW,S,L->C,0
RAW,S,L->R,0
RAW,S,C->L,0
RAW,S,C->C,1
RAW,S,C->R,0
RAW,S,R->L,0
RAW,S,R->C,0
RAW,S,R->R,0
RAW,S,L->L,0
RAW,S,L->C,0
RAW,S,L->R,0
RAW,S,C->L,0
RAW,S,C->C,1
RAW,S,C->R,0
RAW,S,R->L,0
RAW,S,R->C,0
RAW,S,R->R,0
RAW,S,L->L,0.375
RAW,S,L->C,0.625
RAW,S,L->R,0
RAW,S,C->L,0.15151515151515149
RAW,S,C->C,0.81818181818181823
RAW,S,C->R,0.0303030303030303
RAW,S,R->L,0
RAW,S,R->C,1
RAW,S,R->R,0
RAW,S,L->L,0
RAW,S,L->C,0
RAW,S,L->R,0
RAW,S,C->L,0
RAW,S,C->C,0
RAW,S,C->R,0
RAW,S,R->L,0
RAW,S,R->C,0
RAW,S,R->R,0
RAW,S,L->L,0
RAW,S,L->C,1
RAW,S,L->R,0
RAW,S,C->L,0.25
RAW,S,C->C,0.75
RAW,S,C->R,0
RAW,S,R->L,0
RAW,S,R->C,0
RAW,S,R->R,0
RAW,S,L->L,0.66666666666666663
RAW,S,L->C,0.33333333333333331
RAW,S,L->R,0
RAW,S,C->L,0.11538461538461529
RAW,S,C->C,0.80769230769230771
RAW,S,C->R,0.0769230769230769
RAW,S,R->L,0
RAW,S,R->C,0.66666666666666663
RAW,S,R->R,0.33333333333333331
RAW,S,L->L,0
RAW,S,L->C,1
RAW,S,L->R,0
RAW,S,C->L,0
RAW,S,C->C,0.80000000000000004
RAW,S,C->R,0.20000000000000001
RAW,S,R->L,0
RAW,S,R->C,0.5
RAW,S,R->R,0.5
RAW,S,L->L,0
RAW,S,L->C,0
RAW,S,L->R,0
RAW,S,C->L,0
RAW,S,C->C,1
RAW,S,C->R,0
RAW,S,R->L,0
RAW,S,R->C,0
RAW,S,R->R,0
RAW,S,L->L,0
RAW,S,L->C,0
RAW,S,L->R,0
RAW,S,C->L,0
RAW,S,C->C,1
RAW,S,C->R,0
RAW,S,R->L,0
RAW,S,R->C,0
RAW,S,R->R,0
RAW,S,L->L,0
RAW,S,L->C,1
RAW,S,L->R,0
RAW,S,C->L,0.1666666666666666
RAW,S,C->C,0.83333333333333337
RAW,S,C->R,0
RAW,S,R->L,0
RAW,S,R->C,0
RAW,S,R->R,0
RAW,S,L->L,0.20000000000000001
RAW,S,L->C,0.80000000000000004
RAW,S,L->R,0
RAW,S,C->L,0.23529411764705879
RAW,S,C->C,0.70588235294117652
RAW,S,C->R,0.058823529411764698
RAW,S,R->L,0
RAW,S,R->C,1
RAW,S,R->R,0
RAW,S,L->L,0.5
RAW,S,L->C,0.5
RAW,S,L->R,0
RAW,S,C->L,0.20588235294117641
RAW,S,C->C,0.73529411764705888
RAW,S,C->R,0.058823529411764698
RAW,S,R->L,0
RAW,S,R->C,0.66666666666666663
RAW,S,R->R,0.33333333333333331
RAW,S,L->L,0.5
RAW,S,L->C,0.5
RAW,S,L->R,0
RAW,S,C->L,0.083333333333333301
RAW,S,C->C,0.91666666666666663
RAW,S,C->R,0
RAW,S,R->L,0
RAW,S,R->C,0
RAW,S,R->R,0
RAW,S,L->L,0.75
RAW,S,L->C,0.25
RAW,S,L->R,0
RAW,S,C->L,0.20000000000000001
RAW,S,C->C,0.80000000000000004
RAW,S,C->R,0
RAW,S,R->L,0
RAW,S,R->C,0
RAW,S,R->R,0
RAW,S,L->L,0.5
RAW,S,L->C,0.5
RAW,S,L->R,0
RAW,S,C->L,0
RAW,S,C->C,1
RAW,S,C->R,0
RAW,S,R->L,0
RAW,S,R->C,0
RAW,S,R->R,0
RAW,S,L->L,0.5
RAW,S,L->C,0.5
RAW,S,L->R,0
RAW,S,C->L,0.1578947368421052
RAW,S,C->C,0.78947368421052633
RAW,S,C->R,0.052631578947368397
RAW,S,R->L,0
RAW,S,R->C,0.5
RAW,S,R->R,0.5
RAW,S,L->L,1
RAW,S,L->C,0
RAW,S,L->R,0
RAW,S,C->L,0.10000000000000001
RAW,S,C->C,0.90000000000000002
RAW,S,C->R,0
RAW,S,R->L,0
RAW,S,R->C,0
RAW,S,R->R,0
RAW,S,L->L,0
RAW,S,L->C,1
RAW,S,L->R,0
RAW,S,C->L,0.10000000000000001
RAW,S,C->C,0.90000000000000002
RAW,S,C->R,0
RAW,S,R->L,0
RAW,S,R->C,0
RAW,S,R->R,0
RAW,S,L->L,0
RAW,S,L->C,1
RAW,S,L->R,0
RAW,S,C->L,0.0454545454545454
RAW,S,C->C,0.95454545454545459
RAW,S,C->R,0
RAW,S,R->L,0
RAW,S,R->C,0
RAW,S,R->R,0
RAW,S,L->L,0
RAW,S,L->C,1
RAW,S,L->R,0
RAW,S,C->L,0
RAW,S,C->C,1
RAW,S,C->R,0
RAW,S,R->L,0
RAW,S,R->C,0
RAW,S,R->R,0
RAW,S,L->L,0
RAW,S,L->C,1
RAW,S,L->R,0
RAW,S,C->L,0.027027027027027001
RAW,S,C->C,0.97297297297297303
RAW,S,C->R,0
RAW,S,R->L,0
RAW,S,R->C,0
RAW,S,R->R,0
RAW,S,L->L,0
RAW,S,L->C,0
RAW,S,L->R,0
RAW,S,C->L,0
RAW,S,C->C,1
RAW,S,C->R,0
RAW,S,R->L,0
RAW,S,R->C,0
RAW,S,R->R,0
RAW,S,L->L,0.5
RAW,S,L->C,0.5
RAW,S,L->R,0
RAW,S,C->L,0.081250000000000003
RAW,S,C->C,0.86875000000000002
RAW,S,C->R,0.050000000000000003
RAW,S,R->L,0
RAW,S,R->C,0.66666666666666663
RAW,S,R->R,0.33333333333333331
RAW,S,L->L,0
RAW,S,L->C,0
RAW,S,L->R,0
RAW,S,C->L,0
RAW,S,C->C,0.875
RAW,S,C->R,0.125
RAW,S,R->L,0
RAW,S,R->C,1
RAW,S,R->R,0
RAW,S,L->L,0
RAW,S,L->C,0
RAW,S,L->R,0
RAW,S,C->L,0
RAW,S,C->C,0.59999999999999998
RAW,S,C->R,0.40000000000000002
RAW,S,R->L,0
RAW,S,R->C,0.66666666666666663
RAW,S,R->R,0.33333333333333331
RAW,S,L->L,0.33333333333333331
RAW,S,L->C,0.66666666666666663
RAW,S,L->R,0
RAW,S,C->L,0.095238095238095205
RAW,S,C->C,0.90476190476190477
RAW,S,C->R,0
RAW,S,R->L,0
RAW,S,R->C,0
RAW,S,R->R,0
RAW,S,L->L,0
RAW,S,L->C,0
RAW,S,L->R,0
RAW,S,C->L,0
RAW,S,C->C,1
RAW,S,C->R,0
RAW,S,R->L,0
RAW,S,R->C,0
RAW,S,R->R,0
RAW,S,L->L,0.40000000000000002
RAW,S,L->C,0.59999999999999998
RAW,S,L->R,0
RAW,S,C->L,0.044117647058823498
RAW,S,C->C,0.95588235294117641
RAW,S,C->R,0
RAW,S,R->L,0
RAW,S,R->C,0
RAW,S,R->R,0
RAW,S,L->L,0
RAW,S,L->C,0
RAW,S,L->R,0
RAW,S,C->L,0
RAW,S,C->C,1
RAW,S,C->R,0
RAW,S,R->L,0
RAW,S,R->C,0
RAW,S,R->R,0
RAW,S,L->L,0
RAW,S,L->C,0
RAW,S,L->R,0
RAW,S,C->L,0.055555555555555497
RAW,S,C->C,0.94444444444444442
RAW,S,C->R,0
RAW,S,R->L,0
RAW,S,R->C,0
RAW,S,R->R,0
RAW,S,L->L,0
RAW,S,L->C,0
RAW,S,L->R,0
RAW,S,C->L,0
RAW,S,C->C,1
RAW,S,C->R,0
RAW,S,R->L,0
RAW,S,R->C,1
RAW,S,R->R,0
RAW,S,L->L,0
RAW,S,L->C,0
RAW,S,L->R,0
RAW,S,C->L,0
RAW,S,C->C,0.97826086956521741
RAW,S,C->R,0.021739130434782601
RAW,S,R->L,0
RAW,S,R->C,1
RAW,S,R->R,0
RAW,S,L->L,0
RAW,S,L->C,1
RAW,S,L->R,0
RAW,S,C->L,0.0303030303030303
RAW,S,C->C,0.96969696969696961
RAW,S,C->R,0
RAW,S,R->L,0
RAW,S,R->C,0
RAW,S,R->R,0
RAW,S,L->L,0
RAW,S,L->C,0
RAW,S,L->R,0
RAW,S,C->L,0
RAW,S,C->C,0.88888888888888884
RAW,S,C->R,0.1111111111111111
RAW,S,R->L,0
RAW,S,R->C,0.5
RAW,S,R->R,0.5
RAW,S,L->L,0
RAW,S,L->C,0
RAW,S,L->R,0
RAW,S,C->L,0
RAW,S,C->C,1
RAW,S,C->R,0
RAW,S,R->L,0
RAW,S,R->C,1
RAW,S,R->R,0
RAW,S,L->L,0
RAW,S,L->C,0
RAW,S,L->R,0
RAW,S,C->L,0
RAW,S,C->C,1
RAW,S,C->R,0
RAW,S,R->L,0
RAW,S,R->C,0
RAW,S,R->R,0
RAW,S,L->L,0
RAW,S,L->C,0
RAW,S,L->R,0
RAW,S,C->L,0
RAW,S,C->C,0.96551724137931039
RAW,S,C->R,0.034482758620689599
RAW,S,R->L,0
RAW,S,R->C,1
RAW,S,R->R,0
RAW,S,L->L,0
RAW,S,L->C,0
RAW,S,L->R,0
RAW,S,C->L,0
RAW,S,C->C,0.96078431372549022
RAW,S,C->R,0.039215686274509803
RAW,S,R->L,0
RAW,S,R->C,1
RAW,S,R->R,0
RAW,S,L->L,0
RAW,S,L->C,0
RAW,S,L->R,0
RAW,S,C->L,0
RAW,S,C->C,1
RAW,S,C->R,0
RAW,S,R->L,0
RAW,S,R->C,0
RAW,S,R->R,0
RAW,S,L->L,0
RAW,S,L->C,0
RAW,S,L->R,0
RAW,S,C->L,0
RAW,S,C->C,1
RAW,S,C->R,0
RAW,S,R->L,0
RAW,S,R->C,0
RAW,S,R->R,0
RAW,S,L->L,0
RAW,S,L->C,1
RAW,S,L->R,0
RAW,S,C->L,0.033333333333333298
RAW,S,C->C,0.96666666666666679
RAW,S,C->R,0
RAW,S,R->L,0
RAW,S,R->C,0
RAW,S,R->R,0
RAW,S,L->L,0
RAW,S,L->C,1
RAW,S,L->R,0
RAW,S,C->L,0.14285714285714279
RAW,S,C->C,0.8571428571428571
RAW,S,C->R,0
RAW,S,R->L,0
RAW,S,R->C,0
RAW,S,R->R,0
RAW,S,L->L,0
RAW,S,L->C,0
RAW,S,L->R,0
RAW,S,C->L,0
RAW,S,C->C,1
RAW,S,C->R,0
RAW,S,R->L,0
RAW,S,R->C,0
RAW,S,R->R,0
RAW,S,L->L,0
RAW,S,L->C,1
RAW,S,L->R,0
RAW,S,C->L,0.0625
RAW,S,C->C,0.9375
RAW,S,C->R,0
RAW,S,R->L,0
RAW,S,R->C,0
RAW,S,R->R,0
RAW,S,L->L,0
RAW,S,L->C,1
RAW,S,L->R,0
RAW,S,C->L,0.050000000000000003
RAW,S,C->C,0.94999999999999996
RAW,S,C->R,0
RAW,S,R->L,0
RAW,S,R->C,0
RAW,S,R->R,0
RAW,S,L->L,0
RAW,S,L->C,0
RAW,S,L->R,0
RAW,S,C->L,0
RAW,S,C->C,1
RAW,S,C->R,0
RAW,S,R->L,0
RAW,S,R->C,0
RAW,S,R->R,0
RAW,S,L->L,0
RAW,S,L->C,1
RAW,S,L->R,0
RAW,S,C->L,0
RAW,S,C->C,1
RAW,S,C->R,0
RAW,S,R->L,0
RAW,S,R->C,0
RAW,S,R->R,0
RAW,S,L->L,0
RAW,S,L->C,0
RAW,S,L->R,0
RAW,S,C->L,0
RAW,S,C->C,1
RAW,S,C->R,0
RAW,S,R->L,0
RAW,S,R->C,0
RAW,S,R->R,0
RAW,S,L->L,0.5
RAW,S,L->C,0.5
RAW,S,L->R,0
RAW,S,C->L,0.03125
RAW,S,C->C,0.96875
RAW,S,C->R,0
RAW,S,R->L,0
RAW,S,R->C,0
RAW,S,R->R,0
RAW,S,L->L,0.75
RAW,S,L->C,0.25
RAW,S,L->R,0
RAW,S,C->L,0.10000000000000001
RAW,S,C->C,0.90000000000000002
RAW,S,C->R,0
RAW,S,R->L,0
RAW,S,R->C,0
RAW,S,R->R,0
RAW,S,L->L,0
RAW,S,L->C,0
RAW,S,L->R,0
RAW,S,C->L,0
RAW,S,C->C,1
RAW,S,C->R,0
RAW,S,R->L,0
RAW,S,R->C,0
RAW,S,R->R,0
RAW,S,L->L,0
RAW,S,L->C,1
RAW,S,L->R,0
RAW,S,C->L,0.0625
RAW,S,C->C,0.9375
RAW,S,C->R,0
RAW,S,R->L,0
RAW,S,R->C,0
RAW,S,R->R,0
RAW,S,L->L,0
RAW,S,L->C,1
RAW,S,L->R,0
RAW,S,C->L,0.040000000000000001
RAW,S,C->C,0.92000000000000004
RAW,S,C->R,0.040000000000000001
RAW,S,R->L,0
RAW,S,R->C,0.5
RAW,S,R->R,0.5
RAW,S,L->L,0
RAW,S,L->C,0
RAW,S,L->R,0
RAW,S,C->L,0
RAW,S,C->C,1
RAW,S,C->R,0
RAW,S,R->L,0
RAW,S,R->C,0
RAW,S,R->R,0
RAW,S,L->L,0
RAW,S,L->C,1
RAW,S,L->R,0
RAW,S,C->L,0.052631578947368397
RAW,S,C->C,0.94736842105263164
RAW,S,C->R,0
RAW,S,R->L,0
RAW,S,R->C,0
RAW,S,R->R,0
RAW,S,L->L,0.33333333333333331
RAW,S,L->C,0.66666666666666663
RAW,S,L->R,0
RAW,S,C->L,0.0625
RAW,S,C->C,0.9375
RAW,S,C->R,0
RAW,S,R->L,0
RAW,S,R->C,0
RAW,S,R->R,0
RAW,S,L->L,0
RAW,S,L->C,0
RAW,S,L->R,0
RAW,S,C->L,0
RAW,S,C->C,1
RAW,S,C->R,0
RAW,S,R->L,0
RAW,S,R->C,0
RAW,S,R->R,0
RAW,S,L->L,1
RAW,S,L->C,0
RAW,S,L->R,0
RAW,S,C->L,0.090909090909090898
RAW,S,C->C,0.90909090909090917
RAW,S,C->R,0
RAW,S,R->L,0
RAW,S,R->C,0
RAW,S,R->R,0
RAW,S,L->L,0
RAW,S,L->C,1
RAW,S,L->R,0
RAW,S,C->L,0.047619047619047603
RAW,S,C->C,0.95238095238095244
RAW,S,C->R,0
RAW,S,R->L,0
RAW,S,R->C,0
RAW,S,R->R,0
RAW,S,L->L,0
RAW,S,L->C,1
RAW,S,L->R,0
RAW,S,C->L,0.037735849056603703
RAW,S,C->C,0.96226415094339623
RAW,S,C->R,0
RAW,S,R->L,0
RAW,S,R->C,0
RAW,S,R->R,0
RAW,S,L->L,0
RAW,S,L->C,0
RAW,S,L->R,0
RAW,S,C->L,0
RAW,S,C->C,1
RAW,S,C->R,0
RAW,S,R->L,0
RAW,S,R->C,0
RAW,S,R->R,0
RAW,S,L->L,0
RAW,S,L->C,1
RAW,S,L->R,0
RAW,S,C->L,0
RAW,S,C->C,1
RAW,S,C->R,0
RAW,S,R->L,0
RAW,S,R->C,0
RAW,S,R->R,0
RAW,S,L->L,0
RAW,S,L->C,1
RAW,S,L->R,0
RAW,S,C->L,0.040000000000000001
RAW,S,C->C,0.95999999999999996
RAW,S,C->R,0
RAW,S,R->L,0
RAW,S,R->C,0
RAW,S,R->R,0
RAW,S,L->L,0
RAW,S,L->C,1
RAW,S,L->R,0
RAW,S,C->L,0.025000000000000001
RAW,S,C->C,0.90000000000000002
RAW,S,C->R,0.074999999999999997
RAW,S,R->L,0
RAW,S,R->C,1
RAW,S,R->R,0
RAW,S,L->L,0
RAW,S,L->C,0
RAW,S,L->R,0
RAW,S,C->L,0
RAW,S,C->C,1
RAW,S,C->R,0
RAW,S,R->L,0
RAW,S,R->C,0
RAW,S,R->R,0
RAW,S,L->L,0
RAW,S,L->C,1
RAW,S,L->R,0
RAW,S,C->L,0.043478260869565202
RAW,S,C->C,0.93478260869565222
RAW,S,C->R,0.021739130434782601
RAW,S,R->L,0
RAW,S,R->C,0.5
RAW,S,R->R,0.5
RAW,S,L->L,0
RAW,S,L->C,0
RAW,S,L->R,0
RAW,S,C->L,0
RAW,S,C->C,1
RAW,S,C->R,0
RAW,S,R->L,0
RAW,S,R->C,0
RAW,S,R->R,0
RAW,S,L->L,0
RAW,S,L->C,0
RAW,S,L->R,0
RAW,S,C->L,0
RAW,S,C->C,1
RAW,S,C->R,0
RAW,S,R->L,0
RAW,S,R->C,0
RAW,S,R->R,0
RAW,S,L->L,0
RAW,S,L->C,0
RAW,S,L->R,0
RAW,S,C->L,0
RAW,S,C->C,1
RAW,S,C->R,0
RAW,S,R->L,0
RAW,S,R->C,0
RAW,S,R->R,0
RAW,S,L->L,0
RAW,S,L->C,0
RAW,S,L->R,0
RAW,S,C->L,0
RAW,S,C->C,1
RAW,S,C->R,0
RAW,S,R->L,0
RAW,S,R->C,1
RAW,S,R->R,0
RAW,S,L->L,0
RAW,S,L->C,0
RAW,S,L->R,0
RAW,S,C->L,0
RAW,S,C->C,1
RAW,S,C->R,0
RAW,S,R->L,0
RAW,S,R->C,0
RAW,S,R->R,0
RAW,S,L->L,0
RAW,S,L->C,0
RAW,S,L->R,0
RAW,S,C->L,0
RAW,S,C->C,0.84999999999999998
RAW,S,C->R,0.14999999999999999
RAW,S,R->L,0
RAW,S,R->C,1
RAW,S,R->R,0
RAW,S,L->L,0
RAW,S,L->C,0
RAW,S,L->R,0
RAW,S,C->L,0
RAW,S,C->C,1
RAW,S,C->R,0
RAW,S,R->L,0
RAW,S,R->C,0
RAW,S,R->R,0
RAW,S,L->L,0
RAW,S,L->C,0
RAW,S,L->R,0
RAW,S,C->L,0
RAW,S,C->C,1
RAW,S,C->R,0
RAW,S,R->L,0
RAW,S,R->C,0
RAW,S,R->R,0
RAW,S,L->L,0
RAW,S,L->C,0
RAW,S,L->R,0
RAW,S,C->L,0
RAW,S,C->C,1
RAW,S,C->R,0
RAW,S,R->L,0
RAW,S,R->C,0
RAW,S,R->R,0
RAW,S,L->L,0
RAW,S,L->C,0
RAW,S,L->R,0
RAW,S,C->L,0
RAW,S,C->C,0.92307692307692324
RAW,S,C->R,0.0769230769230769
RAW,S,R->L,0
RAW,S,R->C,0.25
RAW,S,R->R,0.75
RAW,S,L->L,0.5
RAW,S,L->C,0.5
RAW,S,L->R,0
RAW,S,C->L,0.0070921985815602002
RAW,S,C->C,0.97163120567375882
RAW,S,C->R,0.021276595744680799
RAW,S,R->L,0
RAW,S,R->C,1
RAW,S,R->R,0
RAW,S,L->L,0
RAW,S,L->C,0
RAW,S,L->R,0
RAW,S,C->L,0
RAW,S,C->C,1
RAW,S,C->R,0
RAW,S,R->L,0
RAW,S,R->C,0
RAW,S,R->R,0
RAW,S,L->L,0
RAW,S,L->C,0
RAW,S,L->R,0
RAW,S,C->L,0
RAW,S,C->C,1
RAW,S,C->R,0
RAW,S,R->L,0
RAW,S,R->C,0
RAW,S,R->R,0
RAW,S,L->L,0
RAW,S,L->C,0
RAW,S,L->R,0
RAW,S,C->L,0
RAW,S,C->C,1
RAW,S,C->R,0
RAW,S,R->L,0
RAW,S,R->C,0
RAW,S,R->R,0
RAW,S,L->L,0
RAW,S,L->C,0
RAW,S,L->R,0
RAW,S,C->L,0
RAW,S,C->C,1
RAW,S,C->R,0
RAW,S,R->L,0
RAW,S,R->C,0
RAW,S,R->R,0
RAW,S,L->L,0
RAW,S,L->C,0
RAW,S,L->R,0
RAW,S,C->L,0
RAW,S,C->C,1
RAW,S,C->R,0
RAW,S,R->L,0
RAW,S,R->C,0
RAW,S,R->R,0
RAW,S,L->L,0
RAW,S,L->C,0
RAW,S,L->R,0
RAW,S,C->L,0
RAW,S,C->C,1
RAW,S,C->R,0
RAW,S,R->L,0
RAW,S,R->C,0
RAW,S,R->R,0
RAW,S,L->L,0
RAW,S,L->C,0
RAW,S,L->R,0
RAW,S,C->L,0
RAW,S,C->C,1
RAW,S,C->R,0
RAW,S,R->L,0
RAW,S,R->C,0
RAW,S,R->R,0
RAW,S,L->L,0
RAW,S,L->C,0
RAW,S,L->R,0
RAW,S,C->L,0
RAW,S,C->C,1
RAW,S,C->R,0
RAW,S,R->L,0
RAW,S,R->C,0
RAW,S,R->R,0
RAW,S,L->L,0
RAW,S,L->C,0
RAW,S,L->R,0
RAW,S,C->L,0
RAW,S,C->C,1
RAW,S,C->R,0
RAW,S,R->L,0
RAW,S,R->C,0
RAW,S,R->R,0
RAW,S,L->L,0
RAW,S,L->C,0
RAW,S,L->R,0
RAW,S,C->L,0
RAW,S,C->C,1
RAW,S,C->R,0
RAW,S,R->L,0
RAW,S,R->C,0
RAW,S,R->R,0
RAW,S,L->L,0
RAW,S,L->C,0
RAW,S,L->R,0
RAW,S,C->L,0
RAW,S,C->C,1
RAW,S,C->R,0
RAW,S,R->L,0
RAW,S,R->C,0
RAW,S,R->R,0
RAW,S,L->L,0
RAW,S,L->C,0
RAW,S,L->R,0
RAW,S,C->L,0
RAW,S,C->C,1
RAW,S,C->R,0
RAW,S,R->L,0
RAW,S,R->C,0
RAW,S,R->R,0
RAW,S,L->L,0
RAW,S,L->C,0
RAW,S,L->R,0
RAW,S,C->L,0
RAW,S,C->C,1
RAW,S,C->R,0
RAW,S,R->L,0
RAW,S,R->C,0
RAW,S,R->R,0
RAW,S,L->L,0
RAW,S,L->C,0
RAW,S,L->R,0
RAW,S,C->L,0
RAW,S,C->C,1
RAW,S,C->R,0
RAW,S,R->L,0
RAW,S,R->C,0
RAW,S,R->R,0
RAW,S,L->L,0
RAW,S,L->C,0
RAW,S,L->R,0
RAW,S,C->L,0
RAW,S,C->C,1
RAW,S,C->R,0
RAW,S,R->L,0
RAW,S,R->C,0
RAW,S,R->R,0
RAW,S,L->L,0
RAW,S,L->C,0
RAW,S,L->R,0
RAW,S,C->L,0
RAW,S,C->C,1
RAW,S,C->R,0
RAW,S,R->L,0
RAW,S,R->C,0
RAW,S,R->R,0
RAW,S,L->L,0
RAW,S,L->C,0
RAW,S,L->R,0
RAW,S,C->L,0
RAW,S,C->C,1
RAW,S,C->R,0
RAW,S,R->L,0
RAW,S,R->C,0
RAW,S,R->R,0
RAW,S,L->L,0
RAW,S,L->C,0
RAW,S,L->R,0
RAW,S,C->L,0.33333333333333331
RAW,S,C->C,0.66666666666666663
RAW,S,C->R,0
RAW,S,R->L,0
RAW,S,R->C,0
RAW,S,R->R,0
RAW,S,L->L,0
RAW,S,L->C,0
RAW,S,L->R,0
RAW,S,C->L,0
RAW,S,C->C,1
RAW,S,C->R,0
RAW,S,R->L,0
RAW,S,R->C,0
RAW,S,R->R,0
RAW,S,L->L,0
RAW,S,L->C,0
RAW,S,L->R,0
RAW,S,C->L,0
RAW,S,C->C,1
RAW,S,C->R,0
RAW,S,R->L,0
RAW,S,R->C,0
RAW,S,R->R,0
RAW,S,L->L,0
RAW,S,L->C,0
RAW,S,L->R,0
RAW,S,C->L,0
RAW,S,C->C,1
RAW,S,C->R,0
RAW,S,R->L,0
RAW,S,R->C,0
RAW,S,R->R,0
RAW,S,L->L,0
RAW,S,L->C,0
RAW,S,L->R,0
RAW,S,C->L,0
RAW,S,C->C,1
RAW,S,C->R,0
RAW,S,R->L,0
RAW,S,R->C,0
RAW,S,R->R,0
RAW,S,L->L,0
RAW,S,L->C,0
RAW,S,L->R,0
RAW,S,C->L,0
RAW,S,C->C,1
RAW,S,C->R,0
RAW,S,R->L,0
RAW,S,R->C,0
RAW,S,R->R,0
RAW,S,L->L,0
RAW,S,L->C,0
RAW,S,L->R,0
RAW,S,C->L,0
RAW,S,C->C,1
RAW,S,C->R,0
RAW,S,R->L,0
RAW,S,R->C,0
RAW,S,R->R,0
RAW,S,L->L,0
RAW,S,L->C,0
RAW,S,L->R,0
RAW,S,C->L,0
RAW,S,C->C,1
RAW,S,C->R,0
RAW,S,R->L,0
RAW,S,R->C,0
RAW,S,R->R,0
RAW,S,L->L,0
RAW,S,L->C,0
RAW,S,L->R,0
RAW,S,C->L,0
RAW,S,C->C,1
RAW,S,C->R,0
RAW,S,R->L,0
RAW,S,R->C,0
RAW,S,R->R,0
RAW,S,L->L,0
RAW,S,L->C,0
RAW,S,L->R,0
RAW,S,C->L,0
RAW,S,C->C,1
RAW,S,C->R,0
RAW,S,R->L,0
RAW,S,R->C,0
RAW,S,R->R,0
RAW,S,L->L,0
RAW,S,L->C,0
RAW,S,L->R,0
RAW,S,C->L,0
RAW,S,C->C,1
RAW,S,C->R,0
RAW,S,R->L,0
RAW,S,R->C,0
RAW,S,R->R,0
RAW,S,L->L,0
RAW,S,L->C,0
RAW,S,L->R,0
RAW,S,C->L,0
RAW,S,C->C,1
RAW,S,C->R,0
RAW,S,R->L,0
RAW,S,R->C,0
RAW,S,R->R,0
RAW,S,L->L,0
RAW,S,L->C,0
RAW,S,L->R,0
RAW,S,C->L,0
RAW,S,C->C,1
RAW,S,C->R,0
RAW,S,R->L,0
RAW,S,R->C,0
RAW,S,R->R,0
RAW,S,L->L,0
RAW,S,L->C,0
RAW,S,L->R,0
RAW,S,C->L,0
RAW,S,C->C,0.96428571428571441
RAW,S,C->R,0.035714285714285698
RAW,S,R->L,0
RAW,S,R->C,0
RAW,S,R->R,1
RAW,S,L->L,0
RAW,S,L->C,0
RAW,S,L->R,0
RAW,S,C->L,0
RAW,S,C->C,1
RAW,S,C->R,0
RAW,S,R->L,0
RAW,S,R->C,0
RAW,S,R->R,0
RAW,S,L->L,0
RAW,S,L->C,0
RAW,S,L->R,0
RAW,S,C->L,0
RAW,S,C->C,1
RAW,S,C->R,0
RAW,S,R->L,0
RAW,S,R->C,0
RAW,S,R->R,0
RAW,S,L->L,0
RAW,S,L->C,0
RAW,S,L->R,0
RAW,S,C->L,0
RAW,S,C->C,1
RAW,S,C->R,0
RAW,S,R->L,0
RAW,S,R->C,0
RAW,S,R->R,0
RAW,S,L->L,0
RAW,S,L->C,0
RAW,S,L->R,0
RAW,S,C->L,0
RAW,S,C->C,1
RAW,S,C->R,0
RAW,S,R->L,0
RAW,S,R->C,0
RAW,S,R->R,0
RAW,S,L->L,0
RAW,S,L->C,0
RAW,S,L->R,0
RAW,S,C->L,0
RAW,S,C->C,0.80000000000000004
RAW,S,C->R,0.20000000000000001
RAW,S,R->L,0
RAW,S,R->C,0.20000000000000001
RAW,S,R->R,0.80000000000000004
RAW,S,L->L,0.5
RAW,S,L->C,0.5
RAW,S,L->R,0
RAW,S,C->L,0.047619047619047603
RAW,S,C->C,0.90476190476190477
RAW,S,C->R,0.047619047619047603
RAW,S,R->L,0
RAW,S,R->C,0.5
RAW,S,R->R,0.5
RAW,S,L->L,0.25
RAW,S,L->C,0.75
RAW,S,L->R,0
RAW,S,C->L,0.1363636363636363
RAW,S,C->C,0.81818181818181823
RAW,S,C->R,0.0454545454545454
RAW,S,R->L,0
RAW,S,R->C,0.5
RAW,S,R->R,0.5
RAW,S,L->L,0.5
RAW,S,L->C,0.5
RAW,S,L->R,0
RAW,S,C->L,0.066265060240963805
RAW,S,C->C,0.89156626506024095
RAW,S,C->R,0.042168674698795101
RAW,S,R->L,0
RAW,S,R->C,0.63636363636363635
RAW,S,R->R,0.36363636363636359
RAW,S,L->L,0
RAW,S,L->C,0
RAW,S,L->R,0
RAW,S,C->L,0
RAW,S,C->C,1
RAW,S,C->R,0
RAW,S,R->L,0
RAW,S,R->C,0
RAW,S,R->R,0
RAW,S,L->L,0
RAW,S,L->C,0
RAW,S,L->R,0
RAW,S,C->L,0
RAW,S,C->C,1
RAW,S,C->R,0
RAW,S,R->L,0
RAW,S,R->C,0
RAW,S,R->R,0
RAW,S,L->L,0
RAW,S,L->C,0
RAW,S,L->R,0
RAW,S,C->L,0
RAW,S,C->C,1
RAW,S,C->R,0
RAW,S,R->L,0
RAW,S,R->C,0
RAW,S,R->R,0
RAW,S,L->L,0
RAW,S,L->C,0
RAW,S,L->R,0
RAW,S,C->L,0
RAW,S,C->C,1
RAW,S,C->R,0
RAW,S,R->L,0
RAW,S,R->C,0
RAW,S,R->R,0
RAW,S,L->L,0
RAW,S,L->C,0
RAW,S,L->R,0
RAW,S,C->L,0
RAW,S,C->C,1
RAW,S,C->R,0
RAW,S,R->L,0
RAW,S,R->C,0
RAW,S,R->R,0
RAW,S,L->L,0.5
RAW,S,L->C,0.5
RAW,S,L->R,0
RAW,S,C->L,0.055555555555555497
RAW,S,C->C,0.88888888888888884
RAW,S,C->R,0.055555555555555497
RAW,S,R->L,0
RAW,S,R->C,0.5
RAW,S,R->R,0.5
RAW,S,L->L,0.5
RAW,S,L->C,0.5
RAW,S,L->R,0
RAW,S,C->L,0.085106382978723402
RAW,S,C->C,0.8936170212765957
RAW,S,C->R,0.021276595744680799
RAW,S,R->L,0
RAW,S,R->C,1
RAW,S,R->R,0
RAW,S,L->L,0
RAW,S,L->C,0
RAW,S,L->R,0
RAW,S,C->L,0
RAW,S,C->C,1
RAW,S,C->R,0
RAW,S,R->L,0
RAW,S,R->C,0
RAW,S,R->R,0
RAW,S,L->L,0.5
RAW,S,L->C,0.5
RAW,S,L->R,0
RAW,S,C->L,0.041666666666666602
RAW,S,C->C,0.91666666666666663
RAW,S,C->R,0.041666666666666602
RAW,S,R->L,0
RAW,S,R->C,0.66666666666666663
RAW,S,R->R,0.33333333333333331
RAW,S,L->L,0
RAW,S,L->C,0
RAW,S,L->R,0
RAW,S,C->L,0
RAW,S,C->C,0.94444444444444442
RAW,S,C->R,0.055555555555555497
RAW,S,R->L,0
RAW,S,R->C,1
RAW,S,R->R,0
RAW,S,L->L,0.5
RAW,S,L->C,0.5
RAW,S,L->R,0
RAW,S,C->L,0.20000000000000001
RAW,S,C->C,0.80000000000000004
RAW,S,C->R,0
RAW,S,R->L,0
RAW,S,R->C,0
RAW,S,R->R,0
RAW,S,L->L,1
RAW,S,L->C,0
RAW,S,L->R,0
RAW,S,C->L,0.1666666666666666
RAW,S,C->C,0.83333333333333337
RAW,S,C->R,0
RAW,S,R->L,0
RAW,S,R->C,0
RAW,S,R->R,0
RAW,S,L->L,0
RAW,S,L->C,0
RAW,S,L->R,0
RAW,S,C->L,0
RAW,S,C->C,0.8666666666666667
RAW,S,C->R,0.1333333333333333
RAW,S,R->L,0
RAW,S,R->C,0.22222222222222221
RAW,S,R->R,0.77777777777777779
RAW,S,L->L,0
RAW,S,L->C,0
RAW,S,L->R,0
RAW,S,C->L,0
RAW,S,C->C,1
RAW,S,C->R,0
RAW,S,R->L,0
RAW,S,R->C,0
RAW,S,R->R,0
RAW,S,L->L,0.40000000000000002
RAW,S,L->C,0.59999999999999998
RAW,S,L->R,0
RAW,S,C->L,0.14285714285714279
RAW,S,C->C,0.80952380952380953
RAW,S,C->R,0.047619047619047603
RAW,S,R->L,0
RAW,S,R->C,1
RAW,S,R->R,0
RAW,S,L->L,0.20000000000000001
RAW,S,L->C,0.80000000000000004
RAW,S,L->R,0
RAW,S,C->L,0.083333333333333301
RAW,S,C->C,0.85416666666666663
RAW,S,C->R,0.0625
RAW,S,R->L,0
RAW,S,R->C,0.66666666666666663
RAW,S,R->R,0.33333333333333331
RAW,S,L->L,0
RAW,S,L->C,0
RAW,S,L->R,0
RAW,S,C->L,0
RAW,S,C->C,0.90476190476190477
RAW,S,C->R,0.095238095238095205
RAW,S,R->L,0
RAW,S,R->C,0.5
RAW,S,R->R,0.5
RAW,S,L->L,0
RAW,S,L->C,1
RAW,S,L->R,0
RAW,S,C->L,0.023255813953488299
RAW,S,C->C,0.95348837209302317
RAW,S,C->R,0.023255813953488299
RAW,S,R->L,0
RAW,S,R->C,1
RAW,S,R->R,0
RAW,S,L->L,0
RAW,S,L->C,0
RAW,S,L->R,0
RAW,S,C->L,0
RAW,S,C->C,1
RAW,S,C->R,0
RAW,S,R->L,0
RAW,S,R->C,0
RAW,S,R->R,0
RAW,S,L->L,0
RAW,S,L->C,1
RAW,S,L->R,0
RAW,S,C->L,0.058823529411764698
RAW,S,C->C,0.94117647058823517
RAW,S,C->R,0
RAW,S,R->L,0
RAW,S,R->C,0
RAW,S,R->R,0
RAW,S,L->L,0
RAW,S,L->C,0
RAW,S,L->R,0
RAW,S,C->L,0
RAW,S,C->C,1
RAW,S,C->R,0
RAW,S,R->L,0
RAW,S,R->C,0
RAW,S,R->R,0
RAW,S,L->L,0
RAW,S,L->C,0
RAW,S,L->R,0
RAW,S,C->L,0
RAW,S,C->C,1
RAW,S,C->R,0
RAW,S,R->L,0
RAW,S,R->C,0
RAW,S,R->R,0
RAW,S,L->L,0
RAW,S,L->C,0
RAW,S,L->R,0
RAW,S,C->L,0
RAW,S,C->C,1
RAW,S,C->R,0
RAW,S,R->L,0
RAW,S,R->C,0
RAW,S,R->R,0
RAW,S,L->L,0.66666666666666663
RAW,S,L->C,0.33333333333333331
RAW,S,L->R,0
RAW,S,C->L,0.0113636363636363
RAW,S,C->C,0.97727272727272718
RAW,S,C->R,0.0113636363636363
RAW,S,R->L,0
RAW,S,R->C,1
RAW,S,R->R,0
RAW,S,L->L,0
RAW,S,L->C,0
RAW,S,L->R,0
RAW,S,C->L,0
RAW,S,C->C,1
RAW,S,C->R,0
RAW,S,R->L,0
RAW,S,R->C,1
RAW,S,R->R,0
RAW,S,L->L,0
RAW,S,L->C,1
RAW,S,L->R,0
RAW,S,C->L,0.066666666666666596
RAW,S,C->C,0.8666666666666667
RAW,S,C->R,0.066666666666666596
RAW,S,R->L,0
RAW,S,R->C,1
RAW,S,R->R,0
RAW,S,L->L,0
RAW,S,L->C,0
RAW,S,L->R,0
RAW,S,C->L,0
RAW,S,C->C,1
RAW,S,C->R,0
RAW,S,R->L,0
RAW,S,R->C,0
RAW,S,R->R,0
RAW,S,L->L,0
RAW,S,L->C,0
RAW,S,L->R,0
RAW,S,C->L,0
RAW,S,C->C,1
RAW,S,C->R,0
RAW,S,R->L,0
RAW,S,R->C,0
RAW,S,R->R,0
RAW,S,L->L,0
RAW,S,L->C,0
RAW,S,L->R,0
RAW,S,C->L,0
RAW,S,C->C,1
RAW,S,C->R,0
RAW,S,R->L,0
RAW,S,R->C,0
RAW,S,R->R,0
RAW,S,L->L,0.5
RAW,S,L->C,0.5
RAW,S,L->R,0
RAW,S,C->L,0
RAW,S,C->C,0.75
RAW,S,C->R,0.25
RAW,S,R->L,0
RAW,S,R->C,0.074074074074074001
RAW,S,R->R,0.92592592592592604
RAW,S,L->L,0
RAW,S,L->C,0
RAW,S,L->R,0
RAW,S,C->L,0
RAW,S,C->C,1
RAW,S,C->R,0
RAW,S,R->L,0
RAW,S,R->C,0
RAW,S,R->R,0
RAW,S,L->L,0
RAW,S,L->C,0
RAW,S,L->R,0
RAW,S,C->L,0
RAW,S,C->C,1
RAW,S,C->R,0
RAW,S,R->L,0
RAW,S,R->C,0
RAW,S,R->R,0
RAW,S,L->L,0
RAW,S,L->C,0
RAW,S,L->R,0
RAW,S,C->L,0
RAW,S,C->C,1
RAW,S,C->R,0
RAW,S,R->L,0
RAW,S,R->C,1
RAW,S,R->R,0
RAW,S,L->L,0.33333333333333331
RAW,S,L->C,0.66666666666666663
RAW,S,L->R,0
RAW,S,C->L,0.040000000000000001
RAW,S,C->C,0.93999999999999995
RAW,S,C->R,0.02
RAW,S,R->L,0
RAW,S,R->C,1
RAW,S,R->R,0
RAW,S,L->L,0
RAW,S,L->C,1
RAW,S,L->R,0
RAW,S,C->L,0.1666666666666666
RAW,S,C->C,0.83333333333333337
RAW,S,C->R,0
RAW,S,R->L,0
RAW,S,R->C,0
RAW,S,R->R,0
RAW,S,L->L,0
RAW,S,L->C,0
RAW,S,L->R,0
RAW,S,C->L,0
RAW,S,C->C,0.83333333333333337
RAW,S,C->R,0.1666666666666666
RAW,S,R->L,0
RAW,S,R->C,0.40000000000000002
RAW,S,R->R,0.59999999999999998
RAW,S,L->L,0
RAW,S,L->C,0
RAW,S,L->R,0
RAW,S,C->L,0
RAW,S,C->C,1
RAW,S,C->R,0
RAW,S,R->L,0
RAW,S,R->C,0
RAW,S,R->R,0
RAW,S,L->L,0
RAW,S,L->C,0
RAW,S,L->R,0
RAW,S,C->L,0
RAW,S,C->C,0.93103448275862077
RAW,S,C->R,0.068965517241379296
RAW,S,R->L,0
RAW,S,R->C,0.5
RAW,S,R->R,0.5
RAW,S,L->L,0
RAW,S,L->C,0
RAW,S,L->R,0
RAW,S,C->L,0
RAW,S,C->C,1
RAW,S,C->R,0
RAW,S,R->L,0
RAW,S,R->C,0
RAW,S,R->R,0
RAW,S,L->L,0
RAW,S,L->C,0
RAW,S,L->R,0
RAW,S,C->L,0
RAW,S,C->C,1
RAW,S,C->R,0
RAW,S,R->L,0
RAW,S,R->C,0
RAW,S,R->R,0
RAW,S,L->L,0
RAW,S,L->C,0
RAW,S,L->R,0
RAW,S,C->L,0
RAW,S,C->C,1
RAW,S,C->R,0
RAW,S,R->L,0
RAW,S,R->C,0
RAW,S,R->R,0
RAW,S,L->L,0
RAW,S,L->C,0
RAW,S,L->R,0
RAW,S,C->L,0
RAW,S,C->C,1
RAW,S,C->R,0
RAW,S,R->L,0
RAW,S,R->C,0
RAW,S,R->R,0
RAW,S,L->L,0
RAW,S,L->C,0
RAW,S,L->R,0
RAW,S,C->L,0
RAW,S,C->C,1
RAW,S,C->R,0
RAW,S,R->L,0
RAW,S,R->C,0
RAW,S,R->R,0
RAW,S,L->L,0
RAW,S,L->C,0
RAW,S,L->R,0
RAW,S,C->L,0
RAW,S,C->C,1
RAW,S,C->R,0
RAW,S,R->L,0
RAW,S,R->C,0
RAW,S,R->R,0
RAW,S,L->L,0
RAW,S,L->C,0
RAW,S,L->R,0
RAW,S,C->L,0
RAW,S,C->C,0.94736842105263164
RAW,S,C->R,0.052631578947368397
RAW,S,R->L,0
RAW,S,R->C,1
RAW,S,R->R,0
RAW,S,L->L,0.59999999999999998
RAW,S,L->C,0.40000000000000002
RAW,S,L->R,0
RAW,S,C->L,0.088235294117646995
RAW,S,C->C,0.91176470588235281
RAW,S,C->R,0
RAW,S,R->L,0
RAW,S,R->C,0
RAW,S,R->R,0
RAW,S,L->L,0
RAW,S,L->C,0
RAW,S,L->R,0
RAW,S,C->L,0
RAW,S,C->C,1
RAW,S,C->R,0
RAW,S,R->L,0
RAW,S,R->C,0
RAW,S,R->R,0
RAW,S,L->L,0
RAW,S,L->C,0
RAW,S,L->R,0
RAW,S,C->L,0
RAW,S,C->C,1
RAW,S,C->R,0
RAW,S,R->L,0
RAW,S,R->C,0
RAW,S,R->R,0
RAW,S,L->L,0
RAW,S,L->C,0
RAW,S,L->R,0
RAW,S,C->L,0
RAW,S,C->C,0.95999999999999996
RAW,S,C->R,0.040000000000000001
RAW,S,R->L,0
RAW,S,R->C,1
RAW,S,R->R,0
RAW,S,L->L,0
RAW,S,L->C,1
RAW,S,L->R,0
RAW,S,C->L,0.2857142857142857
RAW,S,C->C,0.7142857142857143
RAW,S,C->R,0
RAW,S,R->L,0
RAW,S,R->C,0
RAW,S,R->R,0
RAW,S,L->L,0
RAW,S,L->C,0
RAW,S,L->R,0
RAW,S,C->L,0
RAW,S,C->C,1
RAW,S,C->R,0
RAW,S,R->L,0
RAW,S,R->C,0
RAW,S,R->R,0
RAW,S,L->L,0
RAW,S,L->C,0
RAW,S,L->R,0
RAW,S,C->L,0
RAW,S,C->C,0.97058823529411764
RAW,S,C->R,0.0294117647058823
RAW,S,R->L,0
RAW,S,R->C,1
RAW,S,R->R,0
RAW,S,L->L,0.66666666666666663
RAW,S,L->C,0.33333333333333331
RAW,S,L->R,0
RAW,S,C->L,0.26666666666666661
RAW,S,C->C,0.73333333333333328
RAW,S,C->R,0
RAW,S,R->L,0
RAW,S,R->C,0
RAW,S,R->R,0
RAW,S,L->L,0.45454545454545447
RAW,S,L->C,0.5
RAW,S,L->R,0.0454545454545454
RAW,S,C->L,0.2068965517241379
RAW,S,C->C,0.75862068965517238
RAW,S,C->R,0.034482758620689599
RAW,S,R->L,0
RAW,S,R->C,0.33333333333333331
RAW,S,R->R,0.66666666666666663
RAW,S,L->L,0
RAW,S,L->C,0
RAW,S,L->R,0
RAW,S,C->L,0
RAW,S,C->C,1
RAW,S,C->R,0
RAW,S,R->L,0
RAW,S,R->C,0
RAW,S,R->R,0
RAW,S,L->L,0.7142857142857143
RAW,S,L->C,0.14285714285714279
RAW,S,L->R,0.14285714285714279
RAW,S,C->L,0.083333333333333301
RAW,S,C->C,0.91666666666666663
RAW,S,C->R,0
RAW,S,R->L,0
RAW,S,R->C,1
RAW,S,R->R,0
RAW,S,L->L,0
RAW,S,L->C,0
RAW,S,L->R,0
RAW,S,C->L,0
RAW,S,C->C,0.90000000000000002
RAW,S,C->R,0.10000000000000001
RAW,S,R->L,0
RAW,S,R->C,0.33333333333333331
RAW,S,R->R,0.66666666666666663
RAW,S,L->L,0.5
RAW,S,L->C,0.5
RAW,S,L->R,0
RAW,S,C->L,0.055555555555555497
RAW,S,C->C,0.90740740740740744
RAW,S,C->R,0.037037037037037
RAW,S,R->L,0
RAW,S,R->C,1
RAW,S,R->R,0
RAW,S,L->L,0
RAW,S,L->C,0
RAW,S,L->R,0
RAW,S,C->L,0
RAW,S,C->C,0.94736842105263164
RAW,S,C->R,0.052631578947368397
RAW,S,R->L,0
RAW,S,R->C,0.20000000000000001
RAW,S,R->R,0.80000000000000004
RAW,S,L->L,0
RAW,S,L->C,1
RAW,S,L->R,0
RAW,S,C->L,0.041666666666666602
RAW,S,C->C,0.95833333333333337
RAW,S,C->R,0
RAW,S,R->L,0
RAW,S,R->C,0
RAW,S,R->R,0
RAW,S,L->L,0
RAW,S,L->C,1
RAW,S,L->R,0
RAW,S,C->L,0.14285714285714279
RAW,S,C->C,0.8571428571428571
RAW,S,C->R,0
RAW,S,R->L,0
RAW,S,R->C,0
RAW,S,R->R,0
RAW,S,L->L,0
RAW,S,L->C,0
RAW,S,L->R,0
RAW,S,C->L,0
RAW,S,C->C,1
RAW,S,C->R,0
RAW,S,R->L,0
RAW,S,R->C,0
RAW,S,R->R,0
RAW,S,L->L,0
RAW,S,L->C,0
RAW,S,L->R,0
RAW,S,C->L,0
RAW,S,C->C,1
RAW,S,C->R,0
RAW,S,R->L,0
RAW,S,R->C,0
RAW,S,R->R,0
RAW,S,L->L,0
RAW,S,L->C,1
RAW,S,L->R,0
RAW,S,C->L,0.037037037037037
RAW,S,C->C,0.9629629629629628
RAW,S,C->R,0
RAW,S,R->L,0
RAW,S,R->C,0
RAW,S,R->R,0
RAW,S,L->L,0
RAW,S,L->C,0
RAW,S,L->R,0
RAW,S,C->L,0
RAW,S,C->C,1
RAW,S,C->R,0
RAW,S,R->L,0
RAW,S,R->C,0
RAW,S,R->R,0
RAW,S,L->L,0.33333333333333331
RAW,S,L->C,0.66666666666666663
RAW,S,L->R,0
RAW,S,C->L,0.25
RAW,S,C->C,0.75
RAW,S,C->R,0
RAW,S,R->L,0
RAW,S,R->C,0
RAW,S,R->R,0
RAW,S,L->L,0
RAW,S,L->C,1
RAW,S,L->R,0
RAW,S,C->L,0.0769230769230769
RAW,S,C->C,0.92307692307692324
RAW,S,C->R,0
RAW,S,R->L,0
RAW,S,R->C,0
RAW,S,R->R,0
RAW,S,L->L,0
RAW,S,L->C,1
RAW,S,L->R,0
RAW,S,C->L,0.0769230769230769
RAW,S,C->C,0.92307692307692324
RAW,S,C->R,0
RAW,S,R->L,0
RAW,S,R->C,0
RAW,S,R->R,0
RAW,S,L->L,0
RAW,S,L->C,0
RAW,S,L->R,0
RAW,S,C->L,0
RAW,S,C->C,1
RAW,S,C->R,0
RAW,S,R->L,0
RAW,S,R->C,0
RAW,S,R->R,0
RAW,S,L->L,0
RAW,S,L->C,0
RAW,S,L->R,0
RAW,S,C->L,0
RAW,S,C->C,1
RAW,S,C->R,0
RAW,S,R->L,0
RAW,S,R->C,0
RAW,S,R->R,0
RAW,S,L->L,0
RAW,S,L->C,1
RAW,S,L->R,0
RAW,S,C->L,0.068965517241379296
RAW,S,C->C,0.93103448275862077
RAW,S,C->R,0
RAW,S,R->L,0
RAW,S,R->C,0
RAW,S,R->R,0
RAW,S,L->L,0
RAW,S,L->C,0
RAW,S,L->R,0
RAW,S,C->L,0
RAW,S,C->C,0
RAW,S,C->R,0
RAW,S,R->L,0
RAW,S,R->C,0
RAW,S,R->R,0
RAW,S,L->L,0.80000000000000004
RAW,S,L->C,0.20000000000000001
RAW,S,L->R,0
RAW,S,C->L,0.25
RAW,S,C->C,0.75
RAW,S,C->R,0
RAW,S,R->L,0
RAW,S,R->C,0
RAW,S,R->R,0
RAW,S,L->L,0.6470588235294118
RAW,S,L->C,0.29411764705882348
RAW,S,L->R,0.058823529411764698
RAW,S,C->L,0.2307692307692307
RAW,S,C->C,0.53846153846153844
RAW,S,C->R,0.2307692307692307
RAW,S,R->L,0.25
RAW,S,R->C,0.25
RAW,S,R->R,0.5
RAW,S,L->L,0
RAW,S,L->C,0
RAW,S,L->R,0
RAW,S,C->L,0.5
RAW,S,C->C,0.5
RAW,S,C->R,0
RAW,S,R->L,0
RAW,S,R->C,0
RAW,S,R->R,0
RAW,S,L->L,0.5
RAW,S,L->C,0.25
RAW,S,L->R,0.25
RAW,S,C->L,0.22222222222222221
RAW,S,C->C,0.61111111111111116
RAW,S,C->R,0.1666666666666666
RAW,S,R->L,0
RAW,S,R->C,0.41666666666666669
RAW,S,R->R,0.58333333333333337
RAW,S,L->L,0
RAW,S,L->C,0
RAW,S,L->R,0
RAW,S,C->L,0
RAW,S,C->C,1
RAW,S,C->R,0
RAW,S,R->L,0
RAW,S,R->C,0.5
RAW,S,R->R,0.5
RAW,S,L->L,0.5
RAW,S,L->C,0.5
RAW,S,L->R,0
RAW,S,C->L,0.083333333333333301
RAW,S,C->C,0.66666666666666663
RAW,S,C->R,0.25
RAW,S,R->L,0.25
RAW,S,R->C,0.125
RAW,S,R->R,0.625
RAW,S,L->L,1
RAW,S,L->C,0
RAW,S,L->R,0
RAW,S,C->L,0.0454545454545454
RAW,S,C->C,0.95454545454545459
RAW,S,C->R,0
RAW,S,R->L,0
RAW,S,R->C,0
RAW,S,R->R,0
RAW,S,L->L,0.5
RAW,S,L->C,0.5
RAW,S,L->R,0
RAW,S,C->L,0.083333333333333301
RAW,S,C->C,0.83333333333333337
RAW,S,C->R,0.083333333333333301
RAW,S,R->L,0
RAW,S,R->C,0.5
RAW,S,R->R,0.5
RAW,S,L->L,0.53846153846153844
RAW,S,L->C,0.46153846153846151
RAW,S,L->R,0
RAW,S,C->L,0.29999999999999999
RAW,S,C->C,0.65000000000000002
RAW,S,C->R,0.050000000000000003
RAW,S,R->L,0
RAW,S,R->C,0.5
RAW,S,R->R,0.5
RAW,S,L->L,0
RAW,S,L->C,1
RAW,S,L->R,0
RAW,S,C->L,0.09375
RAW,S,C->C,0.84375
RAW,S,C->R,0.0625
RAW,S,R->L,0
RAW,S,R->C,0.40000000000000002
RAW,S,R->R,0.59999999999999998
RAW,S,L->L,0
RAW,S,L->C,0
RAW,S,L->R,0
RAW,S,C->L,0
RAW,S,C->C,1
RAW,S,C->R,0
RAW,S,R->L,0
RAW,S,R->C,0
RAW,S,R->R,0
RAW,S,L->L,0
RAW,S,L->C,0
RAW,S,L->R,0
RAW,S,C->L,0
RAW,S,C->C,1
RAW,S,C->R,0
RAW,S,R->L,0
RAW,S,R->C,0
RAW,S,R->R,0
RAW,S,L->L,0
RAW,S,L->C,0
RAW,S,L->R,0
RAW,S,C->L,0
RAW,S,C->C,0.96875
RAW,S,C->R,0.03125
RAW,S,R->L,0
RAW,S,R->C,1
RAW,S,R->R,0
RAW,S,L->L,0
RAW,S,L->C,0
RAW,S,L->R,0
RAW,S,C->L,0
RAW,S,C->C,1
RAW,S,C->R,0
RAW,S,R->L,0
RAW,S,R->C,0
RAW,S,R->R,0
RAW,S,L->L,0
RAW,S,L->C,0
RAW,S,L->R,0
RAW,S,C->L,0
RAW,S,C->C,1
RAW,S,C->R,0
RAW,S,R->L,0
RAW,S,R->C,0
RAW,S,R->R,0
RAW,S,L->L,0
RAW,S,L->C,0
RAW,S,L->R,0
RAW,S,C->L,0
RAW,S,C->C,1
RAW,S,C->R,0
RAW,S,R->L,0
RAW,S,R->C,0
RAW,S,R->R,0
RAW,S,L->L,0
RAW,S,L->C,0
RAW,S,L->R,0
RAW,S,C->L,0
RAW,S,C->C,1
RAW,S,C->R,0
RAW,S,R->L,0
RAW,S,R->C,0
RAW,S,R->R,0
RAW,S,L->L,0
RAW,S,L->C,0
RAW,S,L->R,0
RAW,S,C->L,0
RAW,S,C->C,0.8571428571428571
RAW,S,C->R,0.14285714285714279
RAW,S,R->L,0
RAW,S,R->C,0.25
RAW,S,R->R,0.75
RAW,S,L->L,0
RAW,S,L->C,0
RAW,S,L->R,0
RAW,S,C->L,0
RAW,S,C->C,1
RAW,S,C->R,0
RAW,S,R->L,0
RAW,S,R->C,0
RAW,S,R->R,0
RAW,S,L->L,0
RAW,S,L->C,0
RAW,S,L->R,0
RAW,S,C->L,0
RAW,S,C->C,1
RAW,S,C->R,0
RAW,S,R->L,0
RAW,S,R->C,0
RAW,S,R->R,0
RAW,S,L->L,0
RAW,S,L->C,0
RAW,S,L->R,0
RAW,S,C->L,0
RAW,S,C->C,1
RAW,S,C->R,0
RAW,S,R->L,0
RAW,S,R->C,0
RAW,S,R->R,0
RAW,S,L->L,0
RAW,S,L->C,0
RAW,S,L->R,0
RAW,S,C->L,0
RAW,S,C->C,1
RAW,S,C->R,0
RAW,S,R->L,0
RAW,S,R->C,0
RAW,S,R->R,0
RAW,S,L->L,0
RAW,S,L->C,0
RAW,S,L->R,0
RAW,S,C->L,0
RAW,S,C->C,1
RAW,S,C->R,0
RAW,S,R->L,0
RAW,S,R->C,0
RAW,S,R->R,0
RAW,S,L->L,0
RAW,S,L->C,0
RAW,S,L->R,0
RAW,S,C->L,0
RAW,S,C->C,1
RAW,S,C->R,0
RAW,S,R->L,0
RAW,S,R->C,0
RAW,S,R->R,0
RAW,S,L->L,0
RAW,S,L->C,0
RAW,S,L->R,0
RAW,S,C->L,0
RAW,S,C->C,1
RAW,S,C->R,0
RAW,S,R->L,0
RAW,S,R->C,0
RAW,S,R->R,0
RAW,S,L->L,0
RAW,S,L->C,0
RAW,S,L->R,0
RAW,S,C->L,0
RAW,S,C->C,1
RAW,S,C->R,0
RAW,S,R->L,0
RAW,S,R->C,0
RAW,S,R->R,0
RAW,S,L->L,0
RAW,S,L->C,0
RAW,S,L->R,0
RAW,S,C->L,0
RAW,S,C->C,1
RAW,S,C->R,0
RAW,S,R->L,0
RAW,S,R->C,0
RAW,S,R->R,0
RAW,S,L->L,0
RAW,S,L->C,0
RAW,S,L->R,0
RAW,S,C->L,0
RAW,S,C->C,1
RAW,S,C->R,0
RAW,S,R->L,0
RAW,S,R->C,0
RAW,S,R->R,0
RAW,S,L->L,0
RAW,S,L->C,0
RAW,S,L->R,0
RAW,S,C->L,0
RAW,S,C->C,1
RAW,S,C->R,0
RAW,S,R->L,0
RAW,S,R->C,0
RAW,S,R->R,0
RAW,S,L->L,0
RAW,S,L->C,0
RAW,S,L->R,0
RAW,S,C->L,0
RAW,S,C->C,1
RAW,S,C->R,0
RAW,S,R->L,0
RAW,S,R->C,0
RAW,S,R->R,0
RAW,S,L->L,0
RAW,S,L->C,0
RAW,S,L->R,0
RAW,S,C->L,0
RAW,S,C->C,1
RAW,S,C->R,0
RAW,S,R->L,0
RAW,S,R->C,0
RAW,S,R->R,0
RAW,S,L->L,0
RAW,S,L->C,0
RAW,S,L->R,0
RAW,S,C->L,0
RAW,S,C->C,1
RAW,S,C->R,0
RAW,S,R->L,0
RAW,S,R->C,0
RAW,S,R->R,0
RAW,S,L->L,0
RAW,S,L->C,0
RAW,S,L->R,0
RAW,S,C->L,0
RAW,S,C->C,1
RAW,S,C->R,0
RAW,S,R->L,0
RAW,S,R->C,0
RAW,S,R->R,0
RAW,S,L->L,0
RAW,S,L->C,0
RAW,S,L->R,0
RAW,S,C->L,0
RAW,S,C->C,1
RAW,S,C->R,0
RAW,S,R->L,0
RAW,S,R->C,0
RAW,S,R->R,0
RAW,S,L->L,0
RAW,S,L->C,0
RAW,S,L->R,0
RAW,S,C->L,0
RAW,S,C->C,1
RAW,S,C->R,0
RAW,S,R->L,0
RAW,S,R->C,0
RAW,S,R->R,0
RAW,S,L->L,0
RAW,S,L->C,0
RAW,S,L->R,0
RAW,S,C->L,0
RAW,S,C->C,1
RAW,S,C->R,0
RAW,S,R->L,0
RAW,S,R->C,0
RAW,S,R->R,0
RAW,S,L->L,0
RAW,S,L->C,0
RAW,S,L->R,0
RAW,S,C->L,0
RAW,S,C->C,1
RAW,S,C->R,0
RAW,S,R->L,0
RAW,S,R->C,0
RAW,S,R->R,0
RAW,S,L->L,0
RAW,S,L->C,0
RAW,S,L->R,0
RAW,S,C->L,0
RAW,S,C->C,1
RAW,S,C->R,0
RAW,S,R->L,0
RAW,S,R->C,0
RAW,S,R->R,0
RAW,S,L->L,0
RAW,S,L->C,0
RAW,S,L->R,0
RAW,S,C->L,0
RAW,S,C->C,1
RAW,S,C->R,0
RAW,S,R->L,0
RAW,S,R->C,0
RAW,S,R->R,0
RAW,S,L->L,0
RAW,S,L->C,0
RAW,S,L->R,0
RAW,S,C->L,0
RAW,S,C->C,1
RAW,S,C->R,0
RAW,S,R->L,0
RAW,S,R->C,0
RAW,S,R->R,0
RAW,S,L->L,0.80000000000000004
RAW,S,L->C,0.20000000000000001
RAW,S,L->R,0
RAW,S,C->L,0.050000000000000003
RAW,S,C->C,0.69999999999999996
RAW,S,C->R,0.25
RAW,S,R->L,0
RAW,S,R->C,0.41666666666666669
RAW,S,R->R,0.58333333333333337
RAW,S,L->L,0
RAW,S,L->C,0
RAW,S,L->R,0
RAW,S,C->L,0
RAW,S,C->C,1
RAW,S,C->R,0
RAW,S,R->L,0
RAW,S,R->C,0
RAW,S,R->R,0
RAW,S,L->L,0.5
RAW,S,L->C,0.5
RAW,S,L->R,0
RAW,S,C->L,0.03125
RAW,S,C->C,0.96875
RAW,S,C->R,0
RAW,S,R->L,0
RAW,S,R->C,0
RAW,S,R->R,0
RAW,S,L->L,0
RAW,S,L->C,0
RAW,S,L->R,0
RAW,S,C->L,0
RAW,S,C->C,1
RAW,S,C->R,0
RAW,S,R->L,0
RAW,S,R->C,0
RAW,S,R->R,0
RAW,S,L->L,0
RAW,S,L->C,0
RAW,S,L->R,0
RAW,S,C->L,0
RAW,S,C->C,1
RAW,S,C->R,0
RAW,S,R->L,0
RAW,S,R->C,0
RAW,S,R->R,0
RAW,S,L->L,0
RAW,S,L->C,0
RAW,S,L->R,0
RAW,S,C->L,0
RAW,S,C->C,0.97058823529411764
RAW,S,C->R,0.0294117647058823
RAW,S,R->L,0
RAW,S,R->C,0
RAW,S,R->R,0
RAW,S,L->L,0
RAW,S,L->C,1
RAW,S,L->R,0
RAW,S,C->L,0.1666666666666666
RAW,S,C->C,0.83333333333333337
RAW,S,C->R,0
RAW,S,R->L,0
RAW,S,R->C,0
RAW,S,R->R,0
RAW,S,L->L,0
RAW,S,L->C,0
RAW,S,L->R,0
RAW,S,C->L,0
RAW,S,C->C,1
RAW,S,C->R,0
RAW,S,R->L,0
RAW,S,R->C,0
RAW,S,R->R,0
RAW,S,L->L,0
RAW,S,L->C,0
RAW,S,L->R,0
RAW,S,C->L,0
RAW,S,C->C,1
RAW,S,C->R,0
RAW,S,R->L,0
RAW,S,R->C,0
RAW,S,R->R,0
RAW,S,L->L,0
RAW,S,L->C,0
RAW,S,L->R,0
RAW,S,C->L,0
RAW,S,C->C,1
RAW,S,C->R,0
RAW,S,R->L,0
RAW,S,R->C,0
RAW,S,R->R,0
RAW,S,L->L,0
RAW,S,L->C,0
RAW,S,L->R,0
RAW,S,C->L,0
RAW,S,C->C,1
RAW,S,C->R,0
RAW,S,R->L,0
RAW,S,R->C,0
RAW,S,R->R,0
RAW,S,L->L,0.66666666666666663
RAW,S,L->C,0.33333333333333331
RAW,S,L->R,0
RAW,S,C->L,0.02
RAW,S,C->C,0.97999999999999998
RAW,S,C->R,0
RAW,S,R->L,0
RAW,S,R->C,0
RAW,S,R->R,0
RAW,S,L->L,0
RAW,S,L->C,0
RAW,S,L->R,0
RAW,S,C->L,0
RAW,S,C->C,1
RAW,S,C->R,0
RAW,S,R->L,0
RAW,S,R->C,0
RAW,S,R->R,0
RAW,S,L->L,0
RAW,S,L->C,0
RAW,S,L->R,0
RAW,S,C->L,0
RAW,S,C->C,1
RAW,S,C->R,0
RAW,S,R->L,0
RAW,S,R->C,0
RAW,S,R->R,0
RAW,S,L->L,0
RAW,S,L->C,0
RAW,S,L->R,0
RAW,S,C->L,0
RAW,S,C->C,1
RAW,S,C->R,0
RAW,S,R->L,0
RAW,S,R->C,0
RAW,S,R->R,0
RAW,S,L->L,0
RAW,S,L->C,0
RAW,S,L->R,0
RAW,S,C->L,0
RAW,S,C->C,1
RAW,S,C->R,0
RAW,S,R->L,0
RAW,S,R->C,0
RAW,S,R->R,0
RAW,S,L->L,0
RAW,S,L->C,1
RAW,S,L->R,0
RAW,S,C->L,0.022222222222222199
RAW,S,C->C,0.9111111111111112
RAW,S,C->R,0.066666666666666596
RAW,S,R->L,0
RAW,S,R->C,0.66666666666666663
RAW,S,R->R,0.33333333333333331
RAW,S,L->L,0
RAW,S,L->C,0
RAW,S,L->R,0
RAW,S,C->L,0
RAW,S,C->C,1
RAW,S,C->R,0
RAW,S,R->L,0
RAW,S,R->C,0
RAW,S,R->R,0
RAW,S,L->L,0
RAW,S,L->C,0
RAW,S,L->R,0
RAW,S,C->L,0
RAW,S,C->C,0.75
RAW,S,C->R,0.25
RAW,S,R->L,0
RAW,S,R->C,0.66666666666666663
RAW,S,R->R,0.33333333333333331
RAW,S,L->L,0
RAW,S,L->C,0
RAW,S,L->R,0
RAW,S,C->L,0
RAW,S,C->C,1
RAW,S,C->R,0
RAW,S,R->L,0
RAW,S,R->C,0
RAW,S,R->R,0
RAW,S,L->L,0
RAW,S,L->C,0
RAW,S,L->R,0
RAW,S,C->L,0
RAW,S,C->C,1
RAW,S,C->R,0
RAW,S,R->L,0
RAW,S,R->C,0
RAW,S,R->R,0
RAW,S,L->L,0
RAW,S,L->C,0
RAW,S,L->R,0
RAW,S,C->L,0
RAW,S,C->C,1
RAW,S,C->R,0
RAW,S,R->L,0
RAW,S,R->C,0
RAW,S,R->R,0
RAW,S,L->L,0
RAW,S,L->C,0
RAW,S,L->R,0
RAW,S,C->L,0
RAW,S,C->C,1
RAW,S,C->R,0
RAW,S,R->L,0
RAW,S,R->C,0
RAW,S,R->R,0
RAW,S,L->L,0
RAW,S,L->C,0
RAW,S,L->R,0
RAW,S,C->L,0
RAW,S,C->C,1
RAW,S,C->R,0
RAW,S,R->L,0
RAW,S,R->C,0
RAW,S,R->R,0
RAW,S,L->L,0
RAW,S,L->C,0
RAW,S,L->R,0
RAW,S,C->L,0
RAW,S,C->C,1
RAW,S,C->R,0
RAW,S,R->L,0
RAW,S,R->C,0
RAW,S,R->R,0
RAW,S,L->L,0
RAW,S,L->C,0
RAW,S,L->R,0
RAW,S,C->L,0
RAW,S,C->C,0.96666666666666679
RAW,S,C->R,0.033333333333333298
RAW,S,R->L,0
RAW,S,R->C,1
RAW,S,R->R,0
RAW,S,L->L,0.5
RAW,S,L->C,0.5
RAW,S,L->R,0
RAW,S,C->L,0
RAW,S,C->C,0.9285714285714286
RAW,S,C->R,0.071428571428571397
RAW,S,R->L,0
RAW,S,R->C,0.5
RAW,S,R->R,0.5
RAW,S,L->L,0
RAW,S,L->C,0
RAW,S,L->R,0
RAW,S,C->L,0
RAW,S,C->C,1
RAW,S,C->R,0
RAW,S,R->L,0
RAW,S,R->C,0
RAW,S,R->R,0
RAW,S,L->L,0
RAW,S,L->C,0
RAW,S,L->R,0
RAW,S,C->L,0
RAW,S,C->C,1
RAW,S,C->R,0
RAW,S,R->L,0
RAW,S,R->C,0
RAW,S,R->R,0
RAW,S,L->L,0
RAW,S,L->C,0
RAW,S,L->R,0
RAW,S,C->L,0
RAW,S,C->C,1
RAW,S,C->R,0
RAW,S,R->L,0
RAW,S,R->C,0
RAW,S,R->R,0
RAW,S,L->L,0
RAW,S,L->C,0
RAW,S,L->R,0
RAW,S,C->L,0
RAW,S,C->C,1
RAW,S,C->R,0
RAW,S,R->L,0
RAW,S,R->C,0
RAW,S,R->R,0
RAW,S,L->L,0
RAW,S,L->C,0
RAW,S,L->R,0
RAW,S,C->L,0
RAW,S,C->C,1
RAW,S,C->R,0
RAW,S,R->L,0
RAW,S,R->C,1
RAW,S,R->R,0
RAW,S,L->L,0
RAW,S,L->C,0
RAW,S,L->R,0
RAW,S,C->L,0
RAW,S,C->C,1
RAW,S,C->R,0
RAW,S,R->L,0
RAW,S,R->C,0
RAW,S,R->R,0
RAW,S,L->L,0
RAW,S,L->C,0
RAW,S,L->R,0
RAW,S,C->L,0
RAW,S,C->C,1
RAW,S,C->R,0
RAW,S,R->L,0
RAW,S,R->C,0
RAW,S,R->R,0
RAW,S,L->L,0.77777777777777779
RAW,S,L->C,0.22222222222222221
RAW,S,L->R,0
RAW,S,C->L,0.0120481927710843
RAW,S,C->C,0.97590361445783136
RAW,S,C->R,0.0120481927710843
RAW,S,R->L,0
RAW,S,R->C,1
RAW,S,R->R,0
RAW,S,L->L,0
RAW,S,L->C,0
RAW,S,L->R,0
RAW,S,C->L,0
RAW,S,C->C,1
RAW,S,C->R,0
RAW,S,R->L,0
RAW,S,R->C,0
RAW,S,R->R,0
RAW,S,L->L,0
RAW,S,L->C,0
RAW,S,L->R,0
RAW,S,C->L,0
RAW,S,C->C,1
RAW,S,C->R,0
RAW,S,R->L,0
RAW,S,R->C,0
RAW,S,R->R,0
RAW,S,L->L,0
RAW,S,L->C,0
RAW,S,L->R,0
RAW,S,C->L,0
RAW,S,C->C,1
RAW,S,C->R,0
RAW,S,R->L,0
RAW,S,R->C,0
RAW,S,R->R,0
RAW,S,L->L,0
RAW,S,L->C,0
RAW,S,L->R,0
RAW,S,C->L,0
RAW,S,C->C,1
RAW,S,C->R,0
RAW,S,R->L,0
RAW,S,R->C,0
RAW,S,R->R,0
RAW,S,L->L,0
RAW,S,L->C,0
RAW,S,L->R,0
RAW,S,C->L,0
RAW,S,C->C,1
RAW,S,C->R,0
RAW,S,R->L,0
RAW,S,R->C,0
RAW,S,R->R,0
RAW,S,L->L,0
RAW,S,L->C,0
RAW,S,L->R,0
RAW,S,C->L,0
RAW,S,C->C,1
RAW,S,C->R,0
RAW,S,R->L,0
RAW,S,R->C,0
RAW,S,R->R,0
RAW,S,L->L,0
RAW,S,L->C,0
RAW,S,L->R,0
RAW,S,C->L,0
RAW,S,C->C,1
RAW,S,C->R,0
RAW,S,R->L,0
RAW,S,R->C,0
RAW,S,R->R,0
RAW,S,L->L,0
RAW,S,L->C,0
RAW,S,L->R,0
RAW,S,C->L,0
RAW,S,C->C,1
RAW,S,C->R,0
RAW,S,R->L,0
RAW,S,R->C,0
RAW,S,R->R,0
RAW,S,L->L,0
RAW,S,L->C,0
RAW,S,L->R,0
RAW,S,C->L,0
RAW,S,C->C,1
RAW,S,C->R,0
RAW,S,R->L,0
RAW,S,R->C,0
RAW,S,R->R,0
RAW,S,L->L,0
RAW,S,L->C,0
RAW,S,L->R,0
RAW,S,C->L,0
RAW,S,C->C,1
RAW,S,C->R,0
RAW,S,R->L,0
RAW,S,R->C,0
RAW,S,R->R,0
RAW,S,L->L,0
RAW,S,L->C,0
RAW,S,L->R,0
RAW,S,C->L,0
RAW,S,C->C,1
RAW,S,C->R,0
RAW,S,R->L,0
RAW,S,R->C,0
RAW,S,R->R,0
RAW,S,L->L,0
RAW,S,L->C,0
RAW,S,L->R,0
RAW,S,C->L,0
RAW,S,C->C,1
RAW,S,C->R,0
RAW,S,R->L,0
RAW,S,R->C,1
RAW,S,R->R,0
RAW,S,L->L,0
RAW,S,L->C,0
RAW,S,L->R,0
RAW,S,C->L,0
RAW,S,C->C,1
RAW,S,C->R,0
RAW,S,R->L,0
RAW,S,R->C,0
RAW,S,R->R,0
RAW,S,L->L,0
RAW,S,L->C,0
RAW,S,L->R,0
RAW,S,C->L,0
RAW,S,C->C,1
RAW,S,C->R,0
RAW,S,R->L,0
RAW,S,R->C,0
RAW,S,R->R,0
RAW,S,L->L,0
RAW,S,L->C,0
RAW,S,L->R,0
RAW,S,C->L,0
RAW,S,C->C,1
RAW,S,C->R,0
RAW,S,R->L,0
RAW,S,R->C,0
RAW,S,R->R,0
RAW,S,L->L,0
RAW,S,L->C,0
RAW,S,L->R,0
RAW,S,C->L,0
RAW,S,C->C,1
RAW,S,C->R,0
RAW,S,R->L,0
RAW,S,R->C,0
RAW,S,R->R,0
RAW,S,L->L,0
RAW,S,L->C,0
RAW,S,L->R,0
RAW,S,C->L,0
RAW,S,C->C,1
RAW,S,C->R,0
RAW,S,R->L,0
RAW,S,R->C,0
RAW,S,R->R,0
RAW,S,L->L,0
RAW,S,L->C,0
RAW,S,L->R,0
RAW,S,C->L,0
RAW,S,C->C,1
RAW,S,C->R,0
RAW,S,R->L,0
RAW,S,R->C,0
RAW,S,R->R,0
RAW,S,L->L,0
RAW,S,L->C,0
RAW,S,L->R,0
RAW,S,C->L,0
RAW,S,C->C,1
RAW,S,C->R,0
RAW,S,R->L,0
RAW,S,R->C,0
RAW,S,R->R,0
RAW,S,L->L,0
RAW,S,L->C,0
RAW,S,L->R,0
RAW,S,C->L,0
RAW,S,C->C,1
RAW,S,C->R,0
RAW,S,R->L,0
RAW,S,R->C,0
RAW,S,R->R,0
RAW,S,L->L,0
RAW,S,L->C,0
RAW,S,L->R,0
RAW,S,C->L,0
RAW,S,C->C,1
RAW,S,C->R,0
RAW,S,R->L,0
RAW,S,R->C,0
RAW,S,R->R,0
RAW,S,L->L,0
RAW,S,L->C,0
RAW,S,L->R,0
RAW,S,C->L,0
RAW,S,C->C,1
RAW,S,C->R,0
RAW,S,R->L,0
RAW,S,R->C,0
RAW,S,R->R,0
RAW,S,L->L,0
RAW,S,L->C,0
RAW,S,L->R,0
RAW,S,C->L,0
RAW,S,C->C,1
RAW,S,C->R,0
RAW,S,R->L,0
RAW,S,R->C,0
RAW,S,R->R,0
RAW,S,L->L,0
RAW,S,L->C,1
RAW,S,L->R,0
RAW,S,C->L,0.038461538461538401
RAW,S,C->C,0.96153846153846156
RAW,S,C->R,0
RAW,S,R->L,0
RAW,S,R->C,0
RAW,S,R->R,0
RAW,S,L->L,0
RAW,S,L->C,0
RAW,S,L->R,0
RAW,S,C->L,0
RAW,S,C->C,1
RAW,S,C->R,0
RAW,S,R->L,0
RAW,S,R->C,0
RAW,S,R->R,0
RAW,S,L->L,0
RAW,S,L->C,0
RAW,S,L->R,0
RAW,S,C->L,0
RAW,S,C->C,0.97142857142857142
RAW,S,C->R,0.028571428571428501
RAW,S,R->L,0
RAW,S,R->C,0.33333333333333331
RAW,S,R->R,0.66666666666666663
RAW,S,L->L,0
RAW,S,L->C,1
RAW,S,L->R,0
RAW,S,C->L,0.052631578947368397
RAW,S,C->C,0.84210526315789469
RAW,S,C->R,0.10526315789473679
RAW,S,R->L,0
RAW,S,R->C,0.66666666666666663
RAW,S,R->R,0.33333333333333331
RAW,S,L->L,0
RAW,S,L->C,0
RAW,S,L->R,0
RAW,S,C->L,0
RAW,S,C->C,0.91666666666666663
RAW,S,C->R,0.083333333333333301
RAW,S,R->L,0
RAW,S,R->C,0.40000000000000002
RAW,S,R->R,0.59999999999999998
RAW,S,L->L,0
RAW,S,L->C,0
RAW,S,L->R,0
RAW,S,C->L,0
RAW,S,C->C,1
RAW,S,C->R,0
RAW,S,R->L,0
RAW,S,R->C,0
RAW,S,R->R,0
RAW,S,L->L,0
RAW,S,L->C,0
RAW,S,L->R,0
RAW,S,C->L,0
RAW,S,C->C,1
RAW,S,C->R,0
RAW,S,R->L,0
RAW,S,R->C,0
RAW,S,R->R,0
RAW,S,L->L,0
RAW,S,L->C,0
RAW,S,L->R,0
RAW,S,C->L,0
RAW,S,C->C,0.95238095238095244
RAW,S,C->R,0.047619047619047603
RAW,S,R->L,0
RAW,S,R->C,0.5
RAW,S,R->R,0.5
RAW,S,L->L,0
RAW,S,L->C,0
RAW,S,L->R,0
RAW,S,C->L,0
RAW,S,C->C,1
RAW,S,C->R,0
RAW,S,R->L,0
RAW,S,R->C,0
RAW,S,R->R,0
RAW,S,L->L,0
RAW,S,L->C,1
RAW,S,L->R,0
RAW,S,C->L,0.090909090909090898
RAW,S,C->C,0.90909090909090917
RAW,S,C->R,0
RAW,S,R->L,0
RAW,S,R->C,0
RAW,S,R->R,0
RAW,S,L->L,0.5
RAW,S,L->C,0.5
RAW,S,L->R,0
RAW,S,C->L,0.057692307692307598
RAW,S,C->C,0.9423076923076924
RAW,S,C->R,0
RAW,S,R->L,0
RAW,S,R->C,0
RAW,S,R->R,0
RAW,S,L->L,0.5
RAW,S,L->C,0.5
RAW,S,L->R,0
RAW,S,C->L,0.050000000000000003
RAW,S,C->C,0.94999999999999996
RAW,S,C->R,0
RAW,S,R->L,0
RAW,S,R->C,0
RAW,S,R->R,0
RAW,S,L->L,0
RAW,S,L->C,1
RAW,S,L->R,0
RAW,S,C->L,0.14285714285714279
RAW,S,C->C,0.8571428571428571
RAW,S,C->R,0
RAW,S,R->L,0
RAW,S,R->C,0
RAW,S,R->R,0
RAW,S,L->L,0.33333333333333331
RAW,S,L->C,0.66666666666666663
RAW,S,L->R,0
RAW,S,C->L,0.060606060606060601
RAW,S,C->C,0.93939393939393945
RAW,S,C->R,0
RAW,S,R->L,0
RAW,S,R->C,0
RAW,S,R->R,0
RAW,S,L->L,0.33333333333333331
RAW,S,L->C,0.66666666666666663
RAW,S,L->R,0
RAW,S,C->L,0.10000000000000001
RAW,S,C->C,0.90000000000000002
RAW,S,C->R,0
RAW,S,R->L,0
RAW,S,R->C,0
RAW,S,R->R,0
RAW,S,L->L,0
RAW,S,L->C,0
RAW,S,L->R,0
RAW,S,C->L,0
RAW,S,C->C,1
RAW,S,C->R,0
RAW,S,R->L,0
RAW,S,R->C,0
RAW,S,R->R,0
RAW,S,L->L,0
RAW,S,L->C,1
RAW,S,L->R,0
RAW,S,C->L,0.29999999999999999
RAW,S,C->C,0.59999999999999998
RAW,S,C->R,0.10000000000000001
RAW,S,R->L,0
RAW,S,R->C,0.5
RAW,S,R->R,0.5
RAW,S,L->L,0
RAW,S,L->C,0
RAW,S,L->R,0
RAW,S,C->L,0
RAW,S,C->C,1
RAW,S,C->R,0
RAW,S,R->L,0
RAW,S,R->C,0
RAW,S,R->R,0
RAW,S,L->L,0
RAW,S,L->C,0
RAW,S,L->R,0
RAW,S,C->L,0
RAW,S,C->C,1
RAW,S,C->R,0
RAW,S,R->L,0
RAW,S,R->C,0
RAW,S,R->R,0
RAW,S,L->L,0
RAW,S,L->C,0
RAW,S,L->R,0
RAW,S,C->L,0
RAW,S,C->C,1
RAW,S,C->R,0
RAW,S,R->L,0
RAW,S,R->C,0
RAW,S,R->R,0
RAW,S,L->L,0
RAW,S,L->C,1
RAW,S,L->R,0
RAW,S,C->L,0.038461538461538401
RAW,S,C->C,0.88461538461538458
RAW,S,C->R,0.0769230769230769
RAW,S,R->L,0
RAW,S,R->C,0.66666666666666663
RAW,S,R->R,0.33333333333333331
RAW,S,L->L,0.26923076923076922
RAW,S,L->C,0.73076923076923073
RAW,S,L->R,0
RAW,S,C->L,0.10326086956521729
RAW,S,C->C,0.85869565217391308
RAW,S,C->R,0.038043478260869498
RAW,S,R->L,0
RAW,S,R->C,0.77777777777777779
RAW,S,R->R,0.22222222222222221
RAW,S,L->L,0
RAW,S,L->C,0
RAW,S,L->R,0
RAW,S,C->L,0
RAW,S,C->C,1
RAW,S,C->R,0
RAW,S,R->L,0
RAW,S,R->C,0
RAW,S,R->R,0
RAW,S,L->L,0.5
RAW,S,L->C,0.5
RAW,S,L->R,0
RAW,S,C->L,0.14285714285714279
RAW,S,C->C,0.5714285714285714
RAW,S,C->R,0.2857142857142857
RAW,S,R->L,0.33333333333333331
RAW,S,R->C,0.33333333333333331
RAW,S,R->R,0.33333333333333331
RAW,S,L->L,1
RAW,S,L->C,0
RAW,S,L->R,0
RAW,S,C->L,0.071428571428571397
RAW,S,C->C,0.9285714285714286
RAW,S,C->R,0
RAW,S,R->L,0
RAW,S,R->C,0
RAW,S,R->R,0
RAW,S,L->L,0
RAW,S,L->C,1
RAW,S,L->R,0
RAW,S,C->L,0.047619047619047603
RAW,S,C->C,0.95238095238095244
RAW,S,C->R,0
RAW,S,R->L,0
RAW,S,R->C,0
RAW,S,R->R,0
RAW,S,L->L,0
RAW,S,L->C,0
RAW,S,L->R,0
RAW,S,C->L,0
RAW,S,C->C,0.97530864197530864
RAW,S,C->R,0.024691358024691301
RAW,S,R->L,0
RAW,S,R->C,0.66666666666666663
RAW,S,R->R,0.33333333333333331
RAW,S,L->L,0
RAW,S,L->C,0
RAW,S,L->R,0
RAW,S,C->L,0
RAW,S,C->C,1
RAW,S,C->R,0
RAW,S,R->L,0
RAW,S,R->C,0
RAW,S,R->R,0
RAW,S,L->L,0
RAW,S,L->C,0
RAW,S,L->R,0
RAW,S,C->L,0
RAW,S,C->C,0.875
RAW,S,C->R,0.125
RAW,S,R->L,0
RAW,S,R->C,1
RAW,S,R->R,0
RAW,S,L->L,0
RAW,S,L->C,0
RAW,S,L->R,0
RAW,S,C->L,0
RAW,S,C->C,1
RAW,S,C->R,0
RAW,S,R->L,0
RAW,S,R->C,0
RAW,S,R->R,0
RAW,S,L->L,0
RAW,S,L->C,0
RAW,S,L->R,0
RAW,S,C->L,0
RAW,S,C->C,0.95238095238095244
RAW,S,C->R,0.047619047619047603
RAW,S,R->L,0
RAW,S,R->C,0.40000000000000002
RAW,S,R->R,0.59999999999999998
RAW,S,L->L,0
RAW,S,L->C,0
RAW,S,L->R,0
RAW,S,C->L,0
RAW,S,C->C,0.96969696969696961
RAW,S,C->R,0.0303030303030303
RAW,S,R->L,0
RAW,S,R->C,0
RAW,S,R->R,0
RAW,S,L->L,0.5
RAW,S,L->C,0.5
RAW,S,L->R,0
RAW,S,C->L,0
RAW,S,C->C,0.8666666666666667
RAW,S,C->R,0.1333333333333333
RAW,S,R->L,0
RAW,S,R->C,1
RAW,S,R->R,0
RAW,S,L->L,0
RAW,S,L->C,1
RAW,S,L->R,0
RAW,S,C->L,0.1666666666666666
RAW,S,C->C,0.83333333333333337
RAW,S,C->R,0
RAW,S,R->L,0
RAW,S,R->C,0
RAW,S,R->R,0
RAW,S,L->L,0
RAW,S,L->C,0
RAW,S,L->R,0
RAW,S,C->L,0
RAW,S,C->C,0
RAW,S,C->R,0
RAW,S,R->L,0
RAW,S,R->C,0
RAW,S,R->R,0
RAW,S,L->L,0
RAW,S,L->C,0
RAW,S,L->R,0
RAW,S,C->L,0
RAW,S,C->C,1
RAW,S,C->R,0
RAW,S,R->L,0
RAW,S,R->C,0
RAW,S,R->R,0
RAW,S,L->L,0
RAW,S,L->C,0
RAW,S,L->R,0
RAW,S,C->L,0
RAW,S,C->C,0.98484848484848475
RAW,S,C->R,0.0151515151515151
RAW,S,R->L,0
RAW,S,R->C,0
RAW,S,R->R,0
RAW,S,L->L,0
RAW,S,L->C,0
RAW,S,L->R,0
RAW,S,C->L,0
RAW,S,C->C,1
RAW,S,C->R,0
RAW,S,R->L,0
RAW,S,R->C,0
RAW,S,R->R,0
RAW,S,L->L,0
RAW,S,L->C,0
RAW,S,L->R,0
RAW,S,C->L,0
RAW,S,C->C,1
RAW,S,C->R,0
RAW,S,R->L,0
RAW,S,R->C,1
RAW,S,R->R,0
RAW,S,L->L,0
RAW,S,L->C,1
RAW,S,L->R,0
RAW,S,C->L,0.025641025641025599
RAW,S,C->C,0.97435897435897445
RAW,S,C->R,0
RAW,S,R->L,0
RAW,S,R->C,0
RAW,S,R->R,0
RAW,S,L->L,0
RAW,S,L->C,0
RAW,S,L->R,0
RAW,S,C->L,0
RAW,S,C->C,0.96153846153846156
RAW,S,C->R,0.038461538461538401
RAW,S,R->L,0
RAW,S,R->C,1
RAW,S,R->R,0
RAW,S,L->L,0
RAW,S,L->C,1
RAW,S,L->R,0
RAW,S,C->L,0.047619047619047603
RAW,S,C->C,0.95238095238095244
RAW,S,C->R,0
RAW,S,R->L,0
RAW,S,R->C,0
RAW,S,R->R,0
RAW,S,L->L,0
RAW,S,L->C,1
RAW,S,L->R,0
RAW,S,C->L,0.0454545454545454
RAW,S,C->C,0.95454545454545459
RAW,S,C->R,0
RAW,S,R->L,0
RAW,S,R->C,0
RAW,S,R->R,0
RAW,S,L->L,0
RAW,S,L->C,0
RAW,S,L->R,0
RAW,S,C->L,0
RAW,S,C->C,1
RAW,S,C->R,0
RAW,S,R->L,0
RAW,S,R->C,0
RAW,S,R->R,0
RAW,S,L->L,0
RAW,S,L->C,0
RAW,S,L->R,0
RAW,S,C->L,0
RAW,S,C->C,1
RAW,S,C->R,0
RAW,S,R->L,0
RAW,S,R->C,0
RAW,S,R->R,0
RAW,S,L->L,0
RAW,S,L->C,0
RAW,S,L->R,0
RAW,S,C->L,0
RAW,S,C->C,1
RAW,S,C->R,0
RAW,S,R->L,0
RAW,S,R->C,0
RAW,S,R->R,0
RAW,S,L->L,0
RAW,S,L->C,0
RAW,S,L->R,0
RAW,S,C->L,0
RAW,S,C->C,1
RAW,S,C->R,0
RAW,S,R->L,0
RAW,S,R->C,0
RAW,S,R->R,0
RAW,S,L->L,0.5
RAW,S,L->C,0.5
RAW,S,L->R,0
RAW,S,C->L,0.0454545454545454
RAW,S,C->C,0.90909090909090917
RAW,S,C->R,0.0454545454545454
RAW,S,R->L,0
RAW,S,R->C,1
RAW,S,R->R,0
RAW,S,L->L,0
RAW,S,L->C,0
RAW,S,L->R,0
RAW,S,C->L,0
RAW,S,C->C,1
RAW,S,C->R,0
RAW,S,R->L,0
RAW,S,R->C,1
RAW,S,R->R,0
RAW,S,L->L,0
RAW,S,L->C,0
RAW,S,L->R,0
RAW,S,C->L,0
RAW,S,C->C,1
RAW,S,C->R,0
RAW,S,R->L,0
RAW,S,R->C,0
RAW,S,R->R,0
RAW,S,L->L,0
RAW,S,L->C,0
RAW,S,L->R,0
RAW,S,C->L,0
RAW,S,C->C,1
RAW,S,C->R,0
RAW,S,R->L,0
RAW,S,R->C,0
RAW,S,R->R,0
RAW,S,L->L,0
RAW,S,L->C,0
RAW,S,L->R,0
RAW,S,C->L,0
RAW,S,C->C,1
RAW,S,C->R,0
RAW,S,R->L,0
RAW,S,R->C,0
RAW,S,R->R,0
RAW,S,L->L,0
RAW,S,L->C,1
RAW,S,L->R,0
RAW,S,C->L,0.066666666666666596
RAW,S,C->C,0.93333333333333324
RAW,S,C->R,0
RAW,S,R->L,0
RAW,S,R->C,0
RAW,S,R->R,0
RAW,S,L->L,0
RAW,S,L->C,0
RAW,S,L->R,0
RAW,S,C->L,0
RAW,S,C->C,1
RAW,S,C->R,0
RAW,S,R->L,0
RAW,S,R->C,0
RAW,S,R->R,0
RAW,S,L->L,0
RAW,S,L->C,0
RAW,S,L->R,0
RAW,S,C->L,0
RAW,S,C->C,1
RAW,S,C->R,0
RAW,S,R->L,0
RAW,S,R->C,0
RAW,S,R->R,0
RAW,S,L->L,0
RAW,S,L->C,0
RAW,S,L->R,0
RAW,S,C->L,0
RAW,S,C->C,0.76923076923076927
RAW,S,C->R,0.2307692307692307
RAW,S,R->L,0
RAW,S,R->C,0.59999999999999998
RAW,S,R->R,0.40000000000000002
RAW,S,L->L,1
RAW,S,L->C,0
RAW,S,L->R,0
RAW,S,C->L,0.066666666666666596
RAW,S,C->C,0.73333333333333328
RAW,S,C->R,0.20000000000000001
RAW,S,R->L,0
RAW,S,R->C,0.59999999999999998
RAW,S,R->R,0.40000000000000002
RAW,S,L->L,0.5714285714285714
RAW,S,L->C,0.42857142857142849
RAW,S,L->R,0
RAW,S,C->L,0.10526315789473679
RAW,S,C->C,0.78947368421052633
RAW,S,C->R,0.10526315789473679
RAW,S,R->L,0
RAW,S,R->C,1
RAW,S,R->R,0
RAW,S,L->L,0.33333333333333331
RAW,S,L->C,0.61111111111111116
RAW,S,L->R,0.055555555555555497
RAW,S,C->L,0.069767441860465101
RAW,S,C->C,0.87790697674418605
RAW,S,C->R,0.052325581395348798
RAW,S,R->L,0.0625
RAW,S,R->C,0.5625
RAW,S,R->R,0.375
RAW,S,L->L,0
RAW,S,L->C,0
RAW,S,L->R,0
RAW,S,C->L,0
RAW,S,C->C,0.75
RAW,S,C->R,0.25
RAW,S,R->L,0
RAW,S,R->C,0.25
RAW,S,R->R,0.75
RAW,S,L->L,0
RAW,S,L->C,0
RAW,S,L->R,0
RAW,S,C->L,0
RAW,S,C->C,0.94117647058823517
RAW,S,C->R,0.058823529411764698
RAW,S,R->L,0
RAW,S,R->C,1
RAW,S,R->R,0
RAW,S,L->L,0
RAW,S,L->C,0
RAW,S,L->R,0
RAW,S,C->L,0
RAW,S,C->C,1
RAW,S,C->R,0
RAW,S,R->L,0
RAW,S,R->C,0
RAW,S,R->R,0
RAW,S,L->L,0
RAW,S,L->C,0
RAW,S,L->R,0
RAW,S,C->L,0
RAW,S,C->C,1
RAW,S,C->R,0
RAW,S,R->L,0
RAW,S,R->C,0
RAW,S,R->R,0
RAW,S,L->L,0
RAW,S,L->C,0
RAW,S,L->R,0
RAW,S,C->L,0
RAW,S,C->C,1
RAW,S,C->R,0
RAW,S,R->L,0
RAW,S,R->C,0
RAW,S,R->R,0
RAW,S,L->L,0
RAW,S,L->C,1
RAW,S,L->R,0
RAW,S,C->L,0.0769230769230769
RAW,S,C->C,0.92307692307692324
RAW,S,C->R,0
RAW,S,R->L,0
RAW,S,R->C,0
RAW,S,R->R,0
RAW,S,L->L,0.55555555555555558
RAW,S,L->C,0.44444444444444442
RAW,S,L->R,0
RAW,S,C->L,0.097560975609756101
RAW,S,C->C,0.85365853658536583
RAW,S,C->R,0.048780487804878002
RAW,S,R->L,0
RAW,S,R->C,1
RAW,S,R->R,0
RAW,S,L->L,0
RAW,S,L->C,0
RAW,S,L->R,0
RAW,S,C->L,0
RAW,S,C->C,1
RAW,S,C->R,0
RAW,S,R->L,0
RAW,S,R->C,0
RAW,S,R->R,0
RAW,S,L->L,0.40000000000000002
RAW,S,L->C,0.59999999999999998
RAW,S,L->R,0
RAW,S,C->L,0.041666666666666602
RAW,S,C->C,0.9375
RAW,S,C->R,0.020833333333333301
RAW,S,R->L,1
RAW,S,R->C,0
RAW,S,R->R,0
RAW,S,L->L,0.44444444444444442
RAW,S,L->C,0.55555555555555558
RAW,S,L->R,0
RAW,S,C->L,0.25
RAW,S,C->C,0.75
RAW,S,C->R,0
RAW,S,R->L,0
RAW,S,R->C,0
RAW,S,R->R,0
RAW,S,L->L,0
RAW,S,L->C,1
RAW,S,L->R,0
RAW,S,C->L,0.1666666666666666
RAW,S,C->C,0.83333333333333337
RAW,S,C->R,0
RAW,S,R->L,0
RAW,S,R->C,0
RAW,S,R->R,0
RAW,S,L->L,0
RAW,S,L->C,0
RAW,S,L->R,0
RAW,S,C->L,0
RAW,S,C->C,1
RAW,S,C->R,0
RAW,S,R->L,0
RAW,S,R->C,0
RAW,S,R->R,0
RAW,S,L->L,0
RAW,S,L->C,0
RAW,S,L->R,0
RAW,S,C->L,0
RAW,S,C->C,0.88888888888888884
RAW,S,C->R,0.1111111111111111
RAW,S,R->L,0
RAW,S,R->C,1
RAW,S,R->R,0
RAW,S,L->L,0
RAW,S,L->C,0
RAW,S,L->R,0
RAW,S,C->L,0
RAW,S,C->C,0.92307692307692324
RAW,S,C->R,0.0769230769230769
RAW,S,R->L,0
RAW,S,R->C,0.5
RAW,S,R->R,0.5
RAW,S,L->L,0.1666666666666666
RAW,S,L->C,0.66666666666666663
RAW,S,L->R,0.1666666666666666
RAW,S,C->L,0.22727272727272721
RAW,S,C->C,0.77272727272727271
RAW,S,C->R,0
RAW,S,R->L,0
RAW,S,R->C,1
RAW,S,R->R,0
RAW,S,L->L,0.33333333333333331
RAW,S,L->C,0.66666666666666663
RAW,S,L->R,0
RAW,S,C->L,0.046511627906976702
RAW,S,C->C,0.90697674418604635
RAW,S,C->R,0.046511627906976702
RAW,S,R->L,0
RAW,S,R->C,0.40000000000000002
RAW,S,R->R,0.59999999999999998
RAW,S,L->L,0
RAW,S,L->C,0
RAW,S,L->R,0
RAW,S,C->L,0
RAW,S,C->C,0.80000000000000004
RAW,S,C->R,0.20000000000000001
RAW,S,R->L,0
RAW,S,R->C,0.59999999999999998
RAW,S,R->R,0.40000000000000002
RAW,S,L->L,0
RAW,S,L->C,0
RAW,S,L->R,0
RAW,S,C->L,0
RAW,S,C->C,0.967741935483871
RAW,S,C->R,0.032258064516128997
RAW,S,R->L,0
RAW,S,R->C,1
RAW,S,R->R,0
RAW,S,L->L,0
RAW,S,L->C,0
RAW,S,L->R,0
RAW,S,C->L,0
RAW,S,C->C,1
RAW,S,C->R,0
RAW,S,R->L,0
RAW,S,R->C,0
RAW,S,R->R,0
RAW,S,L->L,0
RAW,S,L->C,0
RAW,S,L->R,0
RAW,S,C->L,0
RAW,S,C->C,1
RAW,S,C->R,0
RAW,S,R->L,0
RAW,S,R->C,0
RAW,S,R->R,0
RAW,S,L->L,0
RAW,S,L->C,0
RAW,S,L->R,0
RAW,S,C->L,0
RAW,S,C->C,0.967741935483871
RAW,S,C->R,0.032258064516128997
RAW,S,R->L,0
RAW,S,R->C,1
RAW,S,R->R,0
RAW,S,L->L,0
RAW,S,L->C,0
RAW,S,L->R,0
RAW,S,C->L,0
RAW,S,C->C,1
RAW,S,C->R,0
RAW,S,R->L,0
RAW,S,R->C,0
RAW,S,R->R,0
RAW,S,L->L,0
RAW,S,L->C,1
RAW,S,L->R,0
RAW,S,C->L,0.0625
RAW,S,C->C,0.9375
RAW,S,C->R,0
RAW,S,R->L,0
RAW,S,R->C,0
RAW,S,R->R,0
RAW,S,L->L,0
RAW,S,L->C,0
RAW,S,L->R,0
RAW,S,C->L,0
RAW,S,C->C,1
RAW,S,C->R,0
RAW,S,R->L,0
RAW,S,R->C,0
RAW,S,R->R,0
RAW,S,L->L,0
RAW,S,L->C,0
RAW,S,L->R,0
RAW,S,C->L,0.1111111111111111
RAW,S,C->C,0.88888888888888884
RAW,S,C->R,0
RAW,S,R->L,0
RAW,S,R->C,0
RAW,S,R->R,0
RAW,S,L->L,0.55555555555555558
RAW,S,L->C,0.33333333333333331
RAW,S,L->R,0.1111111111111111
RAW,S,C->L,0.125
RAW,S,C->C,0.8125
RAW,S,C->R,0.0625
RAW,S,R->L,0
RAW,S,R->C,0.2857142857142857
RAW,S,R->R,0.7142857142857143
RAW,S,L->L,0
RAW,S,L->C,1
RAW,S,L->R,0
RAW,S,C->L,0.043478260869565202
RAW,S,C->C,0.82608695652173914
RAW,S,C->R,0.13043478260869559
RAW,S,R->L,0
RAW,S,R->C,0.80000000000000004
RAW,S,R->R,0.20000000000000001
RAW,S,L->L,0
RAW,S,L->C,1
RAW,S,L->R,0
RAW,S,C->L,0.064516129032257993
RAW,S,C->C,0.90322580645161277
RAW,S,C->R,0.032258064516128997
RAW,S,R->L,0.5
RAW,S,R->C,0
RAW,S,R->R,0.5
RAW,S,L->L,0
RAW,S,L->C,0
RAW,S,L->R,0
RAW,S,C->L,0
RAW,S,C->C,1
RAW,S,C->R,0
RAW,S,R->L,0
RAW,S,R->C,0.5
RAW,S,R->R,0.5
RAW,S,L->L,0.875
RAW,S,L->C,0.125
RAW,S,L->R,0
RAW,S,C->L,0.20000000000000001
RAW,S,C->C,0.80000000000000004
RAW,S,C->R,0
RAW,S,R->L,0
RAW,S,R->C,0
RAW,S,R->R,0
RAW,S,L->L,0
RAW,S,L->C,0
RAW,S,L->R,0
RAW,S,C->L,0
RAW,S,C->C,0.94736842105263164
RAW,S,C->R,0.052631578947368397
RAW,S,R->L,0
RAW,S,R->C,1
RAW,S,R->R,0
RAW,S,L->L,0
RAW,S,L->C,0
RAW,S,L->R,0
RAW,S,C->L,0
RAW,S,C->C,0.94444444444444442
RAW,S,C->R,0.055555555555555497
RAW,S,R->L,0
RAW,S,R->C,1
RAW,S,R->R,0
RAW,S,L->L,0.59999999999999998
RAW,S,L->C,0.20000000000000001
RAW,S,L->R,0.20000000000000001
RAW,S,C->L,0.074074074074074001
RAW,S,C->C,0.88888888888888884
RAW,S,C->R,0.037037037037037
RAW,S,R->L,0
RAW,S,R->C,1
RAW,S,R->R,0
RAW,S,L->L,0.40000000000000002
RAW,S,L->C,0.59999999999999998
RAW,S,L->R,0
RAW,S,C->L,0.098360655737704902
RAW,S,C->C,0.85245901639344257
RAW,S,C->R,0.049180327868852403
RAW,S,R->L,0
RAW,S,R->C,0.5
RAW,S,R->R,0.5
RAW,S,L->L,0
RAW,S,L->C,0
RAW,S,L->R,0
RAW,S,C->L,0
RAW,S,C->C,1
RAW,S,C->R,0
RAW,S,R->L,0
RAW,S,R->C,0
RAW,S,R->R,0
RAW,S,L->L,0.66666666666666663
RAW,S,L->C,0.33333333333333331
RAW,S,L->R,0
RAW,S,C->L,0.1111111111111111
RAW,S,C->C,0.88888888888888884
RAW,S,C->R,0
RAW,S,R->L,0
RAW,S,R->C,0
RAW,S,R->R,0
RAW,S,L->L,0.25
RAW,S,L->C,0.75
RAW,S,L->R,0
RAW,S,C->L,0.071428571428571397
RAW,S,C->C,0.9285714285714286
RAW,S,C->R,0
RAW,S,R->L,0
RAW,S,R->C,0
RAW,S,R->R,0
RAW,S,L->L,0.40000000000000002
RAW,S,L->C,0.59999999999999998
RAW,S,L->R,0
RAW,S,C->L,0.054545454545454501
RAW,S,C->C,0.92727272727272725
RAW,S,C->R,0.018181818181818101
RAW,S,R->L,0
RAW,S,R->C,1
RAW,S,R->R,0
RAW,S,L->L,0
RAW,S,L->C,0
RAW,S,L->R,0
RAW,S,C->L,0
RAW,S,C->C,1
RAW,S,C->R,0
RAW,S,R->L,0
RAW,S,R->C,0
RAW,S,R->R,0
RAW,S,L->L,0.5
RAW,S,L->C,0.5
RAW,S,L->R,0
RAW,S,C->L,0.055555555555555497
RAW,S,C->C,0.94444444444444442
RAW,S,C->R,0
RAW,S,R->L,0
RAW,S,R->C,0
RAW,S,R->R,0
RAW,S,L->L,0
RAW,S,L->C,0
RAW,S,L->R,0
RAW,S,C->L,0
RAW,S,C->C,0.93333333333333324
RAW,S,C->R,0.066666666666666596
RAW,S,R->L,0
RAW,S,R->C,0.25
RAW,S,R->R,0.75
RAW,S,L->L,0
RAW,S,L->C,0
RAW,S,L->R,0
RAW,S,C->L,0
RAW,S,C->C,1
RAW,S,C->R,0
RAW,S,R->L,0
RAW,S,R->C,0
RAW,S,R->R,0
RAW,S,L->L,0
RAW,S,L->C,0
RAW,S,L->R,0
RAW,S,C->L,0
RAW,S,C->C,1
RAW,S,C->R,0
RAW,S,R->L,0
RAW,S,R->C,0
RAW,S,R->R,0
RAW,S,L->L,0.33333333333333331
RAW,S,L->C,0.66666666666666663
RAW,S,L->R,0
RAW,S,C->L,0.1071428571428571
RAW,S,C->C,0.8571428571428571
RAW,S,C->R,0.035714285714285698
RAW,S,R->L,0
RAW,S,R->C,0.5
RAW,S,R->R,0.5
RAW,S,L->L,0.34883720930232559
RAW,S,L->C,0.62790697674418605
RAW,S,L->R,0.023255813953488299
RAW,S,C->L,0.11297071129707111
RAW,S,C->C,0.87866108786610875
RAW,S,C->R,0.0083682008368199997
RAW,S,R->L,0.33333333333333331
RAW,S,R->C,0.66666666666666663
RAW,S,R->R,0
RAW,S,L->L,0
RAW,S,L->C,0
RAW,S,L->R,0
RAW,S,C->L,0
RAW,S,C->C,1
RAW,S,C->R,0
RAW,S,R->L,0
RAW,S,R->C,0
RAW,S,R->R,0
RAW,S,L->L,0
RAW,S,L->C,0
RAW,S,L->R,0
RAW,S,C->L,0
RAW,S,C->C,0.84615384615384615
RAW,S,C->R,0.1538461538461538
RAW,S,R->L,0
RAW,S,R->C,1
RAW,S,R->R,0
RAW,S,L->L,0
RAW,S,L->C,1
RAW,S,L->R,0
RAW,S,C->L,0.050000000000000003
RAW,S,C->C,0.94999999999999996
RAW,S,C->R,0
RAW,S,R->L,0
RAW,S,R->C,0
RAW,S,R->R,0
RAW,S,L->L,0
RAW,S,L->C,0
RAW,S,L->R,0
RAW,S,C->L,0
RAW,S,C->C,1
RAW,S,C->R,0
RAW,S,R->L,0
RAW,S,R->C,0
RAW,S,R->R,0
RAW,S,L->L,0
RAW,S,L->C,0
RAW,S,L->R,0
RAW,S,C->L,0
RAW,S,C->C,1
RAW,S,C->R,0
RAW,S,R->L,0
RAW,S,R->C,0
RAW,S,R->R,0
RAW,S,L->L,0
RAW,S,L->C,0
RAW,S,L->R,0
RAW,S,C->L,0
RAW,S,C->C,1
RAW,S,C->R,0
RAW,S,R->L,0
RAW,S,R->C,0
RAW,S,R->R,0
RAW,S,L->L,0.33333333333333331
RAW,S,L->C,0.66666666666666663
RAW,S,L->R,0
RAW,S,C->L,0.048780487804878002
RAW,S,C->C,0.90243902439024404
RAW,S,C->R,0.048780487804878002
RAW,S,R->L,0
RAW,S,R->C,0.66666666666666663
RAW,S,R->R,0.33333333333333331
RAW,S,L->L,0
RAW,S,L->C,0
RAW,S,L->R,0
RAW,S,C->L,0
RAW,S,C->C,0
RAW,S,C->R,0
RAW,S,R->L,0
RAW,S,R->C,0
RAW,S,R->R,0
RAW,S,L->L,0
RAW,S,L->C,0
RAW,S,L->R,0
RAW,S,C->L,0
RAW,S,C->C,1
RAW,S,C->R,0
RAW,S,R->L,0
RAW,S,R->C,0
RAW,S,R->R,0
RAW,S,L->L,0
RAW,S,L->C,0
RAW,S,L->R,0
RAW,S,C->L,0
RAW,S,C->C,1
RAW,S,C->R,0
RAW,S,R->L,0
RAW,S,R->C,0
RAW,S,R->R,0
RAW,S,L->L,0.5
RAW,S,L->C,0.5
RAW,S,L->R,0
RAW,S,C->L,0.20000000000000001
RAW,S,C->C,0.80000000000000004
RAW,S,C->R,0
RAW,S,R->L,0
RAW,S,R->C,1
RAW,S,R->R,0
RAW,S,L->L,0.5
RAW,S,L->C,0.5
RAW,S,L->R,0
RAW,S,C->L,0.33333333333333331
RAW,S,C->C,0.66666666666666663
RAW,S,C->R,0
RAW,S,R->L,0
RAW,S,R->C,0
RAW,S,R->R,0
RAW,S,L->L,0
RAW,S,L->C,0
RAW,S,L->R,0
RAW,S,C->L,0
RAW,S,C->C,0.94999999999999996
RAW,S,C->R,0.050000000000000003
RAW,S,R->L,0
RAW,S,R->C,1
RAW,S,R->R,0
RAW,S,L->L,0
RAW,S,L->C,0
RAW,S,L->R,0
RAW,S,C->L,0
RAW,S,C->C,1
RAW,S,C->R,0
RAW,S,R->L,0
RAW,S,R->C,0
RAW,S,R->R,0
RAW,S,L->L,0.5
RAW,S,L->C,0.5
RAW,S,L->R,0
RAW,S,C->L,0.038461538461538401
RAW,S,C->C,0.92307692307692324
RAW,S,C->R,0.038461538461538401
RAW,S,R->L,0
RAW,S,R->C,0.5
RAW,S,R->R,0.5
RAW,S,L->L,0.33333333333333331
RAW,S,L->C,0.66666666666666663
RAW,S,L->R,0
RAW,S,C->L,0.085106382978723402
RAW,S,C->C,0.8936170212765957
RAW,S,C->R,0.021276595744680799
RAW,S,R->L,0
RAW,S,R->C,0.5
RAW,S,R->R,0.5
RAW,S,L->L,0
RAW,S,L->C,0
RAW,S,L->R,0
RAW,S,C->L,0
RAW,S,C->C,1
RAW,S,C->R,0
RAW,S,R->L,0
RAW,S,R->C,0
RAW,S,R->R,0
RAW,S,L->L,0
RAW,S,L->C,0
RAW,S,L->R,0
RAW,S,C->L,0
RAW,S,C->C,1
RAW,S,C->R,0
RAW,S,R->L,0
RAW,S,R->C,0
RAW,S,R->R,0
RAW,S,L->L,0
RAW,S,L->C,0
RAW,S,L->R,0
RAW,S,C->L,0
RAW,S,C->C,1
RAW,S,C->R,0
RAW,S,R->L,0
RAW,S,R->C,0
RAW,S,R->R,0
RAW,S,L->L,0
RAW,S,L->C,0
RAW,S,L->R,0
RAW,S,C->L,0
RAW,S,C->C,1
RAW,S,C->R,0
RAW,S,R->L,0
RAW,S,R->C,0
RAW,S,R->R,0
RAW,S,L->L,0
RAW,S,L->C,0
RAW,S,L->R,0
RAW,S,C->L,0
RAW,S,C->C,1
RAW,S,C->R,0
RAW,S,R->L,0
RAW,S,R->C,0
RAW,S,R->R,0
RAW,S,L->L,0
RAW,S,L->C,0
RAW,S,L->R,0
RAW,S,C->L,0
RAW,S,C->C,1
RAW,S,C->R,0
RAW,S,R->L,0
RAW,S,R->C,0
RAW,S,R->R,0
RAW,S,L->L,0
RAW,S,L->C,1
RAW,S,L->R,0
RAW,S,C->L,0.083333333333333301
RAW,S,C->C,0.91666666666666663
RAW,S,C->R,0
RAW,S,R->L,0
RAW,S,R->C,0
RAW,S,R->R,0
RAW,S,L->L,0
RAW,S,L->C,0
RAW,S,L->R,0
RAW,S,C->L,0
RAW,S,C->C,1
RAW,S,C->R,0
RAW,S,R->L,0
RAW,S,R->C,0
RAW,S,R->R,0
RAW,S,L->L,0
RAW,S,L->C,1
RAW,S,L->R,0
RAW,S,C->L,0.03125
RAW,S,C->C,0.96875
RAW,S,C->R,0
RAW,S,R->L,0
RAW,S,R->C,0
RAW,S,R->R,0
RAW,S,L->L,0
RAW,S,L->C,0
RAW,S,L->R,0
RAW,S,C->L,0
RAW,S,C->C,1
RAW,S,C->R,0
RAW,S,R->L,0
RAW,S,R->C,0
RAW,S,R->R,0
RAW,S,L->L,0
RAW,S,L->C,0
RAW,S,L->R,0
RAW,S,C->L,0
RAW,S,C->C,1
RAW,S,C->R,0
RAW,S,R->L,0
RAW,S,R->C,0
RAW,S,R->R,0
RAW,S,L->L,0.44444444444444442
RAW,S,L->C,0.55555555555555558
RAW,S,L->R,0
RAW,S,C->L,0.018248175182481698
RAW,S,C->C,0.98175182481751821
RAW,S,C->R,0
RAW,S,R->L,0
RAW,S,R->C,0
RAW,S,R->R,0
RAW,S,L->L,0
RAW,S,L->C,0
RAW,S,L->R,0
RAW,S,C->L,0
RAW,S,C->C,1
RAW,S,C->R,0
RAW,S,R->L,0
RAW,S,R->C,0
RAW,S,R->R,0
RAW,S,L->L,0
RAW,S,L->C,0
RAW,S,L->R,0
RAW,S,C->L,0
RAW,S,C->C,0.7142857142857143
RAW,S,C->R,0.2857142857142857
RAW,S,R->L,0
RAW,S,R->C,0.40000000000000002
RAW,S,R->R,0.59999999999999998
RAW,S,L->L,0
RAW,S,L->C,0
RAW,S,L->R,0
RAW,S,C->L,0
RAW,S,C->C,1
RAW,S,C->R,0
RAW,S,R->L,0
RAW,S,R->C,0
RAW,S,R->R,0
HUD,S,L->L,0.5
HUD,S,L->C,0.5
HUD,S,L->R,0
HUD,S,C->L,0.017543859649122799
HUD,S,C->C,0.98245614035087725
HUD,S,C->R,0
HUD,S,R->L,0
HUD,S,R->C,0
HUD,S,R->R,0
HUD,S,L->L,0
HUD,S,L->C,0
HUD,S,L->R,0
HUD,S,C->L,0
HUD,S,C->C,1
HUD,S,C->R,0
HUD,S,R->L,0
HUD,S,R->C,0
HUD,S,R->R,0
HUD,S,L->L,0
HUD,S,L->C,1
HUD,S,L->R,0
HUD,S,C->L,0.125
HUD,S,C->C,0.875
HUD,S,C->R,0
HUD,S,R->L,0
HUD,S,R->C,0
HUD,S,R->R,0
HUD,S,L->L,0
HUD,S,L->C,0
HUD,S,L->R,0
HUD,S,C->L,0
HUD,S,C->C,1
HUD,S,C->R,0
HUD,S,R->L,0
HUD,S,R->C,0
HUD,S,R->R,0
HUD,S,L->L,0
HUD,S,L->C,0
HUD,S,L->R,0
HUD,S,C->L,0
HUD,S,C->C,0.95833333333333337
HUD,S,C->R,0.041666666666666602
HUD,S,R->L,0
HUD,S,R->C,1
HUD,S,R->R,0
HUD,S,L->L,0
HUD,S,L->C,0
HUD,S,L->R,0
HUD,S,C->L,0
HUD,S,C->C,1
HUD,S,C->R,0
HUD,S,R->L,0
HUD,S,R->C,0
HUD,S,R->R,0
HUD,S,L->L,0
HUD,S,L->C,0
HUD,S,L->R,0
HUD,S,C->L,0
HUD,S,C->C,1
HUD,S,C->R,0
HUD,S,R->L,0
HUD,S,R->C,0
HUD,S,R->R,0
HUD,S,L->L,0.5
HUD,S,L->C,0.5
HUD,S,L->R,0
HUD,S,C->L,0.33333333333333331
HUD,S,C->C,0.66666666666666663
HUD,S,C->R,0
HUD,S,R->L,0
HUD,S,R->C,0
HUD,S,R->R,0
HUD,S,L->L,0
HUD,S,L->C,1
HUD,S,L->R,0
HUD,S,C->L,0.0277777777777777
HUD,S,C->C,0.97222222222222221
HUD,S,C->R,0
HUD,S,R->L,0
HUD,S,R->C,0
HUD,S,R->R,0
HUD,S,L->L,0
HUD,S,L->C,0
HUD,S,L->R,0
HUD,S,C->L,0
HUD,S,C->C,0.92307692307692324
HUD,S,C->R,0.0769230769230769
HUD,S,R->L,0
HUD,S,R->C,0.66666666666666663
HUD,S,R->R,0.33333333333333331
HUD,S,L->L,0
HUD,S,L->C,0
HUD,S,L->R,0
HUD,S,C->L,0
HUD,S,C->C,1
HUD,S,C->R,0
HUD,S,R->L,0
HUD,S,R->C,0
HUD,S,R->R,0
HUD,S,L->L,0
HUD,S,L->C,0
HUD,S,L->R,0
HUD,S,C->L,0
HUD,S,C->C,1
HUD,S,C->R,0
HUD,S,R->L,0
HUD,S,R->C,0
HUD,S,R->R,0
HUD,S,L->L,0
HUD,S,L->C,0
HUD,S,L->R,0
HUD,S,C->L,0
HUD,S,C->C,1
HUD,S,C->R,0
HUD,S,R->L,0
HUD,S,R->C,0
HUD,S,R->R,0
HUD,S,L->L,0
HUD,S,L->C,0
HUD,S,L->R,0
HUD,S,C->L,0
HUD,S,C->C,1
HUD,S,C->R,0
HUD,S,R->L,0
HUD,S,R->C,0.5
HUD,S,R->R,0.5
HUD,S,L->L,0
HUD,S,L->C,0
HUD,S,L->R,0
HUD,S,C->L,0
HUD,S,C->C,1
HUD,S,C->R,0
HUD,S,R->L,0
HUD,S,R->C,0
HUD,S,R->R,0
HUD,S,L->L,0
HUD,S,L->C,0
HUD,S,L->R,0
HUD,S,C->L,0
HUD,S,C->C,1
HUD,S,C->R,0
HUD,S,R->L,0
HUD,S,R->C,0
HUD,S,R->R,0
HUD,S,L->L,0
HUD,S,L->C,0
HUD,S,L->R,0
HUD,S,C->L,0
HUD,S,C->C,1
HUD,S,C->R,0
HUD,S,R->L,0
HUD,S,R->C,0
HUD,S,R->R,0
HUD,S,L->L,0
HUD,S,L->C,0
HUD,S,L->R,0
HUD,S,C->L,0
HUD,S,C->C,1
HUD,S,C->R,0
HUD,S,R->L,0
HUD,S,R->C,0
HUD,S,R->R,0
HUD,S,L->L,0
HUD,S,L->C,0
HUD,S,L->R,0
HUD,S,C->L,0
HUD,S,C->C,0.93181818181818177
HUD,S,C->R,0.068181818181818094
HUD,S,R->L,0
HUD,S,R->C,0.75
HUD,S,R->R,0.25
HUD,S,L->L,0
HUD,S,L->C,0
HUD,S,L->R,0
HUD,S,C->L,0
HUD,S,C->C,1
HUD,S,C->R,0
HUD,S,R->L,0
HUD,S,R->C,0
HUD,S,R->R,0
HUD,S,L->L,0
HUD,S,L->C,0
HUD,S,L->R,0
HUD,S,C->L,0
HUD,S,C->C,0.80952380952380953
HUD,S,C->R,0.19047619047619041
HUD,S,R->L,0
HUD,S,R->C,0.80000000000000004
HUD,S,R->R,0.20000000000000001
HUD,S,L->L,0
HUD,S,L->C,1
HUD,S,L->R,0
HUD,S,C->L,0.0454545454545454
HUD,S,C->C,0.95454545454545459
HUD,S,C->R,0
HUD,S,R->L,0
HUD,S,R->C,0
HUD,S,R->R,0
HUD,S,L->L,0.5
HUD,S,L->C,0.5
HUD,S,L->R,0
HUD,S,C->L,0.0185185185185185
HUD,S,C->C,0.98148148148148162
HUD,S,C->R,0
HUD,S,R->L,0
HUD,S,R->C,0
HUD,S,R->R,0
HUD,S,L->L,0
HUD,S,L->C,1
HUD,S,L->R,0
HUD,S,C->L,0.0294117647058823
HUD,S,C->C,0.97058823529411764
HUD,S,C->R,0
HUD,S,R->L,0
HUD,S,R->C,0
HUD,S,R->R,0
HUD,S,L->L,0
HUD,S,L->C,1
HUD,S,L->R,0
HUD,S,C->L,0.071428571428571397
HUD,S,C->C,0.9285714285714286
HUD,S,C->R,0
HUD,S,R->L,0
HUD,S,R->C,0
HUD,S,R->R,0
HUD,S,L->L,0
HUD,S,L->C,0
HUD,S,L->R,0
HUD,S,C->L,0
HUD,S,C->C,1
HUD,S,C->R,0
HUD,S,R->L,0
HUD,S,R->C,0
HUD,S,R->R,0
HUD,S,L->L,0
HUD,S,L->C,0
HUD,S,L->R,0
HUD,S,C->L,0
HUD,S,C->C,1
HUD,S,C->R,0
HUD,S,R->L,0
HUD,S,R->C,0
HUD,S,R->R,0
HUD,S,L->L,0
HUD,S,L->C,0
HUD,S,L->R,0
HUD,S,C->L,0
HUD,S,C->C,0.8571428571428571
HUD,S,C->R,0.14285714285714279
HUD,S,R->L,0
HUD,S,R->C,0.66666666666666663
HUD,S,R->R,0.33333333333333331
HUD,S,L->L,0
HUD,S,L->C,0
HUD,S,L->R,0
HUD,S,C->L,0
HUD,S,C->C,0.93939393939393945
HUD,S,C->R,0.060606060606060601
HUD,S,R->L,0
HUD,S,R->C,0.5
HUD,S,R->R,0.5
HUD,S,L->L,0
HUD,S,L->C,0
HUD,S,L->R,0
HUD,S,C->L,0.10000000000000001
HUD,S,C->C,0.90000000000000002
HUD,S,C->R,0
HUD,S,R->L,0
HUD,S,R->C,0
HUD,S,R->R,0
HUD,S,L->L,0
HUD,S,L->C,0
HUD,S,L->R,0
HUD,S,C->L,0
HUD,S,C->C,0.66666666666666663
HUD,S,C->R,0.33333333333333331
HUD,S,R->L,0
HUD,S,R->C,0.2857142857142857
HUD,S,R->R,0.7142857142857143
HUD,S,L->L,1
HUD,S,L->C,0
HUD,S,L->R,0
HUD,S,C->L,0.037037037037037
HUD,S,C->C,0.9629629629629628
HUD,S,C->R,0
HUD,S,R->L,0
HUD,S,R->C,0
HUD,S,R->R,0
HUD,S,L->L,0
HUD,S,L->C,1
HUD,S,L->R,0
HUD,S,C->L,0.034482758620689599
HUD,S,C->C,0.89655172413793105
HUD,S,C->R,0.068965517241379296
HUD,S,R->L,0
HUD,S,R->C,0.40000000000000002
HUD,S,R->R,0.59999999999999998
HUD,S,L->L,0.5
HUD,S,L->C,0.47058823529411759
HUD,S,L->R,0.0294117647058823
HUD,S,C->L,0.074561403508771898
HUD,S,C->C,0.88157894736842102
HUD,S,C->R,0.043859649122807001
HUD,S,R->L,0
HUD,S,R->C,0.7142857142857143
HUD,S,R->R,0.2857142857142857
HUD,S,L->L,0
HUD,S,L->C,0
HUD,S,L->R,0
HUD,S,C->L,0
HUD,S,C->C,1
HUD,S,C->R,0
HUD,S,R->L,0
HUD,S,R->C,0
HUD,S,R->R,0
HUD,S,L->L,0
HUD,S,L->C,0
HUD,S,L->R,0
HUD,S,C->L,0
HUD,S,C->C,1
HUD,S,C->R,0
HUD,S,R->L,0
HUD,S,R->C,0
HUD,S,R->R,0
HUD,S,L->L,0.5
HUD,S,L->C,0.5
HUD,S,L->R,0
HUD,S,C->L,0.041237113402061799
HUD,S,C->C,0.95876288659793818
HUD,S,C->R,0
HUD,S,R->L,0
HUD,S,R->C,0
HUD,S,R->R,0
HUD,S,L->L,0
HUD,S,L->C,0
HUD,S,L->R,0
HUD,S,C->L,0
HUD,S,C->C,0.91666666666666663
HUD,S,C->R,0.083333333333333301
HUD,S,R->L,0
HUD,S,R->C,0.5
HUD,S,R->R,0.5
HUD,S,L->L,0
HUD,S,L->C,0
HUD,S,L->R,0
HUD,S,C->L,0
HUD,S,C->C,0.94444444444444442
HUD,S,C->R,0.055555555555555497
HUD,S,R->L,0
HUD,S,R->C,1
HUD,S,R->R,0
HUD,S,L->L,0
HUD,S,L->C,0
HUD,S,L->R,0
HUD,S,C->L,0
HUD,S,C->C,1
HUD,S,C->R,0
HUD,S,R->L,0
HUD,S,R->C,0
HUD,S,R->R,0
HUD,S,L->L,0
HUD,S,L->C,1
HUD,S,L->R,0
HUD,S,C->L,0.065217391304347797
HUD,S,C->C,0.89130434782608692
HUD,S,C->R,0.043478260869565202
HUD,S,R->L,0
HUD,S,R->C,0.40000000000000002
HUD,S,R->R,0.59999999999999998
HUD,S,L->L,0
HUD,S,L->C,0
HUD,S,L->R,0
HUD,S,C->L,0
HUD,S,C->C,1
HUD,S,C->R,0
HUD,S,R->L,0
HUD,S,R->C,0
HUD,S,R->R,0
HUD,S,L->L,0.6428571428571429
HUD,S,L->C,0.3571428571428571
HUD,S,L->R,0
HUD,S,C->L,0.1020408163265306
HUD,S,C->C,0.81632653061224492
HUD,S,C->R,0.0816326530612244
HUD,S,R->L,0
HUD,S,R->C,0.40000000000000002
HUD,S,R->R,0.59999999999999998
HUD,S,L->L,0.40000000000000002
HUD,S,L->C,0.59999999999999998
HUD,S,L->R,0
HUD,S,C->L,0.083333333333333301
HUD,S,C->C,0.91666666666666663
HUD,S,C->R,0
HUD,S,R->L,0
HUD,S,R->C,0
HUD,S,R->R,0
HUD,S,L->L,0.66666666666666663
HUD,S,L->C,0.33333333333333331
HUD,S,L->R,0
HUD,S,C->L,0.125
HUD,S,C->C,0.875
HUD,S,C->R,0
HUD,S,R->L,0
HUD,S,R->C,0
HUD,S,R->R,0
HUD,S,L->L,0
HUD,S,L->C,1
HUD,S,L->R,0
HUD,S,C->L,0.125
HUD,S,C->C,0.875
HUD,S,C->R,0
HUD,S,R->L,0
HUD,S,R->C,0
HUD,S,R->R,0
HUD,S,L->L,0
HUD,S,L->C,0
HUD,S,L->R,0
HUD,S,C->L,0
HUD,S,C->C,0.96428571428571441
HUD,S,C->R,0.035714285714285698
HUD,S,R->L,0
HUD,S,R->C,0.5
HUD,S,R->R,0.5
HUD,S,L->L,0
HUD,S,L->C,1
HUD,S,L->R,0
HUD,S,C->L,0.055555555555555497
HUD,S,C->C,0.88888888888888884
HUD,S,C->R,0.055555555555555497
HUD,S,R->L,0
HUD,S,R->C,1
HUD,S,R->R,0
HUD,S,L->L,0
HUD,S,L->C,1
HUD,S,L->R,0
HUD,S,C->L,0.068965517241379296
HUD,S,C->C,0.89655172413793105
HUD,S,C->R,0.034482758620689599
HUD,S,R->L,1
HUD,S,R->C,0
HUD,S,R->R,0
HUD,S,L->L,0.625
HUD,S,L->C,0.375
HUD,S,L->R,0
HUD,S,C->L,0.0625
HUD,S,C->C,0.83333333333333337
HUD,S,C->R,0.1041666666666666
HUD,S,R->L,0
HUD,S,R->C,0.5714285714285714
HUD,S,R->R,0.42857142857142849
HUD,S,L->L,0
HUD,S,L->C,0
HUD,S,L->R,0
HUD,S,C->L,0
HUD,S,C->C,0
HUD,S,C->R,0
HUD,S,R->L,0
HUD,S,R->C,0
HUD,S,R->R,0
HUD,S,L->L,0
HUD,S,L->C,0
HUD,S,L->R,0
HUD,S,C->L,0
HUD,S,C->C,0.94999999999999996
HUD,S,C->R,0.050000000000000003
HUD,S,R->L,0
HUD,S,R->C,0
HUD,S,R->R,1
HUD,S,L->L,0.5
HUD,S,L->C,0.5
HUD,S,L->R,0
HUD,S,C->L,0.055555555555555497
HUD,S,C->C,0.86111111111111116
HUD,S,C->R,0.083333333333333301
HUD,S,R->L,0
HUD,S,R->C,1
HUD,S,R->R,0
HUD,S,L->L,0
HUD,S,L->C,0
HUD,S,L->R,0
HUD,S,C->L,0
HUD,S,C->C,1
HUD,S,C->R,0
HUD,S,R->L,0
HUD,S,R->C,0
HUD,S,R->R,0
HUD,S,L->L,0
HUD,S,L->C,0
HUD,S,L->R,0
HUD,S,C->L,0
HUD,S,C->C,1
HUD,S,C->R,0
HUD,S,R->L,0
HUD,S,R->C,0
HUD,S,R->R,0
HUD,S,L->L,0.5
HUD,S,L->C,0.5
HUD,S,L->R,0
HUD,S,C->L,0.050000000000000003
HUD,S,C->C,0.90000000000000002
HUD,S,C->R,0.050000000000000003
HUD,S,R->L,0
HUD,S,R->C,1
HUD,S,R->R,0
HUD,S,L->L,0
HUD,S,L->C,0
HUD,S,L->R,0
HUD,S,C->L,0
HUD,S,C->C,1
HUD,S,C->R,0
HUD,S,R->L,0
HUD,S,R->C,0
HUD,S,R->R,0
HUD,S,L->L,0
HUD,S,L->C,0
HUD,S,L->R,0
HUD,S,C->L,0
HUD,S,C->C,1
HUD,S,C->R,0
HUD,S,R->L,0
HUD,S,R->C,0
HUD,S,R->R,0
HUD,S,L->L,0
HUD,S,L->C,0
HUD,S,L->R,0
HUD,S,C->L,0
HUD,S,C->C,1
HUD,S,C->R,0
HUD,S,R->L,0
HUD,S,R->C,0
HUD,S,R->R,0
HUD,S,L->L,0
HUD,S,L->C,1
HUD,S,L->R,0
HUD,S,C->L,0.125
HUD,S,C->C,0.875
HUD,S,C->R,0
HUD,S,R->L,0
HUD,S,R->C,0
HUD,S,R->R,0
HUD,S,L->L,0
HUD,S,L->C,0
HUD,S,L->R,0
HUD,S,C->L,0
HUD,S,C->C,0.96969696969696961
HUD,S,C->R,0.0303030303030303
HUD,S,R->L,0
HUD,S,R->C,1
HUD,S,R->R,0
HUD,S,L->L,0
HUD,S,L->C,1
HUD,S,L->R,0
HUD,S,C->L,0.0625
HUD,S,C->C,0.9375
HUD,S,C->R,0
HUD,S,R->L,0
HUD,S,R->C,0
HUD,S,R->R,0
HUD,S,L->L,0
HUD,S,L->C,0
HUD,S,L->R,0
HUD,S,C->L,0
HUD,S,C->C,0.96875
HUD,S,C->R,0.03125
HUD,S,R->L,0
HUD,S,R->C,1
HUD,S,R->R,0
HUD,S,L->L,0
HUD,S,L->C,0
HUD,S,L->R,0
HUD,S,C->L,0
HUD,S,C->C,1
HUD,S,C->R,0
HUD,S,R->L,0
HUD,S,R->C,0
HUD,S,R->R,0
HUD,S,L->L,0
HUD,S,L->C,0
HUD,S,L->R,0
HUD,S,C->L,0
HUD,S,C->C,1
HUD,S,C->R,0
HUD,S,R->L,0
HUD,S,R->C,0
HUD,S,R->R,0
HUD,S,L->L,0
HUD,S,L->C,0
HUD,S,L->R,0
HUD,S,C->L,0
HUD,S,C->C,0.94736842105263164
HUD,S,C->R,0.052631578947368397
HUD,S,R->L,0
HUD,S,R->C,0.66666666666666663
HUD,S,R->R,0.33333333333333331
HUD,S,L->L,0.5
HUD,S,L->C,0.5
HUD,S,L->R,0
HUD,S,C->L,0.1818181818181818
HUD,S,C->C,0.72727272727272729
HUD,S,C->R,0.090909090909090898
HUD,S,R->L,0
HUD,S,R->C,1
HUD,S,R->R,0
HUD,S,L->L,0.33333333333333331
HUD,S,L->C,0.66666666666666663
HUD,S,L->R,0
HUD,S,C->L,0.074074074074074001
HUD,S,C->C,0.92592592592592604
HUD,S,C->R,0
HUD,S,R->L,0
HUD,S,R->C,0
HUD,S,R->R,0
HUD,S,L->L,0.7142857142857143
HUD,S,L->C,0.2857142857142857
HUD,S,L->R,0
HUD,S,C->L,0.061224489795918297
HUD,S,C->C,0.91836734693877564
HUD,S,C->R,0.0204081632653061
HUD,S,R->L,0
HUD,S,R->C,1
HUD,S,R->R,0
HUD,S,L->L,0
HUD,S,L->C,1
HUD,S,L->R,0
HUD,S,C->L,0.0454545454545454
HUD,S,C->C,0.95454545454545459
HUD,S,C->R,0
HUD,S,R->L,0
HUD,S,R->C,0
HUD,S,R->R,0
HUD,S,L->L,0.5
HUD,S,L->C,0.5
HUD,S,L->R,0
HUD,S,C->L,0
HUD,S,C->C,1
HUD,S,C->R,0
HUD,S,R->L,0
HUD,S,R->C,0
HUD,S,R->R,0
HUD,S,L->L,0
HUD,S,L->C,0
HUD,S,L->R,0
HUD,S,C->L,0
HUD,S,C->C,1
HUD,S,C->R,0
HUD,S,R->L,0
HUD,S,R->C,0
HUD,S,R->R,0
HUD,S,L->L,0
HUD,S,L->C,0
HUD,S,L->R,0
HUD,S,C->L,0
HUD,S,C->C,1
HUD,S,C->R,0
HUD,S,R->L,0
HUD,S,R->C,0
HUD,S,R->R,0
HUD,S,L->L,0
HUD,S,L->C,0
HUD,S,L->R,0
HUD,S,C->L,0
HUD,S,C->C,1
HUD,S,C->R,0
HUD,S,R->L,0
HUD,S,R->C,0
HUD,S,R->R,0
HUD,S,L->L,0
HUD,S,L->C,0
HUD,S,L->R,0
HUD,S,C->L,0
HUD,S,C->C,1
HUD,S,C->R,0
HUD,S,R->L,0
HUD,S,R->C,0
HUD,S,R->R,0
HUD,S,L->L,0
HUD,S,L->C,0
HUD,S,L->R,0
HUD,S,C->L,0
HUD,S,C->C,1
HUD,S,C->R,0
HUD,S,R->L,0
HUD,S,R->C,0
HUD,S,R->R,0
HUD,S,L->L,0
HUD,S,L->C,0
HUD,S,L->R,0
HUD,S,C->L,0
HUD,S,C->C,1
HUD,S,C->R,0
HUD,S,R->L,0
HUD,S,R->C,0
HUD,S,R->R,0
HUD,S,L->L,0
HUD,S,L->C,0
HUD,S,L->R,0
HUD,S,C->L,0
HUD,S,C->C,1
HUD,S,C->R,0
HUD,S,R->L,0
HUD,S,R->C,0
HUD,S,R->R,0
HUD,S,L->L,0
HUD,S,L->C,0
HUD,S,L->R,0
HUD,S,C->L,0
HUD,S,C->C,1
HUD,S,C->R,0
HUD,S,R->L,0
HUD,S,R->C,0
HUD,S,R->R,0
HUD,S,L->L,0.52631578947368418
HUD,S,L->C,0.47368421052631571
HUD,S,L->R,0
HUD,S,C->L,0.036866359447004601
HUD,S,C->C,0.93548387096774199
HUD,S,C->R,0.027649769585253399
HUD,S,R->L,0.14285714285714279
HUD,S,R->C,0.8571428571428571
HUD,S,R->R,0
HUD,S,L->L,0
HUD,S,L->C,0
HUD,S,L->R,0
HUD,S,C->L,0
HUD,S,C->C,0.90909090909090917
HUD,S,C->R,0.090909090909090898
HUD,S,R->L,0
HUD,S,R->C,0.5
HUD,S,R->R,0.5
HUD,S,L->L,0
HUD,S,L->C,0
HUD,S,L->R,0
HUD,S,C->L,0
HUD,S,C->C,0.80000000000000004
HUD,S,C->R,0.20000000000000001
HUD,S,R->L,0
HUD,S,R->C,0.5
HUD,S,R->R,0.5
HUD,S,L->L,0
HUD,S,L->C,0
HUD,S,L->R,0
HUD,S,C->L,0
HUD,S,C->C,1
HUD,S,C->R,0
HUD,S,R->L,0
HUD,S,R->C,0
HUD,S,R->R,0
HUD,S,L->L,0
HUD,S,L->C,0
HUD,S,L->R,0
HUD,S,C->L,0
HUD,S,C->C,0.92307692307692324
HUD,S,C->R,0.0769230769230769
HUD,S,R->L,0
HUD,S,R->C,1
HUD,S,R->R,0
HUD,S,L->L,0
HUD,S,L->C,0
HUD,S,L->R,0
HUD,S,C->L,0
HUD,S,C->C,1
HUD,S,C->R,0
HUD,S,R->L,0
HUD,S,R->C,0
HUD,S,R->R,0
HUD,S,L->L,0
HUD,S,L->C,0
HUD,S,L->R,0
HUD,S,C->L,0
HUD,S,C->C,1
HUD,S,C->R,0
HUD,S,R->L,0
HUD,S,R->C,0
HUD,S,R->R,0
HUD,S,L->L,0
HUD,S,L->C,0
HUD,S,L->R,0
HUD,S,C->L,0
HUD,S,C->C,0.99342105263157898
HUD,S,C->R,0.0065789473684210002
HUD,S,R->L,0
HUD,S,R->C,1
HUD,S,R->R,0
HUD,S,L->L,0
HUD,S,L->C,0
HUD,S,L->R,0
HUD,S,C->L,0
HUD,S,C->C,1
HUD,S,C->R,0
HUD,S,R->L,0
HUD,S,R->C,0
HUD,S,R->R,0
HUD,S,L->L,0
HUD,S,L->C,0
HUD,S,L->R,0
HUD,S,C->L,0
HUD,S,C->C,1
HUD,S,C->R,0
HUD,S,R->L,0
HUD,S,R->C,0
HUD,S,R->R,0
HUD,S,L->L,0
HUD,S,L->C,0
HUD,S,L->R,0
HUD,S,C->L,0
HUD,S,C->C,1
HUD,S,C->R,0
HUD,S,R->L,0
HUD,S,R->C,0
HUD,S,R->R,0
HUD,S,L->L,0
HUD,S,L->C,0
HUD,S,L->R,0
HUD,S,C->L,0
HUD,S,C->C,1
HUD,S,C->R,0
HUD,S,R->L,0
HUD,S,R->C,0
HUD,S,R->R,0
HUD,S,L->L,0
HUD,S,L->C,0
HUD,S,L->R,0
HUD,S,C->L,0
HUD,S,C->C,1
HUD,S,C->R,0
HUD,S,R->L,0
HUD,S,R->C,0
HUD,S,R->R,0
HUD,S,L->L,0
HUD,S,L->C,0
HUD,S,L->R,0
HUD,S,C->L,0
HUD,S,C->C,1
HUD,S,C->R,0
HUD,S,R->L,0
HUD,S,R->C,0
HUD,S,R->R,0
HUD,S,L->L,0
HUD,S,L->C,0
HUD,S,L->R,0
HUD,S,C->L,0
HUD,S,C->C,1
HUD,S,C->R,0
HUD,S,R->L,0
HUD,S,R->C,0
HUD,S,R->R,0
HUD,S,L->L,0
HUD,S,L->C,0
HUD,S,L->R,0
HUD,S,C->L,0
HUD,S,C->C,1
HUD,S,C->R,0
HUD,S,R->L,0
HUD,S,R->C,0
HUD,S,R->R,0
HUD,S,L->L,0
HUD,S,L->C,0
HUD,S,L->R,0
HUD,S,C->L,0
HUD,S,C->C,1
HUD,S,C->R,0
HUD,S,R->L,0
HUD,S,R->C,0
HUD,S,R->R,0
HUD,S,L->L,0
HUD,S,L->C,0
HUD,S,L->R,0
HUD,S,C->L,0
HUD,S,C->C,1
HUD,S,C->R,0
HUD,S,R->L,0
HUD,S,R->C,0
HUD,S,R->R,0
HUD,S,L->L,0
HUD,S,L->C,0
HUD,S,L->R,0
HUD,S,C->L,0
HUD,S,C->C,1
HUD,S,C->R,0
HUD,S,R->L,0
HUD,S,R->C,0
HUD,S,R->R,0
HUD,S,L->L,0
HUD,S,L->C,0
HUD,S,L->R,0
HUD,S,C->L,0
HUD,S,C->C,1
HUD,S,C->R,0
HUD,S,R->L,0
HUD,S,R->C,0
HUD,S,R->R,0
HUD,S,L->L,0
HUD,S,L->C,0
HUD,S,L->R,0
HUD,S,C->L,0
HUD,S,C->C,0.94117647058823517
HUD,S,C->R,0.058823529411764698
HUD,S,R->L,0
HUD,S,R->C,1
HUD,S,R->R,0
HUD,S,L->L,0
HUD,S,L->C,0
HUD,S,L->R,0
HUD,S,C->L,0
HUD,S,C->C,1
HUD,S,C->R,0
HUD,S,R->L,0
HUD,S,R->C,0
HUD,S,R->R,0
HUD,S,L->L,0
HUD,S,L->C,0
HUD,S,L->R,0
HUD,S,C->L,0
HUD,S,C->C,1
HUD,S,C->R,0
HUD,S,R->L,0
HUD,S,R->C,0
HUD,S,R->R,0
HUD,S,L->L,0
HUD,S,L->C,0
HUD,S,L->R,0
HUD,S,C->L,0
HUD,S,C->C,1
HUD,S,C->R,0
HUD,S,R->L,0
HUD,S,R->C,0
HUD,S,R->R,0
HUD,S,L->L,0
HUD,S,L->C,0
HUD,S,L->R,0
HUD,S,C->L,0
HUD,S,C->C,1
HUD,S,C->R,0
HUD,S,R->L,0
HUD,S,R->C,0
HUD,S,R->R,0
HUD,S,L->L,0
HUD,S,L->C,0
HUD,S,L->R,0
HUD,S,C->L,0
HUD,S,C->C,1
HUD,S,C->R,0
HUD,S,R->L,0
HUD,S,R->C,0
HUD,S,R->R,0
HUD,S,L->L,0
HUD,S,L->C,0
HUD,S,L->R,0
HUD,S,C->L,0
HUD,S,C->C,1
HUD,S,C->R,0
HUD,S,R->L,0
HUD,S,R->C,0
HUD,S,R->R,0
HUD,S,L->L,0
HUD,S,L->C,0
HUD,S,L->R,0
HUD,S,C->L,0
HUD,S,C->C,1
HUD,S,C->R,0
HUD,S,R->L,0
HUD,S,R->C,0
HUD,S,R->R,0
HUD,S,L->L,0
HUD,S,L->C,0
HUD,S,L->R,0
HUD,S,C->L,0
HUD,S,C->C,1
HUD,S,C->R,0
HUD,S,R->L,0
HUD,S,R->C,0
HUD,S,R->R,0
HUD,S,L->L,0
HUD,S,L->C,0
HUD,S,L->R,0
HUD,S,C->L,0
HUD,S,C->C,1
HUD,S,C->R,0
HUD,S,R->L,0
HUD,S,R->C,0
HUD,S,R->R,0
HUD,S,L->L,0.33333333333333331
HUD,S,L->C,0.66666666666666663
HUD,S,L->R,0
HUD,S,C->L,0.1111111111111111
HUD,S,C->C,0.83333333333333337
HUD,S,C->R,0.055555555555555497
HUD,S,R->L,0
HUD,S,R->C,1
HUD,S,R->R,0
HUD,S,L->L,0.1666666666666666
HUD,S,L->C,0.83333333333333337
HUD,S,L->R,0
HUD,S,C->L,0.054945054945054903
HUD,S,C->C,0.93406593406593397
HUD,S,C->R,0.0109890109890109
HUD,S,R->L,0
HUD,S,R->C,0.5
HUD,S,R->R,0.5
HUD,S,L->L,0
HUD,S,L->C,0
HUD,S,L->R,0
HUD,S,C->L,0
HUD,S,C->C,1
HUD,S,C->R,0
HUD,S,R->L,0
HUD,S,R->C,0
HUD,S,R->R,0
HUD,S,L->L,0
HUD,S,L->C,0
HUD,S,L->R,0
HUD,S,C->L,0
HUD,S,C->C,1
HUD,S,C->R,0
HUD,S,R->L,0
HUD,S,R->C,0
HUD,S,R->R,0
HUD,S,L->L,0
HUD,S,L->C,0
HUD,S,L->R,0
HUD,S,C->L,0
HUD,S,C->C,0.95238095238095244
HUD,S,C->R,0.047619047619047603
HUD,S,R->L,0
HUD,S,R->C,1
HUD,S,R->R,0
HUD,S,L->L,0
HUD,S,L->C,0
HUD,S,L->R,0
HUD,S,C->L,0
HUD,S,C->C,1
HUD,S,C->R,0
HUD,S,R->L,0
HUD,S,R->C,0
HUD,S,R->R,0
HUD,S,L->L,0.5
HUD,S,L->C,0.5
HUD,S,L->R,0
HUD,S,C->L,0.019230769230769201
HUD,S,C->C,0.98076923076923084
HUD,S,C->R,0
HUD,S,R->L,0
HUD,S,R->C,0
HUD,S,R->R,0
HUD,S,L->L,0
HUD,S,L->C,0
HUD,S,L->R,0
HUD,S,C->L,0
HUD,S,C->C,1
HUD,S,C->R,0
HUD,S,R->L,0
HUD,S,R->C,0
HUD,S,R->R,0
HUD,S,L->L,0
HUD,S,L->C,0
HUD,S,L->R,0
HUD,S,C->L,0
HUD,S,C->C,0.68421052631578949
HUD,S,C->R,0.31578947368421051
HUD,S,R->L,0
HUD,S,R->C,0.33333333333333331
HUD,S,R->R,0.66666666666666663
HUD,S,L->L,0
HUD,S,L->C,0
HUD,S,L->R,0
HUD,S,C->L,0
HUD,S,C->C,1
HUD,S,C->R,0
HUD,S,R->L,0
HUD,S,R->C,0
HUD,S,R->R,0
HUD,S,L->L,0.5
HUD,S,L->C,0.5
HUD,S,L->R,0
HUD,S,C->L,0
HUD,S,C->C,1
HUD,S,C->R,0
HUD,S,R->L,0
HUD,S,R->C,0
HUD,S,R->R,0
HUD,S,L->L,0
HUD,S,L->C,1
HUD,S,L->R,0
HUD,S,C->L,0.066666666666666596
HUD,S,C->C,0.93333333333333324
HUD,S,C->R,0
HUD,S,R->L,0
HUD,S,R->C,0
HUD,S,R->R,0
HUD,S,L->L,0
HUD,S,L->C,1
HUD,S,L->R,0
HUD,S,C->L,0.02
HUD,S,C->C,0.92000000000000004
HUD,S,C->R,0.059999999999999998
HUD,S,R->L,0
HUD,S,R->C,0.75
HUD,S,R->R,0.25
HUD,S,L->L,0
HUD,S,L->C,0
HUD,S,L->R,0
HUD,S,C->L,0
HUD,S,C->C,1
HUD,S,C->R,0
HUD,S,R->L,0
HUD,S,R->C,0
HUD,S,R->R,0
HUD,S,L->L,0.59999999999999998
HUD,S,L->C,0.20000000000000001
HUD,S,L->R,0.20000000000000001
HUD,S,C->L,0.33333333333333331
HUD,S,C->C,0.66666666666666663
HUD,S,C->R,0
HUD,S,R->L,0
HUD,S,R->C,0.20000000000000001
HUD,S,R->R,0.80000000000000004
HUD,S,L->L,0
HUD,S,L->C,1
HUD,S,L->R,0
HUD,S,C->L,0.024390243902439001
HUD,S,C->C,0.97560975609756095
HUD,S,C->R,0
HUD,S,R->L,0
HUD,S,R->C,0
HUD,S,R->R,0
HUD,S,L->L,0.59999999999999998
HUD,S,L->C,0.40000000000000002
HUD,S,L->R,0
HUD,S,C->L,0.086956521739130405
HUD,S,C->C,0.91304347826086962
HUD,S,C->R,0
HUD,S,R->L,0
HUD,S,R->C,0
HUD,S,R->R,0
HUD,S,L->L,0
HUD,S,L->C,1
HUD,S,L->R,0
HUD,S,C->L,0.055555555555555497
HUD,S,C->C,0.88888888888888884
HUD,S,C->R,0.055555555555555497
HUD,S,R->L,0
HUD,S,R->C,0.5
HUD,S,R->R,0.5
HUD,S,L->L,0
HUD,S,L->C,0
HUD,S,L->R,0
HUD,S,C->L,0
HUD,S,C->C,1
HUD,S,C->R,0
HUD,S,R->L,0
HUD,S,R->C,1
HUD,S,R->R,0
HUD,S,L->L,0
HUD,S,L->C,1
HUD,S,L->R,0
HUD,S,C->L,0.0454545454545454
HUD,S,C->C,0.95454545454545459
HUD,S,C->R,0
HUD,S,R->L,0
HUD,S,R->C,0
HUD,S,R->R,0
HUD,S,L->L,0
HUD,S,L->C,0
HUD,S,L->R,0
HUD,S,C->L,0
HUD,S,C->C,1
HUD,S,C->R,0
HUD,S,R->L,0
HUD,S,R->C,0
HUD,S,R->R,0
HUD,S,L->L,0
HUD,S,L->C,0
HUD,S,L->R,0
HUD,S,C->L,0
HUD,S,C->C,1
HUD,S,C->R,0
HUD,S,R->L,0
HUD,S,R->C,0
HUD,S,R->R,0
HUD,S,L->L,0
HUD,S,L->C,1
HUD,S,L->R,0
HUD,S,C->L,0.032258064516128997
HUD,S,C->C,0.93548387096774199
HUD,S,C->R,0.032258064516128997
HUD,S,R->L,0
HUD,S,R->C,1
HUD,S,R->R,0
HUD,S,L->L,0.25
HUD,S,L->C,0.75
HUD,S,L->R,0
HUD,S,C->L,0.13043478260869559
HUD,S,C->C,0.78260869565217395
HUD,S,C->R,0.086956521739130405
HUD,S,R->L,0
HUD,S,R->C,0.66666666666666663
HUD,S,R->R,0.33333333333333331
HUD,S,L->L,0.66666666666666663
HUD,S,L->C,0.33333333333333331
HUD,S,L->R,0
HUD,S,C->L,0.032258064516128997
HUD,S,C->C,0.967741935483871
HUD,S,C->R,0
HUD,S,R->L,0
HUD,S,R->C,0
HUD,S,R->R,0
HUD,S,L->L,0
HUD,S,L->C,0
HUD,S,L->R,0
HUD,S,C->L,0
HUD,S,C->C,0.93333333333333324
HUD,S,C->R,0.066666666666666596
HUD,S,R->L,0
HUD,S,R->C,1
HUD,S,R->R,0
HUD,S,L->L,0
HUD,S,L->C,0
HUD,S,L->R,0
HUD,S,C->L,0
HUD,S,C->C,1
HUD,S,C->R,0
HUD,S,R->L,0
HUD,S,R->C,0
HUD,S,R->R,0
HUD,S,L->L,0
HUD,S,L->C,1
HUD,S,L->R,0
HUD,S,C->L,0.0303030303030303
HUD,S,C->C,0.93939393939393945
HUD,S,C->R,0.0303030303030303
HUD,S,R->L,0
HUD,S,R->C,1
HUD,S,R->R,0
HUD,S,L->L,0
HUD,S,L->C,0
HUD,S,L->R,0
HUD,S,C->L,0
HUD,S,C->C,1
HUD,S,C->R,0
HUD,S,R->L,0
HUD,S,R->C,0
HUD,S,R->R,0
HUD,S,L->L,0.5
HUD,S,L->C,0.5
HUD,S,L->R,0
HUD,S,C->L,0.078947368421052599
HUD,S,C->C,0.86842105263157898
HUD,S,C->R,0.052631578947368397
HUD,S,R->L,0
HUD,S,R->C,1
HUD,S,R->R,0
HUD,S,L->L,0.5
HUD,S,L->C,0.5
HUD,S,L->R,0
HUD,S,C->L,0.052631578947368397
HUD,S,C->C,0.89473684210526316
HUD,S,C->R,0.052631578947368397
HUD,S,R->L,0
HUD,S,R->C,1
HUD,S,R->R,0
HUD,S,L->L,0
HUD,S,L->C,1
HUD,S,L->R,0
HUD,S,C->L,0.10000000000000001
HUD,S,C->C,0.90000000000000002
HUD,S,C->R,0
HUD,S,R->L,0
HUD,S,R->C,0
HUD,S,R->R,0
HUD,S,L->L,0
HUD,S,L->C,1
HUD,S,L->R,0
HUD,S,C->L,0.083333333333333301
HUD,S,C->C,0.91666666666666663
HUD,S,C->R,0
HUD,S,R->L,0
HUD,S,R->C,0
HUD,S,R->R,0
HUD,S,L->L,0
HUD,S,L->C,1
HUD,S,L->R,0
HUD,S,C->L,0.0277777777777777
HUD,S,C->C,0.97222222222222221
HUD,S,C->R,0
HUD,S,R->L,0
HUD,S,R->C,0
HUD,S,R->R,0
HUD,S,L->L,0
HUD,S,L->C,1
HUD,S,L->R,0
HUD,S,C->L,0.071428571428571397
HUD,S,C->C,0.9285714285714286
HUD,S,C->R,0
HUD,S,R->L,0
HUD,S,R->C,0
HUD,S,R->R,0
HUD,S,L->L,0
HUD,S,L->C,1
HUD,S,L->R,0
HUD,S,C->L,0.33333333333333331
HUD,S,C->C,0.66666666666666663
HUD,S,C->R,0
HUD,S,R->L,0
HUD,S,R->C,0
HUD,S,R->R,0
HUD,S,L->L,0.33333333333333331
HUD,S,L->C,0.66666666666666663
HUD,S,L->R,0
HUD,S,C->L,0.038461538461538401
HUD,S,C->C,0.9423076923076924
HUD,S,C->R,0.019230769230769201
HUD,S,R->L,0
HUD,S,R->C,1
HUD,S,R->R,0
HUD,S,L->L,0
HUD,S,L->C,0
HUD,S,L->R,0
HUD,S,C->L,0
HUD,S,C->C,1
HUD,S,C->R,0
HUD,S,R->L,0
HUD,S,R->C,0
HUD,S,R->R,0
HUD,S,L->L,0
HUD,S,L->C,0
HUD,S,L->R,0
HUD,S,C->L,0
HUD,S,C->C,1
HUD,S,C->R,0
HUD,S,R->L,0
HUD,S,R->C,0
HUD,S,R->R,0
HUD,S,L->L,0
HUD,S,L->C,0
HUD,S,L->R,0
HUD,S,C->L,0
HUD,S,C->C,1
HUD,S,C->R,0
HUD,S,R->L,0
HUD,S,R->C,0
HUD,S,R->R,0
HUD,S,L->L,0
HUD,S,L->C,0
HUD,S,L->R,0
HUD,S,C->L,0
HUD,S,C->C,1
HUD,S,C->R,0
HUD,S,R->L,0
HUD,S,R->C,0
HUD,S,R->R,0
HUD,S,L->L,0.5
HUD,S,L->C,0.5
HUD,S,L->R,0
HUD,S,C->L,0.1333333333333333
HUD,S,C->C,0.73333333333333328
HUD,S,C->R,0.1333333333333333
HUD,S,R->L,0
HUD,S,R->C,0.66666666666666663
HUD,S,R->R,0.33333333333333331
HUD,S,L->L,0
HUD,S,L->C,1
HUD,S,L->R,0
HUD,S,C->L,0.020833333333333301
HUD,S,C->C,0.9375
HUD,S,C->R,0.041666666666666602
HUD,S,R->L,0
HUD,S,R->C,0.40000000000000002
HUD,S,R->R,0.59999999999999998
HUD,S,L->L,0
HUD,S,L->C,0
HUD,S,L->R,0
HUD,S,C->L,0
HUD,S,C->C,1
HUD,S,C->R,0
HUD,S,R->L,0
HUD,S,R->C,0
HUD,S,R->R,0
HUD,S,L->L,0
HUD,S,L->C,1
HUD,S,L->R,0
HUD,S,C->L,0.1666666666666666
HUD,S,C->C,0.83333333333333337
HUD,S,C->R,0
HUD,S,R->L,0
HUD,S,R->C,0
HUD,S,R->R,0
HUD,S,L->L,0
HUD,S,L->C,1
HUD,S,L->R,0
HUD,S,C->L,0.088235294117646995
HUD,S,C->C,0.91176470588235281
HUD,S,C->R,0
HUD,S,R->L,0
HUD,S,R->C,0
HUD,S,R->R,0
HUD,S,L->L,0
HUD,S,L->C,1
HUD,S,L->R,0
HUD,S,C->L,0.1176470588235294
HUD,S,C->C,0.88235294117647056
HUD,S,C->R,0
HUD,S,R->L,0
HUD,S,R->C,0
HUD,S,R->R,0
HUD,S,L->L,0
HUD,S,L->C,0
HUD,S,L->R,0
HUD,S,C->L,0
HUD,S,C->C,1
HUD,S,C->R,0
HUD,S,R->L,0
HUD,S,R->C,0
HUD,S,R->R,0
HUD,S,L->L,0
HUD,S,L->C,1
HUD,S,L->R,0
HUD,S,C->L,0.083333333333333301
HUD,S,C->C,0.91666666666666663
HUD,S,C->R,0
HUD,S,R->L,0
HUD,S,R->C,0
HUD,S,R->R,0
HUD,S,L->L,0
HUD,S,L->C,0
HUD,S,L->R,0
HUD,S,C->L,0
HUD,S,C->C,1
HUD,S,C->R,0
HUD,S,R->L,0
HUD,S,R->C,0
HUD,S,R->R,0
HUD,S,L->L,0
HUD,S,L->C,0
HUD,S,L->R,0
HUD,S,C->L,0
HUD,S,C->C,1
HUD,S,C->R,0
HUD,S,R->L,0
HUD,S,R->C,0
HUD,S,R->R,0
HUD,S,L->L,0.66666666666666663
HUD,S,L->C,0.33333333333333331
HUD,S,L->R,0
HUD,S,C->L,0.14285714285714279
HUD,S,C->C,0.8571428571428571
HUD,S,C->R,0
HUD,S,R->L,0
HUD,S,R->C,0
HUD,S,R->R,0
HUD,S,L->L,0
HUD,S,L->C,0
HUD,S,L->R,0
HUD,S,C->L,0
HUD,S,C->C,1
HUD,S,C->R,0
HUD,S,R->L,0
HUD,S,R->C,0
HUD,S,R->R,0
HUD,S,L->L,0.5
HUD,S,L->C,0.5
HUD,S,L->R,0
HUD,S,C->L,0.0454545454545454
HUD,S,C->C,0.86363636363636365
HUD,S,C->R,0.090909090909090898
HUD,S,R->L,0
HUD,S,R->C,0.25
HUD,S,R->R,0.75
HUD,S,L->L,0.5
HUD,S,L->C,0.5
HUD,S,L->R,0
HUD,S,C->L,0.071428571428571397
HUD,S,C->C,0.9285714285714286
HUD,S,C->R,0
HUD,S,R->L,0
HUD,S,R->C,0
HUD,S,R->R,0
HUD,S,L->L,0
HUD,S,L->C,0
HUD,S,L->R,0
HUD,S,C->L,0
HUD,S,C->C,0.90909090909090917
HUD,S,C->R,0.090909090909090898
HUD,S,R->L,0
HUD,S,R->C,1
HUD,S,R->R,0
HUD,S,L->L,0
HUD,S,L->C,0
HUD,S,L->R,0
HUD,S,C->L,0
HUD,S,C->C,0.92307692307692324
HUD,S,C->R,0.0769230769230769
HUD,S,R->L,0
HUD,S,R->C,1
HUD,S,R->R,0
HUD,S,L->L,0.5
HUD,S,L->C,0.5
HUD,S,L->R,0
HUD,S,C->L,0.055555555555555497
HUD,S,C->C,0.94444444444444442
HUD,S,C->R,0
HUD,S,R->L,0
HUD,S,R->C,0
HUD,S,R->R,0
HUD,S,L->L,0
HUD,S,L->C,0
HUD,S,L->R,0
HUD,S,C->L,0
HUD,S,C->C,1
HUD,S,C->R,0
HUD,S,R->L,0
HUD,S,R->C,0
HUD,S,R->R,0
HUD,S,L->L,0
HUD,S,L->C,0
HUD,S,L->R,0
HUD,S,C->L,0
HUD,S,C->C,1
HUD,S,C->R,0
HUD,S,R->L,0
HUD,S,R->C,0
HUD,S,R->R,0
HUD,S,L->L,0
HUD,S,L->C,0
HUD,S,L->R,0
HUD,S,C->L,0
HUD,S,C->C,1
HUD,S,C->R,0
HUD,S,R->L,0
HUD,S,R->C,0
HUD,S,R->R,0
HUD,S,L->L,0
HUD,S,L->C,0
HUD,S,L->R,0
HUD,S,C->L,0
HUD,S,C->C,1
HUD,S,C->R,0
HUD,S,R->L,0
HUD,S,R->C,0
HUD,S,R->R,0
HUD,S,L->L,0
HUD,S,L->C,1
HUD,S,L->R,0
HUD,S,C->L,0.052631578947368397
HUD,S,C->C,0.94736842105263164
HUD,S,C->R,0
HUD,S,R->L,0
HUD,S,R->C,0
HUD,S,R->R,0
HUD,S,L->L,0
HUD,S,L->C,0
HUD,S,L->R,0
HUD,S,C->L,0
HUD,S,C->C,1
HUD,S,C->R,0
HUD,S,R->L,0
HUD,S,R->C,0
HUD,S,R->R,0
HUD,S,L->L,0
HUD,S,L->C,1
HUD,S,L->R,0
HUD,S,C->L,0.048780487804878002
HUD,S,C->C,0.95121951219512202
HUD,S,C->R,0
HUD,S,R->L,0
HUD,S,R->C,0
HUD,S,R->R,0
HUD,S,L->L,0
HUD,S,L->C,1
HUD,S,L->R,0
HUD,S,C->L,0.055555555555555497
HUD,S,C->C,0.88888888888888884
HUD,S,C->R,0.055555555555555497
HUD,S,R->L,0
HUD,S,R->C,1
HUD,S,R->R,0
HUD,S,L->L,0
HUD,S,L->C,0
HUD,S,L->R,0
HUD,S,C->L,0
HUD,S,C->C,0.95238095238095244
HUD,S,C->R,0.047619047619047603
HUD,S,R->L,0
HUD,S,R->C,0.5
HUD,S,R->R,0.5
HUD,S,L->L,0
HUD,S,L->C,1
HUD,S,L->R,0
HUD,S,C->L,0
HUD,S,C->C,1
HUD,S,C->R,0
HUD,S,R->L,0
HUD,S,R->C,0
HUD,S,R->R,0
HUD,S,L->L,0.80000000000000004
HUD,S,L->C,0.20000000000000001
HUD,S,L->R,0
HUD,S,C->L,0.25
HUD,S,C->C,0.75
HUD,S,C->R,0
HUD,S,R->L,0
HUD,S,R->C,0
HUD,S,R->R,0
HUD,S,L->L,0
HUD,S,L->C,0
HUD,S,L->R,0
HUD,S,C->L,0
HUD,S,C->C,1
HUD,S,C->R,0
HUD,S,R->L,0
HUD,S,R->C,0
HUD,S,R->R,0
HUD,S,L->L,0
HUD,S,L->C,0
HUD,S,L->R,0
HUD,S,C->L,0
HUD,S,C->C,1
HUD,S,C->R,0
HUD,S,R->L,0
HUD,S,R->C,0
HUD,S,R->R,0
HUD,S,L->L,0
HUD,S,L->C,1
HUD,S,L->R,0
HUD,S,C->L,0.047619047619047603
HUD,S,C->C,0.95238095238095244
HUD,S,C->R,0
HUD,S,R->L,0
HUD,S,R->C,0
HUD,S,R->R,0
HUD,S,L->L,0.3529411764705882
HUD,S,L->C,0.6470588235294118
HUD,S,L->R,0
HUD,S,C->L,0.22727272727272721
HUD,S,C->C,0.72727272727272729
HUD,S,C->R,0.0454545454545454
HUD,S,R->L,0.20000000000000001
HUD,S,R->C,0.20000000000000001
HUD,S,R->R,0.59999999999999998
HUD,S,L->L,0
HUD,S,L->C,0
HUD,S,L->R,0
HUD,S,C->L,0
HUD,S,C->C,1
HUD,S,C->R,0
HUD,S,R->L,0
HUD,S,R->C,0
HUD,S,R->R,0
HUD,S,L->L,0
HUD,S,L->C,0
HUD,S,L->R,0
HUD,S,C->L,0
HUD,S,C->C,1
HUD,S,C->R,0
HUD,S,R->L,0
HUD,S,R->C,0
HUD,S,R->R,0
HUD,S,L->L,0
HUD,S,L->C,1
HUD,S,L->R,0
HUD,S,C->L,0.074074074074074001
HUD,S,C->C,0.92592592592592604
HUD,S,C->R,0
HUD,S,R->L,0
HUD,S,R->C,0
HUD,S,R->R,0
HUD,S,L->L,0
HUD,S,L->C,0
HUD,S,L->R,0
HUD,S,C->L,0
HUD,S,C->C,0.95121951219512202
HUD,S,C->R,0.048780487804878002
HUD,S,R->L,0
HUD,S,R->C,0.66666666666666663
HUD,S,R->R,0.33333333333333331
HUD,S,L->L,0
HUD,S,L->C,0
HUD,S,L->R,0
HUD,S,C->L,0
HUD,S,C->C,0.90909090909090917
HUD,S,C->R,0.090909090909090898
HUD,S,R->L,0
HUD,S,R->C,1
HUD,S,R->R,0
HUD,S,L->L,0
HUD,S,L->C,0
HUD,S,L->R,0
HUD,S,C->L,0
HUD,S,C->C,1
HUD,S,C->R,0
HUD,S,R->L,0
HUD,S,R->C,1
HUD,S,R->R,0
HUD,S,L->L,0
HUD,S,L->C,0
HUD,S,L->R,0
HUD,S,C->L,0
HUD,S,C->C,1
HUD,S,C->R,0
HUD,S,R->L,0
HUD,S,R->C,0
HUD,S,R->R,0
HUD,S,L->L,0
HUD,S,L->C,0
HUD,S,L->R,0
HUD,S,C->L,0
HUD,S,C->C,1
HUD,S,C->R,0
HUD,S,R->L,0
HUD,S,R->C,1
HUD,S,R->R,0
HUD,S,L->L,0
HUD,S,L->C,0
HUD,S,L->R,0
HUD,S,C->L,0
HUD,S,C->C,1
HUD,S,C->R,0
HUD,S,R->L,0
HUD,S,R->C,0
HUD,S,R->R,0
HUD,S,L->L,0
HUD,S,L->C,0
HUD,S,L->R,0
HUD,S,C->L,0
HUD,S,C->C,0.875
HUD,S,C->R,0.125
HUD,S,R->L,0
HUD,S,R->C,0.33333333333333331
HUD,S,R->R,0.66666666666666663
HUD,S,L->L,0
HUD,S,L->C,0
HUD,S,L->R,0
HUD,S,C->L,0
HUD,S,C->C,0.96153846153846156
HUD,S,C->R,0.038461538461538401
HUD,S,R->L,0
HUD,S,R->C,1
HUD,S,R->R,0
HUD,S,L->L,0
HUD,S,L->C,0
HUD,S,L->R,0
HUD,S,C->L,0
HUD,S,C->C,1
HUD,S,C->R,0
HUD,S,R->L,0
HUD,S,R->C,0
HUD,S,R->R,0
HUD,S,L->L,0.59999999999999998
HUD,S,L->C,0.40000000000000002
HUD,S,L->R,0
HUD,S,C->L,0.0471698113207547
HUD,S,C->C,0.929245283018868
HUD,S,C->R,0.023584905660377301
HUD,S,R->L,0.1111111111111111
HUD,S,R->C,0.44444444444444442
HUD,S,R->R,0.44444444444444442
HUD,S,L->L,0
HUD,S,L->C,0
HUD,S,L->R,0
HUD,S,C->L,0
HUD,S,C->C,1
HUD,S,C->R,0
HUD,S,R->L,0
HUD,S,R->C,0
HUD,S,R->R,0
HUD,S,L->L,0
HUD,S,L->C,1
HUD,S,L->R,0
HUD,S,C->L,0.025000000000000001
HUD,S,C->C,0.97499999999999998
HUD,S,C->R,0
HUD,S,R->L,0
HUD,S,R->C,0
HUD,S,R->R,0
HUD,S,L->L,0
HUD,S,L->C,0
HUD,S,L->R,0
HUD,S,C->L,0
HUD,S,C->C,1
HUD,S,C->R,0
HUD,S,R->L,0
HUD,S,R->C,0
HUD,S,R->R,0
HUD,S,L->L,0
HUD,S,L->C,1
HUD,S,L->R,0
HUD,S,C->L,0.096774193548387094
HUD,S,C->C,0.87096774193548387
HUD,S,C->R,0.032258064516128997
HUD,S,R->L,0
HUD,S,R->C,0.66666666666666663
HUD,S,R->R,0.33333333333333331
HUD,S,L->L,0
HUD,S,L->C,0
HUD,S,L->R,0
HUD,S,C->L,0
HUD,S,C->C,1
HUD,S,C->R,0
HUD,S,R->L,0
HUD,S,R->C,0
HUD,S,R->R,0
HUD,S,L->L,0
HUD,S,L->C,0
HUD,S,L->R,0
HUD,S,C->L,0
HUD,S,C->C,0.875
HUD,S,C->R,0.125
HUD,S,R->L,0
HUD,S,R->C,1
HUD,S,R->R,0
HUD,S,L->L,0
HUD,S,L->C,0
HUD,S,L->R,0
HUD,S,C->L,0.043478260869565202
HUD,S,C->C,0.91304347826086962
HUD,S,C->R,0.043478260869565202
HUD,S,R->L,0
HUD,S,R->C,1
HUD,S,R->R,0
HUD,S,L->L,1
HUD,S,L->C,0
HUD,S,L->R,0
HUD,S,C->L,0.058823529411764698
HUD,S,C->C,0.94117647058823517
HUD,S,C->R,0
HUD,S,R->L,0
HUD,S,R->C,0
HUD,S,R->R,0
HUD,S,L->L,0
HUD,S,L->C,0
HUD,S,L->R,0
HUD,S,C->L,0
HUD,S,C->C,1
HUD,S,C->R,0
HUD,S,R->L,0
HUD,S,R->C,0
HUD,S,R->R,0
HUD,S,L->L,0
HUD,S,L->C,0
HUD,S,L->R,0
HUD,S,C->L,0
HUD,S,C->C,1
HUD,S,C->R,0
HUD,S,R->L,0
HUD,S,R->C,0
HUD,S,R->R,0
HUD,S,L->L,0
HUD,S,L->C,1
HUD,S,L->R,0
HUD,S,C->L,0.035714285714285698
HUD,S,C->C,0.9285714285714286
HUD,S,C->R,0.035714285714285698
HUD,S,R->L,0
HUD,S,R->C,0.33333333333333331
HUD,S,R->R,0.66666666666666663
HUD,S,L->L,0
HUD,S,L->C,0
HUD,S,L->R,0
HUD,S,C->L,0
HUD,S,C->C,1
HUD,S,C->R,0
HUD,S,R->L,0
HUD,S,R->C,0
HUD,S,R->R,0
HUD,S,L->L,0
HUD,S,L->C,1
HUD,S,L->R,0
HUD,S,C->L,0.035714285714285698
HUD,S,C->C,0.96428571428571441
HUD,S,C->R,0
HUD,S,R->L,0
HUD,S,R->C,0
HUD,S,R->R,0
HUD,S,L->L,0
HUD,S,L->C,0
HUD,S,L->R,0
HUD,S,C->L,0
HUD,S,C->C,1
HUD,S,C->R,0
HUD,S,R->L,0
HUD,S,R->C,0
HUD,S,R->R,0
HUD,S,L->L,0
HUD,S,L->C,0
HUD,S,L->R,0
HUD,S,C->L,0
HUD,S,C->C,1
HUD,S,C->R,0
HUD,S,R->L,0
HUD,S,R->C,0
HUD,S,R->R,0
HUD,S,L->L,0
HUD,S,L->C,0
HUD,S,L->R,0
HUD,S,C->L,0
HUD,S,C->C,1
HUD,S,C->R,0
HUD,S,R->L,0
HUD,S,R->C,0
HUD,S,R->R,0
HUD,S,L->L,0
HUD,S,L->C,0
HUD,S,L->R,0
HUD,S,C->L,0.052631578947368397
HUD,S,C->C,0.94736842105263164
HUD,S,C->R,0
HUD,S,R->L,0
HUD,S,R->C,0
HUD,S,R->R,0
HUD,S,L->L,0
HUD,S,L->C,1
HUD,S,L->R,0
HUD,S,C->L,0.0163934426229508
HUD,S,C->C,0.93442622950819676
HUD,S,C->R,0.049180327868852403
HUD,S,R->L,0
HUD,S,R->C,0.5714285714285714
HUD,S,R->R,0.42857142857142849
HUD,S,L->L,0
HUD,S,L->C,0
HUD,S,L->R,0
HUD,S,C->L,0
HUD,S,C->C,1
HUD,S,C->R,0
HUD,S,R->L,0
HUD,S,R->C,0
HUD,S,R->R,0
HUD,S,L->L,0
HUD,S,L->C,1
HUD,S,L->R,0
HUD,S,C->L,0.33333333333333331
HUD,S,C->C,0.66666666666666663
HUD,S,C->R,0
HUD,S,R->L,0
HUD,S,R->C,0.25
HUD,S,R->R,0.75
HUD,S,L->L,0
HUD,S,L->C,0
HUD,S,L->R,0
HUD,S,C->L,0
HUD,S,C->C,1
HUD,S,C->R,0
HUD,S,R->L,0
HUD,S,R->C,0
HUD,S,R->R,0
HUD,S,L->L,0
HUD,S,L->C,0
HUD,S,L->R,0
HUD,S,C->L,0
HUD,S,C->C,1
HUD,S,C->R,0
HUD,S,R->L,0
HUD,S,R->C,0
HUD,S,R->R,0
HUD,S,L->L,0
HUD,S,L->C,0
HUD,S,L->R,0
HUD,S,C->L,0
HUD,S,C->C,0.88235294117647056
HUD,S,C->R,0.1176470588235294
HUD,S,R->L,0
HUD,S,R->C,1
HUD,S,R->R,0
HUD,S,L->L,0
HUD,S,L->C,0
HUD,S,L->R,0
HUD,S,C->L,0
HUD,S,C->C,1
HUD,S,C->R,0
HUD,S,R->L,0
HUD,S,R->C,0
HUD,S,R->R,0
HUD,S,L->L,0
HUD,S,L->C,0
HUD,S,L->R,0
HUD,S,C->L,0
HUD,S,C->C,1
HUD,S,C->R,0
HUD,S,R->L,0
HUD,S,R->C,0
HUD,S,R->R,0
HUD,S,L->L,0
HUD,S,L->C,0
HUD,S,L->R,0
HUD,S,C->L,0
HUD,S,C->C,1
HUD,S,C->R,0
HUD,S,R->L,0
HUD,S,R->C,0
HUD,S,R->R,0
HUD,S,L->L,0
HUD,S,L->C,0
HUD,S,L->R,0
HUD,S,C->L,0
HUD,S,C->C,0.81818181818181823
HUD,S,C->R,0.1818181818181818
HUD,S,R->L,0
HUD,S,R->C,0.59999999999999998
HUD,S,R->R,0.40000000000000002
HUD,S,L->L,0
HUD,S,L->C,0
HUD,S,L->R,0
HUD,S,C->L,0
HUD,S,C->C,1
HUD,S,C->R,0
HUD,S,R->L,0
HUD,S,R->C,0
HUD,S,R->R,0
HUD,S,L->L,0
HUD,S,L->C,1
HUD,S,L->R,0
HUD,S,C->L,0.010638297872340399
HUD,S,C->C,0.96808510638297884
HUD,S,C->R,0.021276595744680799
HUD,S,R->L,0
HUD,S,R->C,1
HUD,S,R->R,0
HUD,S,L->L,0
HUD,S,L->C,0
HUD,S,L->R,0
HUD,S,C->L,0
HUD,S,C->C,1
HUD,S,C->R,0
HUD,S,R->L,0
HUD,S,R->C,0
HUD,S,R->R,0
HUD,S,L->L,0
HUD,S,L->C,0
HUD,S,L->R,0
HUD,S,C->L,0
HUD,S,C->C,1
HUD,S,C->R,0
HUD,S,R->L,0
HUD,S,R->C,0
HUD,S,R->R,0
HUD,S,L->L,0
HUD,S,L->C,0
HUD,S,L->R,0
HUD,S,C->L,0
HUD,S,C->C,1
HUD,S,C->R,0
HUD,S,R->L,0
HUD,S,R->C,0
HUD,S,R->R,0
HUD,S,L->L,0
HUD,S,L->C,0
HUD,S,L->R,0
HUD,S,C->L,0
HUD,S,C->C,1
HUD,S,C->R,0
HUD,S,R->L,0
HUD,S,R->C,0
HUD,S,R->R,0
HUD,S,L->L,0
HUD,S,L->C,0
HUD,S,L->R,0
HUD,S,C->L,0
HUD,S,C->C,1
HUD,S,C->R,0
HUD,S,R->L,0
HUD,S,R->C,0
HUD,S,R->R,0
HUD,S,L->L,0.83333333333333337
HUD,S,L->C,0.1666666666666666
HUD,S,L->R,0
HUD,S,C->L,0.0046728971962616004
HUD,S,C->C,0.99532710280373837
HUD,S,C->R,0
HUD,S,R->L,0
HUD,S,R->C,0
HUD,S,R->R,0
HUD,S,L->L,0
HUD,S,L->C,0
HUD,S,L->R,0
HUD,S,C->L,0
HUD,S,C->C,1
HUD,S,C->R,0
HUD,S,R->L,0
HUD,S,R->C,0
HUD,S,R->R,0
HUD,S,L->L,0
HUD,S,L->C,0
HUD,S,L->R,0
HUD,S,C->L,0
HUD,S,C->C,1
HUD,S,C->R,0
HUD,S,R->L,0
HUD,S,R->C,0
HUD,S,R->R,0
HUD,S,L->L,0
HUD,S,L->C,0
HUD,S,L->R,0
HUD,S,C->L,0
HUD,S,C->C,1
HUD,S,C->R,0
HUD,S,R->L,0
HUD,S,R->C,0
HUD,S,R->R,0
HUD,S,L->L,0
HUD,S,L->C,0
HUD,S,L->R,0
HUD,S,C->L,0
HUD,S,C->C,1
HUD,S,C->R,0
HUD,S,R->L,0
HUD,S,R->C,0
HUD,S,R->R,0
HUD,S,L->L,0
HUD,S,L->C,0
HUD,S,L->R,0
HUD,S,C->L,0
HUD,S,C->C,1
HUD,S,C->R,0
HUD,S,R->L,0
HUD,S,R->C,0
HUD,S,R->R,0
HUD,S,L->L,0
HUD,S,L->C,0
HUD,S,L->R,0
HUD,S,C->L,0
HUD,S,C->C,1
HUD,S,C->R,0
HUD,S,R->L,0
HUD,S,R->C,0
HUD,S,R->R,0
HUD,S,L->L,0
HUD,S,L->C,0
HUD,S,L->R,0
HUD,S,C->L,0
HUD,S,C->C,1
HUD,S,C->R,0
HUD,S,R->L,0
HUD,S,R->C,0
HUD,S,R->R,0
HUD,S,L->L,0
HUD,S,L->C,0
HUD,S,L->R,0
HUD,S,C->L,0
HUD,S,C->C,1
HUD,S,C->R,0
HUD,S,R->L,0
HUD,S,R->C,0
HUD,S,R->R,0
HUD,S,L->L,0
HUD,S,L->C,0
HUD,S,L->R,0
HUD,S,C->L,0
HUD,S,C->C,1
HUD,S,C->R,0
HUD,S,R->L,0
HUD,S,R->C,0
HUD,S,R->R,0
HUD,S,L->L,0.33333333333333331
HUD,S,L->C,0.66666666666666663
HUD,S,L->R,0
HUD,S,C->L,0.032786885245901599
HUD,S,C->C,0.9508196721311476
HUD,S,C->R,0.0163934426229508
HUD,S,R->L,0
HUD,S,R->C,1
HUD,S,R->R,0
HUD,S,L->L,0.33333333333333331
HUD,S,L->C,0.66666666666666663
HUD,S,L->R,0
HUD,S,C->L,0.10526315789473679
HUD,S,C->C,0.89473684210526316
HUD,S,C->R,0
HUD,S,R->L,0
HUD,S,R->C,0
HUD,S,R->R,0
HUD,S,L->L,0
HUD,S,L->C,0
HUD,S,L->R,0
HUD,S,C->L,0
HUD,S,C->C,1
HUD,S,C->R,0
HUD,S,R->L,0
HUD,S,R->C,0
HUD,S,R->R,0
HUD,S,L->L,1
HUD,S,L->C,0
HUD,S,L->R,0
HUD,S,C->L,0.125
HUD,S,C->C,0.875
HUD,S,C->R,0
HUD,S,R->L,0
HUD,S,R->C,0
HUD,S,R->R,0
HUD,S,L->L,0
HUD,S,L->C,0
HUD,S,L->R,0
HUD,S,C->L,0
HUD,S,C->C,0.96153846153846156
HUD,S,C->R,0.038461538461538401
HUD,S,R->L,0
HUD,S,R->C,1
HUD,S,R->R,0
HUD,S,L->L,0
HUD,S,L->C,0
HUD,S,L->R,0
HUD,S,C->L,0
HUD,S,C->C,1
HUD,S,C->R,0
HUD,S,R->L,0
HUD,S,R->C,0
HUD,S,R->R,0
HUD,S,L->L,0.5
HUD,S,L->C,0.5
HUD,S,L->R,0
HUD,S,C->L,0.034482758620689599
HUD,S,C->C,0.96551724137931039
HUD,S,C->R,0
HUD,S,R->L,0
HUD,S,R->C,0
HUD,S,R->R,0
HUD,S,L->L,0
HUD,S,L->C,0
HUD,S,L->R,0
HUD,S,C->L,0
HUD,S,C->C,0.97916666666666663
HUD,S,C->R,0.020833333333333301
HUD,S,R->L,0
HUD,S,R->C,1
HUD,S,R->R,0
HUD,S,L->L,0
HUD,S,L->C,0
HUD,S,L->R,0
HUD,S,C->L,0
HUD,S,C->C,0
HUD,S,C->R,0
HUD,S,R->L,0
HUD,S,R->C,0
HUD,S,R->R,0
HUD,S,L->L,0
HUD,S,L->C,0
HUD,S,L->R,0
HUD,S,C->L,0
HUD,S,C->C,1
HUD,S,C->R,0
HUD,S,R->L,0
HUD,S,R->C,0
HUD,S,R->R,0
HUD,S,L->L,0
HUD,S,L->C,0
HUD,S,L->R,0
HUD,S,C->L,0
HUD,S,C->C,1
HUD,S,C->R,0
HUD,S,R->L,0
HUD,S,R->C,0
HUD,S,R->R,0
HUD,S,L->L,0
HUD,S,L->C,0
HUD,S,L->R,0
HUD,S,C->L,0
HUD,S,C->C,1
HUD,S,C->R,0
HUD,S,R->L,0
HUD,S,R->C,0
HUD,S,R->R,0
HUD,S,L->L,0
HUD,S,L->C,0
HUD,S,L->R,0
HUD,S,C->L,0
HUD,S,C->C,1
HUD,S,C->R,0
HUD,S,R->L,0
HUD,S,R->C,0
HUD,S,R->R,0
HUD,S,L->L,0
HUD,S,L->C,0
HUD,S,L->R,0
HUD,S,C->L,0
HUD,S,C->C,1
HUD,S,C->R,0
HUD,S,R->L,0
HUD,S,R->C,0
HUD,S,R->R,0
HUD,S,L->L,0
HUD,S,L->C,0
HUD,S,L->R,0
HUD,S,C->L,0
HUD,S,C->C,1
HUD,S,C->R,0
HUD,S,R->L,0
HUD,S,R->C,0
HUD,S,R->R,0
HUD,S,L->L,0
HUD,S,L->C,1
HUD,S,L->R,0
HUD,S,C->L,0.0294117647058823
HUD,S,C->C,0.97058823529411764
HUD,S,C->R,0
HUD,S,R->L,0
HUD,S,R->C,0
HUD,S,R->R,0
HUD,S,L->L,0
HUD,S,L->C,0
HUD,S,L->R,0
HUD,S,C->L,0
HUD,S,C->C,1
HUD,S,C->R,0
HUD,S,R->L,0
HUD,S,R->C,0
HUD,S,R->R,0
HUD,S,L->L,0
HUD,S,L->C,0
HUD,S,L->R,0
HUD,S,C->L,0
HUD,S,C->C,1
HUD,S,C->R,0
HUD,S,R->L,0
HUD,S,R->C,0
HUD,S,R->R,0
HUD,S,L->L,0
HUD,S,L->C,1
HUD,S,L->R,0
HUD,S,C->L,0.1111111111111111
HUD,S,C->C,0.88888888888888884
HUD,S,C->R,0
HUD,S,R->L,0
HUD,S,R->C,0
HUD,S,R->R,0
HUD,S,L->L,0
HUD,S,L->C,0
HUD,S,L->R,0
HUD,S,C->L,0
HUD,S,C->C,0.9285714285714286
HUD,S,C->R,0.071428571428571397
HUD,S,R->L,0
HUD,S,R->C,1
HUD,S,R->R,0
HUD,S,L->L,0
HUD,S,L->C,0
HUD,S,L->R,0
HUD,S,C->L,0
HUD,S,C->C,1
HUD,S,C->R,0
HUD,S,R->L,0
HUD,S,R->C,0
HUD,S,R->R,0
HUD,S,L->L,0
HUD,S,L->C,0
HUD,S,L->R,0
HUD,S,C->L,0
HUD,S,C->C,0.90909090909090917
HUD,S,C->R,0.090909090909090898
HUD,S,R->L,0
HUD,S,R->C,0
HUD,S,R->R,1
HUD,S,L->L,0
HUD,S,L->C,0
HUD,S,L->R,0
HUD,S,C->L,0
HUD,S,C->C,1
HUD,S,C->R,0
HUD,S,R->L,0
HUD,S,R->C,0
HUD,S,R->R,0
HUD,S,L->L,0
HUD,S,L->C,1
HUD,S,L->R,0
HUD,S,C->L,0.040000000000000001
HUD,S,C->C,0.92000000000000004
HUD,S,C->R,0.040000000000000001
HUD,S,R->L,0
HUD,S,R->C,1
HUD,S,R->R,0
HUD,S,L->L,0
HUD,S,L->C,0
HUD,S,L->R,0
HUD,S,C->L,0
HUD,S,C->C,1
HUD,S,C->R,0
HUD,S,R->L,0
HUD,S,R->C,0
HUD,S,R->R,0
HUD,S,L->L,0
HUD,S,L->C,0
HUD,S,L->R,0
HUD,S,C->L,0
HUD,S,C->C,1
HUD,S,C->R,0
HUD,S,R->L,0
HUD,S,R->C,1
HUD,S,R->R,0
HUD,S,L->L,0
HUD,S,L->C,1
HUD,S,L->R,0
HUD,S,C->L,0.027027027027027001
HUD,S,C->C,0.97297297297297303
HUD,S,C->R,0
HUD,S,R->L,0
HUD,S,R->C,0
HUD,S,R->R,0
HUD,S,L->L,0
HUD,S,L->C,0
HUD,S,L->R,0
HUD,S,C->L,0
HUD,S,C->C,1
HUD,S,C->R,0
HUD,S,R->L,0
HUD,S,R->C,0
HUD,S,R->R,0
HUD,S,L->L,0
HUD,S,L->C,1
HUD,S,L->R,0
HUD,S,C->L,0.0625
HUD,S,C->C,0.9375
HUD,S,C->R,0
HUD,S,R->L,0
HUD,S,R->C,0
HUD,S,R->R,0
HUD,S,L->L,0.5
HUD,S,L->C,0.5
HUD,S,L->R,0
HUD,S,C->L,0.0294117647058823
HUD,S,C->C,0.97058823529411764
HUD,S,C->R,0
HUD,S,R->L,0
HUD,S,R->C,0
HUD,S,R->R,0
HUD,S,L->L,0
HUD,S,L->C,0
HUD,S,L->R,0
HUD,S,C->L,0
HUD,S,C->C,1
HUD,S,C->R,0
HUD,S,R->L,0
HUD,S,R->C,0
HUD,S,R->R,0
HUD,S,L->L,0
HUD,S,L->C,0
HUD,S,L->R,0
HUD,S,C->L,0
HUD,S,C->C,0.93333333333333324
HUD,S,C->R,0.066666666666666596
HUD,S,R->L,0
HUD,S,R->C,0.5
HUD,S,R->R,0.5
HUD,S,L->L,0
HUD,S,L->C,0
HUD,S,L->R,0
HUD,S,C->L,0
HUD,S,C->C,1
HUD,S,C->R,0
HUD,S,R->L,0
HUD,S,R->C,0
HUD,S,R->R,0
HUD,S,L->L,0
HUD,S,L->C,0
HUD,S,L->R,0
HUD,S,C->L,0
HUD,S,C->C,0.80000000000000004
HUD,S,C->R,0.20000000000000001
HUD,S,R->L,0
HUD,S,R->C,1
HUD,S,R->R,0
HUD,S,L->L,0
HUD,S,L->C,0
HUD,S,L->R,0
HUD,S,C->L,0
HUD,S,C->C,1
HUD,S,C->R,0
HUD,S,R->L,0
HUD,S,R->C,0
HUD,S,R->R,0
HUD,S,L->L,0
HUD,S,L->C,0
HUD,S,L->R,0
HUD,S,C->L,0
HUD,S,C->C,1
HUD,S,C->R,0
HUD,S,R->L,0
HUD,S,R->C,0
HUD,S,R->R,0
HUD,S,L->L,0
HUD,S,L->C,0
HUD,S,L->R,0
HUD,S,C->L,0
HUD,S,C->C,1
HUD,S,C->R,0
HUD,S,R->L,0
HUD,S,R->C,0
HUD,S,R->R,0
HUD,S,L->L,0
HUD,S,L->C,0
HUD,S,L->R,0
HUD,S,C->L,0
HUD,S,C->C,1
HUD,S,C->R,0
HUD,S,R->L,0
HUD,S,R->C,0
HUD,S,R->R,0
HUD,S,L->L,0
HUD,S,L->C,0
HUD,S,L->R,0
HUD,S,C->L,0
HUD,S,C->C,0.97959183673469397
HUD,S,C->R,0.0204081632653061
HUD,S,R->L,0
HUD,S,R->C,1
HUD,S,R->R,0
HUD,S,L->L,0
HUD,S,L->C,0
HUD,S,L->R,0
HUD,S,C->L,0
HUD,S,C->C,0.93333333333333324
HUD,S,C->R,0.066666666666666596
HUD,S,R->L,0
HUD,S,R->C,0.5
HUD,S,R->R,0.5
HUD,S,L->L,0
HUD,S,L->C,0
HUD,S,L->R,0
HUD,S,C->L,0
HUD,S,C->C,0.97674418604651159
HUD,S,C->R,0.023255813953488299
HUD,S,R->L,0
HUD,S,R->C,1
HUD,S,R->R,0
HUD,S,L->L,0
HUD,S,L->C,1
HUD,S,L->R,0
HUD,S,C->L,0.125
HUD,S,C->C,0.875
HUD,S,C->R,0
HUD,S,R->L,0
HUD,S,R->C,1
HUD,S,R->R,0
HUD,S,L->L,0
HUD,S,L->C,1
HUD,S,L->R,0
HUD,S,C->L,0.0099009900990098994
HUD,S,C->C,0.99009900990098998
HUD,S,C->R,0
HUD,S,R->L,0
HUD,S,R->C,0
HUD,S,R->R,0
HUD,S,L->L,0
HUD,S,L->C,0
HUD,S,L->R,0
HUD,S,C->L,0
HUD,S,C->C,1
HUD,S,C->R,0
HUD,S,R->L,0
HUD,S,R->C,0
HUD,S,R->R,0
HUD,S,L->L,0
HUD,S,L->C,0
HUD,S,L->R,0
HUD,S,C->L,0
HUD,S,C->C,1
HUD,S,C->R,0
HUD,S,R->L,0
HUD,S,R->C,0
HUD,S,R->R,0
HUD,S,L->L,0
HUD,S,L->C,0
HUD,S,L->R,0
HUD,S,C->L,0
HUD,S,C->C,1
HUD,S,C->R,0
HUD,S,R->L,0
HUD,S,R->C,0
HUD,S,R->R,0
HUD,S,L->L,0
HUD,S,L->C,0
HUD,S,L->R,0
HUD,S,C->L,0
HUD,S,C->C,1
HUD,S,C->R,0
HUD,S,R->L,0
HUD,S,R->C,0
HUD,S,R->R,0
HUD,S,L->L,0
HUD,S,L->C,0
HUD,S,L->R,0
HUD,S,C->L,0
HUD,S,C->C,1
HUD,S,C->R,0
HUD,S,R->L,0
HUD,S,R->C,0
HUD,S,R->R,0
HUD,S,L->L,0.5
HUD,S,L->C,0.5
HUD,S,L->R,0
HUD,S,C->L,0.035714285714285698
HUD,S,C->C,0.96428571428571441
HUD,S,C->R,0
HUD,S,R->L,0
HUD,S,R->C,0
HUD,S,R->R,0
HUD,S,L->L,0
HUD,S,L->C,0
HUD,S,L->R,0
HUD,S,C->L,0
HUD,S,C->C,1
HUD,S,C->R,0
HUD,S,R->L,0
HUD,S,R->C,0
HUD,S,R->R,0
HUD,S,L->L,0
HUD,S,L->C,0
HUD,S,L->R,0
HUD,S,C->L,0
HUD,S,C->C,1
HUD,S,C->R,0
HUD,S,R->L,0
HUD,S,R->C,0
HUD,S,R->R,0
HUD,S,L->L,0
HUD,S,L->C,0
HUD,S,L->R,0
HUD,S,C->L,0
HUD,S,C->C,1
HUD,S,C->R,0
HUD,S,R->L,0
HUD,S,R->C,0
HUD,S,R->R,0
HUD,S,L->L,0
HUD,S,L->C,0
HUD,S,L->R,0
HUD,S,C->L,0
HUD,S,C->C,1
HUD,S,C->R,0
HUD,S,R->L,0
HUD,S,R->C,0
HUD,S,R->R,0
HUD,S,L->L,0
HUD,S,L->C,0
HUD,S,L->R,0
HUD,S,C->L,0
HUD,S,C->C,0.875
HUD,S,C->R,0.125
HUD,S,R->L,0
HUD,S,R->C,0.75
HUD,S,R->R,0.25
HUD,S,L->L,0
HUD,S,L->C,0
HUD,S,L->R,0
HUD,S,C->L,0
HUD,S,C->C,1
HUD,S,C->R,0
HUD,S,R->L,0
HUD,S,R->C,0
HUD,S,R->R,0
HUD,S,L->L,0.5
HUD,S,L->C,0.5
HUD,S,L->R,0
HUD,S,C->L,0.041666666666666602
HUD,S,C->C,0.95833333333333337
HUD,S,C->R,0
HUD,S,R->L,0
HUD,S,R->C,0
HUD,S,R->R,0
HUD,S,L->L,0.40000000000000002
HUD,S,L->C,0.59999999999999998
HUD,S,L->R,0
HUD,S,C->L,0.072727272727272696
HUD,S,C->C,0.90909090909090917
HUD,S,C->R,0.018181818181818101
HUD,S,R->L,0
HUD,S,R->C,0.5
HUD,S,R->R,0.5
HUD,S,L->L,0
HUD,S,L->C,1
HUD,S,L->R,0
HUD,S,C->L,0.0454545454545454
HUD,S,C->C,0.95454545454545459
HUD,S,C->R,0
HUD,S,R->L,0
HUD,S,R->C,0
HUD,S,R->R,0
HUD,S,L->L,0.5
HUD,S,L->C,0.5
HUD,S,L->R,0
HUD,S,C->L,0.25
HUD,S,C->C,0.75
HUD,S,C->R,0
HUD,S,R->L,0
HUD,S,R->C,0
HUD,S,R->R,0
HUD,S,L->L,0
HUD,S,L->C,0
HUD,S,L->R,0
HUD,S,C->L,0
HUD,S,C->C,0.91666666666666663
HUD,S,C->R,0.083333333333333301
HUD,S,R->L,0
HUD,S,R->C,1
HUD,S,R->R,0
HUD,S,L->L,0.5
HUD,S,L->C,0.5
HUD,S,L->R,0
HUD,S,C->L,0.025641025641025599
HUD,S,C->C,0.97435897435897445
HUD,S,C->R,0
HUD,S,R->L,0
HUD,S,R->C,0
HUD,S,R->R,0
HUD,S,L->L,0
HUD,S,L->C,0
HUD,S,L->R,0
HUD,S,C->L,0
HUD,S,C->C,0.83333333333333337
HUD,S,C->R,0.1666666666666666
HUD,S,R->L,0
HUD,S,R->C,1
HUD,S,R->R,0
HUD,S,L->L,0
HUD,S,L->C,0
HUD,S,L->R,0
HUD,S,C->L,0
HUD,S,C->C,1
HUD,S,C->R,0
HUD,S,R->L,0
HUD,S,R->C,0
HUD,S,R->R,0
HUD,S,L->L,0
HUD,S,L->C,0
HUD,S,L->R,0
HUD,S,C->L,0
HUD,S,C->C,1
HUD,S,C->R,0
HUD,S,R->L,0
HUD,S,R->C,0
HUD,S,R->R,0
HUD,S,L->L,0
HUD,S,L->C,0
HUD,S,L->R,0
HUD,S,C->L,0
HUD,S,C->C,1
HUD,S,C->R,0
HUD,S,R->L,0
HUD,S,R->C,0
HUD,S,R->R,0
HUD,S,L->L,0
HUD,S,L->C,0
HUD,S,L->R,0
HUD,S,C->L,0
HUD,S,C->C,1
HUD,S,C->R,0
HUD,S,R->L,0
HUD,S,R->C,0
HUD,S,R->R,0
HUD,S,L->L,0
HUD,S,L->C,0
HUD,S,L->R,0
HUD,S,C->L,0
HUD,S,C->C,0.92000000000000004
HUD,S,C->R,0.080000000000000002
HUD,S,R->L,0
HUD,S,R->C,1
HUD,S,R->R,0
HUD,S,L->L,0.25
HUD,S,L->C,0.75
HUD,S,L->R,0
HUD,S,C->L,0.0163934426229508
HUD,S,C->C,0.9508196721311476
HUD,S,C->R,0.032786885245901599
HUD,S,R->L,0
HUD,S,R->C,0.66666666666666663
HUD,S,R->R,0.33333333333333331
HUD,S,L->L,0
HUD,S,L->C,0
HUD,S,L->R,0
HUD,S,C->L,0
HUD,S,C->C,1
HUD,S,C->R,0
HUD,S,R->L,0
HUD,S,R->C,1
HUD,S,R->R,0
HUD,S,L->L,0
HUD,S,L->C,0
HUD,S,L->R,0
HUD,S,C->L,0
HUD,S,C->C,1
HUD,S,C->R,0
HUD,S,R->L,0
HUD,S,R->C,0
HUD,S,R->R,0
HUD,S,L->L,0.5
HUD,S,L->C,0.5
HUD,S,L->R,0
HUD,S,C->L,0.043478260869565202
HUD,S,C->C,0.91304347826086962
HUD,S,C->R,0.043478260869565202
HUD,S,R->L,0
HUD,S,R->C,1
HUD,S,R->R,0
HUD,S,L->L,0
HUD,S,L->C,0
HUD,S,L->R,0
HUD,S,C->L,0
HUD,S,C->C,1
HUD,S,C->R,0
HUD,S,R->L,0
HUD,S,R->C,0
HUD,S,R->R,0
HUD,S,L->L,0.80000000000000004
HUD,S,L->C,0.20000000000000001
HUD,S,L->R,0
HUD,S,C->L,0.050000000000000003
HUD,S,C->C,0.84999999999999998
HUD,S,C->R,0.10000000000000001
HUD,S,R->L,0
HUD,S,R->C,0.66666666666666663
HUD,S,R->R,0.33333333333333331
HUD,S,L->L,0
HUD,S,L->C,0
HUD,S,L->R,0
HUD,S,C->L,0
HUD,S,C->C,1
HUD,S,C->R,0
HUD,S,R->L,0
HUD,S,R->C,0
HUD,S,R->R,0
HUD,S,L->L,0.1666666666666666
HUD,S,L->C,0.83333333333333337
HUD,S,L->R,0
HUD,S,C->L,0.19230769230769229
HUD,S,C->C,0.69230769230769229
HUD,S,C->R,0.11538461538461529
HUD,S,R->L,0
HUD,S,R->C,0.59999999999999998
HUD,S,R->R,0.40000000000000002
HUD,S,L->L,0
HUD,S,L->C,0
HUD,S,L->R,0
HUD,S,C->L,0
HUD,S,C->C,0.90909090909090917
HUD,S,C->R,0.090909090909090898
HUD,S,R->L,0
HUD,S,R->C,0.40000000000000002
HUD,S,R->R,0.59999999999999998
HUD,S,L->L,0.25
HUD,S,L->C,0.75
HUD,S,L->R,0
HUD,S,C->L,0.081081081081081002
HUD,S,C->C,0.86486486486486491
HUD,S,C->R,0.054054054054054002
HUD,S,R->L,0
HUD,S,R->C,0.5
HUD,S,R->R,0.5
HUD,S,L->L,0.5
HUD,S,L->C,0.5
HUD,S,L->R,0
HUD,S,C->L,0.25
HUD,S,C->C,0.75
HUD,S,C->R,0
HUD,S,R->L,0
HUD,S,R->C,0
HUD,S,R->R,0
HUD,S,L->L,0
HUD,S,L->C,0
HUD,S,L->R,0
HUD,S,C->L,0
HUD,S,C->C,1
HUD,S,C->R,0
HUD,S,R->L,0
HUD,S,R->C,1
HUD,S,R->R,0
HUD,S,L->L,0
HUD,S,L->C,1
HUD,S,L->R,0
HUD,S,C->L,0.10000000000000001
HUD,S,C->C,0.90000000000000002
HUD,S,C->R,0
HUD,S,R->L,0
HUD,S,R->C,0
HUD,S,R->R,0
HUD,S,L->L,0
HUD,S,L->C,0
HUD,S,L->R,0
HUD,S,C->L,0
HUD,S,C->C,1
HUD,S,C->R,0
HUD,S,R->L,0
HUD,S,R->C,0
HUD,S,R->R,0
HUD,S,L->L,0.625
HUD,S,L->C,0.25
HUD,S,L->R,0.125
HUD,S,C->L,0.1176470588235294
HUD,S,C->C,0.76470588235294112
HUD,S,C->R,0.1176470588235294
HUD,S,R->L,0.1666666666666666
HUD,S,R->C,0.33333333333333331
HUD,S,R->R,0.5
HUD,S,L->L,0.090909090909090898
HUD,S,L->C,0.90909090909090917
HUD,S,L->R,0
HUD,S,C->L,0.29411764705882348
HUD,S,C->C,0.61764705882352944
HUD,S,C->R,0.088235294117646995
HUD,S,R->L,0
HUD,S,R->C,0.75
HUD,S,R->R,0.25
HUD,S,L->L,0.1666666666666666
HUD,S,L->C,0.83333333333333337
HUD,S,L->R,0
HUD,S,C->L,0.45454545454545447
HUD,S,C->C,0.54545454545454541
HUD,S,C->R,0
HUD,S,R->L,0
HUD,S,R->C,0
HUD,S,R->R,0
HUD,S,L->L,0.5
HUD,S,L->C,0.5
HUD,S,L->R,0
HUD,S,C->L,0.33333333333333331
HUD,S,C->C,0.66666666666666663
HUD,S,C->R,0
HUD,S,R->L,0
HUD,S,R->C,0
HUD,S,R->R,0
HUD,S,L->L,0.40000000000000002
HUD,S,L->C,0.59999999999999998
HUD,S,L->R,0
HUD,S,C->L,0.29999999999999999
HUD,S,C->C,0.65000000000000002
HUD,S,C->R,0.050000000000000003
HUD,S,R->L,0
HUD,S,R->C,0.5
HUD,S,R->R,0.5
HUD,S,L->L,0.1666666666666666
HUD,S,L->C,0.66666666666666663
HUD,S,L->R,0.1666666666666666
HUD,S,C->L,0.1142857142857142
HUD,S,C->C,0.80000000000000004
HUD,S,C->R,0.085714285714285701
HUD,S,R->L,0.066666666666666596
HUD,S,R->C,0.20000000000000001
HUD,S,R->R,0.73333333333333328
HUD,S,L->L,0
HUD,S,L->C,0
HUD,S,L->R,0
HUD,S,C->L,0
HUD,S,C->C,0.94117647058823517
HUD,S,C->R,0.058823529411764698
HUD,S,R->L,0
HUD,S,R->C,0
HUD,S,R->R,1
HUD,S,L->L,0
HUD,S,L->C,0
HUD,S,L->R,0
HUD,S,C->L,0
HUD,S,C->C,1
HUD,S,C->R,0
HUD,S,R->L,0
HUD,S,R->C,0
HUD,S,R->R,0
HUD,S,L->L,0
HUD,S,L->C,0
HUD,S,L->R,0
HUD,S,C->L,0
HUD,S,C->C,1
HUD,S,C->R,0
HUD,S,R->L,0
HUD,S,R->C,0
HUD,S,R->R,0
HUD,S,L->L,0
HUD,S,L->C,0
HUD,S,L->R,0
HUD,S,C->L,0
HUD,S,C->C,1
HUD,S,C->R,0
HUD,S,R->L,0
HUD,S,R->C,0
HUD,S,R->R,0
HUD,S,L->L,0.33333333333333331
HUD,S,L->C,0.66666666666666663
HUD,S,L->R,0
HUD,S,C->L,0.032258064516128997
HUD,S,C->C,0.967741935483871
HUD,S,C->R,0
HUD,S,R->L,0
HUD,S,R->C,0
HUD,S,R->R,0
HUD,S,L->L,0
HUD,S,L->C,0
HUD,S,L->R,0
HUD,S,C->L,0
HUD,S,C->C,0.80000000000000004
HUD,S,C->R,0.20000000000000001
HUD,S,R->L,0
HUD,S,R->C,0
HUD,S,R->R,0
HUD,S,L->L,0
HUD,S,L->C,1
HUD,S,L->R,0
HUD,S,C->L,0.5
HUD,S,C->C,0.5
HUD,S,C->R,0
HUD,S,R->L,0
HUD,S,R->C,0
HUD,S,R->R,0
HUD,S,L->L,0.3968253968253968
HUD,S,L->C,0.58730158730158732
HUD,S,L->R,0.015873015873015799
HUD,S,C->L,0.2450331125827814
HUD,S,C->C,0.72185430463576161
HUD,S,C->R,0.033112582781456901
HUD,S,R->L,0.25
HUD,S,R->C,0.5
HUD,S,R->R,0.25
HUD,S,L->L,0
HUD,S,L->C,0
HUD,S,L->R,0
HUD,S,C->L,0
HUD,S,C->C,0.7142857142857143
HUD,S,C->R,0.2857142857142857
HUD,S,R->L,0
HUD,S,R->C,0.42857142857142849
HUD,S,R->R,0.5714285714285714
HUD,S,L->L,0
HUD,S,L->C,0
HUD,S,L->R,0
HUD,S,C->L,0
HUD,S,C->C,0.88888888888888884
HUD,S,C->R,0.1111111111111111
HUD,S,R->L,0
HUD,S,R->C,0.33333333333333331
HUD,S,R->R,0.66666666666666663
HUD,S,L->L,0
HUD,S,L->C,0
HUD,S,L->R,0
HUD,S,C->L,0
HUD,S,C->C,1
HUD,S,C->R,0
HUD,S,R->L,0
HUD,S,R->C,0
HUD,S,R->R,0
HUD,S,L->L,0
HUD,S,L->C,0
HUD,S,L->R,0
HUD,S,C->L,0
HUD,S,C->C,1
HUD,S,C->R,0
HUD,S,R->L,0
HUD,S,R->C,0
HUD,S,R->R,0
HUD,S,L->L,0
HUD,S,L->C,0
HUD,S,L->R,0
HUD,S,C->L,0
HUD,S,C->C,1
HUD,S,C->R,0
HUD,S,R->L,0
HUD,S,R->C,0
HUD,S,R->R,0
HUD,S,L->L,0
HUD,S,L->C,0
HUD,S,L->R,0
HUD,S,C->L,0
HUD,S,C->C,1
HUD,S,C->R,0
HUD,S,R->L,0
HUD,S,R->C,0
HUD,S,R->R,0
HUD,S,L->L,0
HUD,S,L->C,0
HUD,S,L->R,0
HUD,S,C->L,0
HUD,S,C->C,1
HUD,S,C->R,0
HUD,S,R->L,0
HUD,S,R->C,0
HUD,S,R->R,0
HUD,S,L->L,0
HUD,S,L->C,0
HUD,S,L->R,0
HUD,S,C->L,0
HUD,S,C->C,0
HUD,S,C->R,0
HUD,S,R->L,0
HUD,S,R->C,0
HUD,S,R->R,0
HUD,S,L->L,0
HUD,S,L->C,0
HUD,S,L->R,0
HUD,S,C->L,0
HUD,S,C->C,1
HUD,S,C->R,0
HUD,S,R->L,0
HUD,S,R->C,0
HUD,S,R->R,0
HUD,S,L->L,0
HUD,S,L->C,0
HUD,S,L->R,0
HUD,S,C->L,0
HUD,S,C->C,1
HUD,S,C->R,0
HUD,S,R->L,0
HUD,S,R->C,0
HUD,S,R->R,0
HUD,S,L->L,0.5
HUD,S,L->C,0.5
HUD,S,L->R,0
HUD,S,C->L,0
HUD,S,C->C,1
HUD,S,C->R,0
HUD,S,R->L,0
HUD,S,R->C,0
HUD,S,R->R,0
HUD,S,L->L,0
HUD,S,L->C,0
HUD,S,L->R,0
HUD,S,C->L,0
HUD,S,C->C,1
HUD,S,C->R,0
HUD,S,R->L,0
HUD,S,R->C,0
HUD,S,R->R,0
HUD,S,L->L,0
HUD,S,L->C,0
HUD,S,L->R,0
HUD,S,C->L,0
HUD,S,C->C,1
HUD,S,C->R,0
HUD,S,R->L,0
HUD,S,R->C,0
HUD,S,R->R,0
HUD,S,L->L,0
HUD,S,L->C,0
HUD,S,L->R,0
HUD,S,C->L,0
HUD,S,C->C,1
HUD,S,C->R,0
HUD,S,R->L,0
HUD,S,R->C,0
HUD,S,R->R,0
HUD,S,L->L,0
HUD,S,L->C,0
HUD,S,L->R,0
HUD,S,C->L,0
HUD,S,C->C,1
HUD,S,C->R,0
HUD,S,R->L,0
HUD,S,R->C,0
HUD,S,R->R,0
HUD,S,L->L,0
HUD,S,L->C,0
HUD,S,L->R,0
HUD,S,C->L,0
HUD,S,C->C,1
HUD,S,C->R,0
HUD,S,R->L,0
HUD,S,R->C,0
HUD,S,R->R,0
HUD,S,L->L,0
HUD,S,L->C,0
HUD,S,L->R,0
HUD,S,C->L,0
HUD,S,C->C,1
HUD,S,C->R,0
HUD,S,R->L,0
HUD,S,R->C,0
HUD,S,R->R,0
HUD,S,L->L,0
HUD,S,L->C,0
HUD,S,L->R,0
HUD,S,C->L,0
HUD,S,C->C,1
HUD,S,C->R,0
HUD,S,R->L,0
HUD,S,R->C,0
HUD,S,R->R,0
HUD,S,L->L,0
HUD,S,L->C,0
HUD,S,L->R,0
HUD,S,C->L,0
HUD,S,C->C,1
HUD,S,C->R,0
HUD,S,R->L,0
HUD,S,R->C,0
HUD,S,R->R,0
HUD,S,L->L,0
HUD,S,L->C,0
HUD,S,L->R,0
HUD,S,C->L,0
HUD,S,C->C,1
HUD,S,C->R,0
HUD,S,R->L,0
HUD,S,R->C,0
HUD,S,R->R,0
HUD,S,L->L,0
HUD,S,L->C,0
HUD,S,L->R,0
HUD,S,C->L,0
HUD,S,C->C,1
HUD,S,C->R,0
HUD,S,R->L,0
HUD,S,R->C,0
HUD,S,R->R,0
HUD,S,L->L,0
HUD,S,L->C,0
HUD,S,L->R,0
HUD,S,C->L,0
HUD,S,C->C,1
HUD,S,C->R,0
HUD,S,R->L,0
HUD,S,R->C,0
HUD,S,R->R,0
HUD,S,L->L,0
HUD,S,L->C,0
HUD,S,L->R,0
HUD,S,C->L,0
HUD,S,C->C,1
HUD,S,C->R,0
HUD,S,R->L,0
HUD,S,R->C,0
HUD,S,R->R,0
HUD,S,L->L,0
HUD,S,L->C,0
HUD,S,L->R,0
HUD,S,C->L,0
HUD,S,C->C,1
HUD,S,C->R,0
HUD,S,R->L,0
HUD,S,R->C,0
HUD,S,R->R,0
HUD,S,L->L,0
HUD,S,L->C,0
HUD,S,L->R,0
HUD,S,C->L,0
HUD,S,C->C,1
HUD,S,C->R,0
HUD,S,R->L,0
HUD,S,R->C,0
HUD,S,R->R,0
HUD,S,L->L,0
HUD,S,L->C,0
HUD,S,L->R,0
HUD,S,C->L,0
HUD,S,C->C,1
HUD,S,C->R,0
HUD,S,R->L,0
HUD,S,R->C,0
HUD,S,R->R,0
HUD,S,L->L,0.77777777777777779
HUD,S,L->C,0.22222222222222221
HUD,S,L->R,0
HUD,S,C->L,0.011428571428571401
HUD,S,C->C,0.98285714285714276
HUD,S,C->R,0.0057142857142857004
HUD,S,R->L,0
HUD,S,R->C,1
HUD,S,R->R,0
HUD,S,L->L,0
HUD,S,L->C,0
HUD,S,L->R,0
HUD,S,C->L,0
HUD,S,C->C,1
HUD,S,C->R,0
HUD,S,R->L,0
HUD,S,R->C,0
HUD,S,R->R,0
HUD,S,L->L,0
HUD,S,L->C,0
HUD,S,L->R,0
HUD,S,C->L,0
HUD,S,C->C,0.8571428571428571
HUD,S,C->R,0.14285714285714279
HUD,S,R->L,0
HUD,S,R->C,1
HUD,S,R->R,0
HUD,S,L->L,0
HUD,S,L->C,0
HUD,S,L->R,0
HUD,S,C->L,0
HUD,S,C->C,1
HUD,S,C->R,0
HUD,S,R->L,0
HUD,S,R->C,0
HUD,S,R->R,0
HUD,S,L->L,0
HUD,S,L->C,0
HUD,S,L->R,0
HUD,S,C->L,0
HUD,S,C->C,0.59999999999999998
HUD,S,C->R,0.40000000000000002
HUD,S,R->L,0
HUD,S,R->C,0.25
HUD,S,R->R,0.75
HUD,S,L->L,0
HUD,S,L->C,0
HUD,S,L->R,0
HUD,S,C->L,0
HUD,S,C->C,1
HUD,S,C->R,0
HUD,S,R->L,0
HUD,S,R->C,0
HUD,S,R->R,0
HUD,S,L->L,0
HUD,S,L->C,1
HUD,S,L->R,0
HUD,S,C->L,0.17391304347826081
HUD,S,C->C,0.78260869565217395
HUD,S,C->R,0.043478260869565202
HUD,S,R->L,0
HUD,S,R->C,0.33333333333333331
HUD,S,R->R,0.66666666666666663
HUD,S,L->L,0.375
HUD,S,L->C,0.625
HUD,S,L->R,0
HUD,S,C->L,0.020491803278688499
HUD,S,C->C,0.95901639344262279
HUD,S,C->R,0.020491803278688499
HUD,S,R->L,0
HUD,S,R->C,0.83333333333333337
HUD,S,R->R,0.1666666666666666
HUD,S,L->L,0
HUD,S,L->C,0
HUD,S,L->R,0
HUD,S,C->L,0
HUD,S,C->C,0.93333333333333324
HUD,S,C->R,0.066666666666666596
HUD,S,R->L,0
HUD,S,R->C,1
HUD,S,R->R,0
HUD,S,L->L,0
HUD,S,L->C,0
HUD,S,L->R,0
HUD,S,C->L,0
HUD,S,C->C,1
HUD,S,C->R,0
HUD,S,R->L,0
HUD,S,R->C,0
HUD,S,R->R,0
HUD,S,L->L,0
HUD,S,L->C,0
HUD,S,L->R,0
HUD,S,C->L,0
HUD,S,C->C,0.98913043478260865
HUD,S,C->R,0.010869565217391301
HUD,S,R->L,0
HUD,S,R->C,1
HUD,S,R->R,0
HUD,S,L->L,0
HUD,S,L->C,0
HUD,S,L->R,0
HUD,S,C->L,0
HUD,S,C->C,1
HUD,S,C->R,0
HUD,S,R->L,0
HUD,S,R->C,0
HUD,S,R->R,0
HUD,S,L->L,0
HUD,S,L->C,0
HUD,S,L->R,0
HUD,S,C->L,0
HUD,S,C->C,1
HUD,S,C->R,0
HUD,S,R->L,0
HUD,S,R->C,0
HUD,S,R->R,0
HUD,S,L->L,0.66666666666666663
HUD,S,L->C,0.33333333333333331
HUD,S,L->R,0
HUD,S,C->L,0.033333333333333298
HUD,S,C->C,0.93333333333333324
HUD,S,C->R,0.033333333333333298
HUD,S,R->L,0
HUD,S,R->C,1
HUD,S,R->R,0
HUD,S,L->L,0
HUD,S,L->C,1
HUD,S,L->R,0
HUD,S,C->L,0.0185185185185185
HUD,S,C->C,0.9629629629629628
HUD,S,C->R,0.0185185185185185
HUD,S,R->L,0
HUD,S,R->C,1
HUD,S,R->R,0
HUD,S,L->L,0
HUD,S,L->C,0
HUD,S,L->R,0
HUD,S,C->L,0
HUD,S,C->C,1
HUD,S,C->R,0
HUD,S,R->L,0
HUD,S,R->C,0
HUD,S,R->R,0
HUD,S,L->L,0.5
HUD,S,L->C,0.5
HUD,S,L->R,0
HUD,S,C->L,0.019607843137254902
HUD,S,C->C,0.98039215686274517
HUD,S,C->R,0
HUD,S,R->L,0
HUD,S,R->C,0
HUD,S,R->R,0
HUD,S,L->L,0
HUD,S,L->C,1
HUD,S,L->R,0
HUD,S,C->L,0.125
HUD,S,C->C,0.875
HUD,S,C->R,0
HUD,S,R->L,0
HUD,S,R->C,0
HUD,S,R->R,0
HUD,S,L->L,1
HUD,S,L->C,0
HUD,S,L->R,0
HUD,S,C->L,0.5
HUD,S,C->C,0.5
HUD,S,C->R,0
HUD,S,R->L,0
HUD,S,R->C,0
HUD,S,R->R,0
HUD,S,L->L,0
HUD,S,L->C,0
HUD,S,L->R,0
HUD,S,C->L,0
HUD,S,C->C,0.90000000000000002
HUD,S,C->R,0.10000000000000001
HUD,S,R->L,0
HUD,S,R->C,1
HUD,S,R->R,0
HUD,S,L->L,0
HUD,S,L->C,1
HUD,S,L->R,0
HUD,S,C->L,0.0625
HUD,S,C->C,0.625
HUD,S,C->R,0.3125
HUD,S,R->L,0
HUD,S,R->C,1
HUD,S,R->R,0
HUD,S,L->L,0
HUD,S,L->C,0
HUD,S,L->R,0
HUD,S,C->L,0
HUD,S,C->C,0.92307692307692324
HUD,S,C->R,0.0769230769230769
HUD,S,R->L,0
HUD,S,R->C,1
HUD,S,R->R,0
HUD,S,L->L,0
HUD,S,L->C,0
HUD,S,L->R,0
HUD,S,C->L,0
HUD,S,C->C,0.91304347826086962
HUD,S,C->R,0.086956521739130405
HUD,S,R->L,0
HUD,S,R->C,1
HUD,S,R->R,0
HUD,S,L->L,0.66666666666666663
HUD,S,L->C,0.33333333333333331
HUD,S,L->R,0
HUD,S,C->L,0.047619047619047603
HUD,S,C->C,0.8571428571428571
HUD,S,C->R,0.095238095238095205
HUD,S,R->L,0
HUD,S,R->C,1
HUD,S,R->R,0
HUD,S,L->L,0
HUD,S,L->C,0
HUD,S,L->R,0
HUD,S,C->L,0
HUD,S,C->C,0.8571428571428571
HUD,S,C->R,0.14285714285714279
HUD,S,R->L,0
HUD,S,R->C,1
HUD,S,R->R,0
HUD,S,L->L,0
HUD,S,L->C,0
HUD,S,L->R,0
HUD,S,C->L,0
HUD,S,C->C,1
HUD,S,C->R,0
HUD,S,R->L,0
HUD,S,R->C,0
HUD,S,R->R,0
HUD,S,L->L,0
HUD,S,L->C,0
HUD,S,L->R,0
HUD,S,C->L,0
HUD,S,C->C,1
HUD,S,C->R,0
HUD,S,R->L,0
HUD,S,R->C,0
HUD,S,R->R,0
HUD,S,L->L,0
HUD,S,L->C,0
HUD,S,L->R,0
HUD,S,C->L,0
HUD,S,C->C,1
HUD,S,C->R,0
HUD,S,R->L,0
HUD,S,R->C,0
HUD,S,R->R,0
HUD,S,L->L,0
HUD,S,L->C,0
HUD,S,L->R,0
HUD,S,C->L,0
HUD,S,C->C,1
HUD,S,C->R,0
HUD,S,R->L,0
HUD,S,R->C,0
HUD,S,R->R,0
HUD,S,L->L,0
HUD,S,L->C,0
HUD,S,L->R,0
HUD,S,C->L,0
HUD,S,C->C,1
HUD,S,C->R,0
HUD,S,R->L,0
HUD,S,R->C,0
HUD,S,R->R,0
HUD,S,L->L,0
HUD,S,L->C,0
HUD,S,L->R,0
HUD,S,C->L,0
HUD,S,C->C,1
HUD,S,C->R,0
HUD,S,R->L,0
HUD,S,R->C,0
HUD,S,R->R,0
HUD,S,L->L,0
HUD,S,L->C,0
HUD,S,L->R,0
HUD,S,C->L,0
HUD,S,C->C,1
HUD,S,C->R,0
HUD,S,R->L,0
HUD,S,R->C,0
HUD,S,R->R,0
HUD,S,L->L,0
HUD,S,L->C,0
HUD,S,L->R,0
HUD,S,C->L,0
HUD,S,C->C,1
HUD,S,C->R,0
HUD,S,R->L,0
HUD,S,R->C,0
HUD,S,R->R,0
HUD,S,L->L,0
HUD,S,L->C,0
HUD,S,L->R,0
HUD,S,C->L,0
HUD,S,C->C,1
HUD,S,C->R,0
HUD,S,R->L,0
HUD,S,R->C,0
HUD,S,R->R,0
HUD,S,L->L,0
HUD,S,L->C,0
HUD,S,L->R,0
HUD,S,C->L,0
HUD,S,C->C,1
HUD,S,C->R,0
HUD,S,R->L,0
HUD,S,R->C,0
HUD,S,R->R,0
HUD,S,L->L,0
HUD,S,L->C,0
HUD,S,L->R,0
HUD,S,C->L,0
HUD,S,C->C,1
HUD,S,C->R,0
HUD,S,R->L,0
HUD,S,R->C,0
HUD,S,R->R,0
HUD,S,L->L,0
HUD,S,L->C,0
HUD,S,L->R,0
HUD,S,C->L,0
HUD,S,C->C,0.90000000000000002
HUD,S,C->R,0.10000000000000001
HUD,S,R->L,0
HUD,S,R->C,0
HUD,S,R->R,1
HUD,S,L->L,0
HUD,S,L->C,0
HUD,S,L->R,0
HUD,S,C->L,0
HUD,S,C->C,1
HUD,S,C->R,0
HUD,S,R->L,0
HUD,S,R->C,0
HUD,S,R->R,0
HUD,S,L->L,0
HUD,S,L->C,0
HUD,S,L->R,0
HUD,S,C->L,0
HUD,S,C->C,1
HUD,S,C->R,0
HUD,S,R->L,0
HUD,S,R->C,0
HUD,S,R->R,0
HUD,S,L->L,0
HUD,S,L->C,0
HUD,S,L->R,0
HUD,S,C->L,0
HUD,S,C->C,1
HUD,S,C->R,0
HUD,S,R->L,0
HUD,S,R->C,0
HUD,S,R->R,0
HUD,S,L->L,0
HUD,S,L->C,0
HUD,S,L->R,0
HUD,S,C->L,0
HUD,S,C->C,1
HUD,S,C->R,0
HUD,S,R->L,0
HUD,S,R->C,0
HUD,S,R->R,0
HUD,S,L->L,0
HUD,S,L->C,0
HUD,S,L->R,0
HUD,S,C->L,0
HUD,S,C->C,1
HUD,S,C->R,0
HUD,S,R->L,0
HUD,S,R->C,0
HUD,S,R->R,0
HUD,S,L->L,0
HUD,S,L->C,0
HUD,S,L->R,0
HUD,S,C->L,0
HUD,S,C->C,1
HUD,S,C->R,0
HUD,S,R->L,0
HUD,S,R->C,0
HUD,S,R->R,0
HUD,S,L->L,0
HUD,S,L->C,0
HUD,S,L->R,0
HUD,S,C->L,0
HUD,S,C->C,1
HUD,S,C->R,0
HUD,S,R->L,0
HUD,S,R->C,0
HUD,S,R->R,0
HUD,S,L->L,0
HUD,S,L->C,0
HUD,S,L->R,0
HUD,S,C->L,0
HUD,S,C->C,1
HUD,S,C->R,0
HUD,S,R->L,0
HUD,S,R->C,0
HUD,S,R->R,0
HUD,S,L->L,0
HUD,S,L->C,0
HUD,S,L->R,0
HUD,S,C->L,0
HUD,S,C->C,1
HUD,S,C->R,0
HUD,S,R->L,0
HUD,S,R->C,0
HUD,S,R->R,0
HUD,S,L->L,0
HUD,S,L->C,0
HUD,S,L->R,0
HUD,S,C->L,0
HUD,S,C->C,1
HUD,S,C->R,0
HUD,S,R->L,0
HUD,S,R->C,0
HUD,S,R->R,0
HUD,S,L->L,0
HUD,S,L->C,0
HUD,S,L->R,0
HUD,S,C->L,0
HUD,S,C->C,1
HUD,S,C->R,0
HUD,S,R->L,0
HUD,S,R->C,0
HUD,S,R->R,0
HUD,S,L->L,0
HUD,S,L->C,0
HUD,S,L->R,0
HUD,S,C->L,0
HUD,S,C->C,1
HUD,S,C->R,0
HUD,S,R->L,0
HUD,S,R->C,0
HUD,S,R->R,0
HUD,S,L->L,0
HUD,S,L->C,1
HUD,S,L->R,0
HUD,S,C->L,0
HUD,S,C->C,1
HUD,S,C->R,0
HUD,S,R->L,0
HUD,S,R->C,0
HUD,S,R->R,0
HUD,S,L->L,0
HUD,S,L->C,0
HUD,S,L->R,0
HUD,S,C->L,0
HUD,S,C->C,0
HUD,S,C->R,0
HUD,S,R->L,0
HUD,S,R->C,0
HUD,S,R->R,0
HUD,S,L->L,0
HUD,S,L->C,0
HUD,S,L->R,0
HUD,S,C->L,0
HUD,S,C->C,1
HUD,S,C->R,0
HUD,S,R->L,0
HUD,S,R->C,0
HUD,S,R->R,0
HUD,S,L->L,0
HUD,S,L->C,0
HUD,S,L->R,0
HUD,S,C->L,0
HUD,S,C->C,1
HUD,S,C->R,0
HUD,S,R->L,0
HUD,S,R->C,0
HUD,S,R->R,0
HUD,S,L->L,0
HUD,S,L->C,0
HUD,S,L->R,0
HUD,S,C->L,0
HUD,S,C->C,1
HUD,S,C->R,0
HUD,S,R->L,0
HUD,S,R->C,0
HUD,S,R->R,0
HUD,S,L->L,0
HUD,S,L->C,0
HUD,S,L->R,0
HUD,S,C->L,0
HUD,S,C->C,1
HUD,S,C->R,0
HUD,S,R->L,0
HUD,S,R->C,0
HUD,S,R->R,0
HUD,S,L->L,0
HUD,S,L->C,0
HUD,S,L->R,0
HUD,S,C->L,0
HUD,S,C->C,0.96153846153846156
HUD,S,C->R,0.038461538461538401
HUD,S,R->L,0
HUD,S,R->C,0
HUD,S,R->R,1
HUD,S,L->L,0
HUD,S,L->C,0
HUD,S,L->R,0
HUD,S,C->L,0
HUD,S,C->C,1
HUD,S,C->R,0
HUD,S,R->L,0
HUD,S,R->C,0
HUD,S,R->R,0
HUD,S,L->L,0
HUD,S,L->C,0
HUD,S,L->R,0
HUD,S,C->L,0
HUD,S,C->C,1
HUD,S,C->R,0
HUD,S,R->L,0
HUD,S,R->C,0
HUD,S,R->R,0
HUD,S,L->L,0
HUD,S,L->C,0
HUD,S,L->R,0
HUD,S,C->L,0
HUD,S,C->C,1
HUD,S,C->R,0
HUD,S,R->L,0
HUD,S,R->C,0
HUD,S,R->R,0
HUD,S,L->L,0
HUD,S,L->C,0
HUD,S,L->R,0
HUD,S,C->L,0
HUD,S,C->C,1
HUD,S,C->R,0
HUD,S,R->L,0
HUD,S,R->C,0
HUD,S,R->R,0
HUD,S,L->L,0.25
HUD,S,L->C,0.75
HUD,S,L->R,0
HUD,S,C->L,0.14999999999999999
HUD,S,C->C,0.84999999999999998
HUD,S,C->R,0
HUD,S,R->L,0
HUD,S,R->C,0
HUD,S,R->R,0
HUD,S,L->L,0
HUD,S,L->C,0
HUD,S,L->R,0
HUD,S,C->L,0
HUD,S,C->C,1
HUD,S,C->R,0
HUD,S,R->L,0
HUD,S,R->C,0
HUD,S,R->R,0
HUD,S,L->L,0
HUD,S,L->C,0
HUD,S,L->R,0
HUD,S,C->L,0
HUD,S,C->C,1
HUD,S,C->R,0
HUD,S,R->L,0
HUD,S,R->C,0
HUD,S,R->R,0
HUD,S,L->L,0
HUD,S,L->C,0
HUD,S,L->R,0
HUD,S,C->L,0
HUD,S,C->C,1
HUD,S,C->R,0
HUD,S,R->L,0
HUD,S,R->C,0
HUD,S,R->R,0
HUD,S,L->L,0
HUD,S,L->C,0
HUD,S,L->R,0
HUD,S,C->L,0
HUD,S,C->C,1
HUD,S,C->R,0
HUD,S,R->L,0
HUD,S,R->C,0
HUD,S,R->R,0
HUD,S,L->L,0
HUD,S,L->C,0
HUD,S,L->R,0
HUD,S,C->L,0
HUD,S,C->C,1
HUD,S,C->R,0
HUD,S,R->L,0
HUD,S,R->C,0
HUD,S,R->R,0
HUD,S,L->L,0
HUD,S,L->C,0
HUD,S,L->R,0
HUD,S,C->L,0
HUD,S,C->C,1
HUD,S,C->R,0
HUD,S,R->L,0
HUD,S,R->C,0
HUD,S,R->R,0
HUD,S,L->L,0
HUD,S,L->C,0
HUD,S,L->R,0
HUD,S,C->L,0
HUD,S,C->C,1
HUD,S,C->R,0
HUD,S,R->L,0
HUD,S,R->C,0
HUD,S,R->R,0
HUD,S,L->L,0
HUD,S,L->C,0
HUD,S,L->R,0
HUD,S,C->L,0
HUD,S,C->C,1
HUD,S,C->R,0
HUD,S,R->L,0
HUD,S,R->C,0
HUD,S,R->R,0
HUD,S,L->L,0
HUD,S,L->C,0
HUD,S,L->R,0
HUD,S,C->L,0
HUD,S,C->C,1
HUD,S,C->R,0
HUD,S,R->L,0
HUD,S,R->C,0
HUD,S,R->R,0
HUD,S,L->L,0
HUD,S,L->C,0
HUD,S,L->R,0
HUD,S,C->L,0
HUD,S,C->C,0.94999999999999996
HUD,S,C->R,0.050000000000000003
HUD,S,R->L,0
HUD,S,R->C,0.33333333333333331
HUD,S,R->R,0.66666666666666663
HUD,S,L->L,0
HUD,S,L->C,1
HUD,S,L->R,0
HUD,S,C->L,0.016666666666666601
HUD,S,C->C,0.96666666666666679
HUD,S,C->R,0.016666666666666601
HUD,S,R->L,0
HUD,S,R->C,1
HUD,S,R->R,0
HUD,S,L->L,0
HUD,S,L->C,0
HUD,S,L->R,0
HUD,S,C->L,0
HUD,S,C->C,1
HUD,S,C->R,0
HUD,S,R->L,0
HUD,S,R->C,0
HUD,S,R->R,0
HUD,S,L->L,0
HUD,S,L->C,1
HUD,S,L->R,0
HUD,S,C->L,0.10000000000000001
HUD,S,C->C,0.90000000000000002
HUD,S,C->R,0
HUD,S,R->L,0
HUD,S,R->C,0
HUD,S,R->R,0
HUD,S,L->L,0
HUD,S,L->C,0
HUD,S,L->R,0
HUD,S,C->L,0
HUD,S,C->C,1
HUD,S,C->R,0
HUD,S,R->L,0
HUD,S,R->C,0
HUD,S,R->R,0
HUD,S,L->L,0
HUD,S,L->C,0
HUD,S,L->R,0
HUD,S,C->L,0
HUD,S,C->C,1
HUD,S,C->R,0
HUD,S,R->L,0
HUD,S,R->C,0
HUD,S,R->R,0
HUD,S,L->L,0.5
HUD,S,L->C,0.5
HUD,S,L->R,0
HUD,S,C->L,0.14285714285714279
HUD,S,C->C,0.8571428571428571
HUD,S,C->R,0
HUD,S,R->L,0
HUD,S,R->C,0
HUD,S,R->R,0
HUD,S,L->L,0
HUD,S,L->C,0
HUD,S,L->R,0
HUD,S,C->L,0
HUD,S,C->C,1
HUD,S,C->R,0
HUD,S,R->L,0
HUD,S,R->C,0
HUD,S,R->R,0
HUD,S,L->L,0
HUD,S,L->C,1
HUD,S,L->R,0
HUD,S,C->L,0.073170731707316999
HUD,S,C->C,0.92682926829268297
HUD,S,C->R,0
HUD,S,R->L,0
HUD,S,R->C,0
HUD,S,R->R,0
HUD,S,L->L,0
HUD,S,L->C,0
HUD,S,L->R,0
HUD,S,C->L,0
HUD,S,C->C,1
HUD,S,C->R,0
HUD,S,R->L,0
HUD,S,R->C,0.5
HUD,S,R->R,0.5
HUD,S,L->L,0
HUD,S,L->C,1
HUD,S,L->R,0
HUD,S,C->L,0
HUD,S,C->C,1
HUD,S,C->R,0
HUD,S,R->L,0
HUD,S,R->C,0
HUD,S,R->R,0
HUD,S,L->L,0
HUD,S,L->C,0
HUD,S,L->R,0
HUD,S,C->L,0
HUD,S,C->C,1
HUD,S,C->R,0
HUD,S,R->L,0
HUD,S,R->C,0
HUD,S,R->R,0
HUD,S,L->L,0
HUD,S,L->C,0
HUD,S,L->R,0
HUD,S,C->L,0
HUD,S,C->C,1
HUD,S,C->R,0
HUD,S,R->L,0
HUD,S,R->C,0
HUD,S,R->R,0
HUD,S,L->L,0.33333333333333331
HUD,S,L->C,0.66666666666666663
HUD,S,L->R,0
HUD,S,C->L,0.066666666666666596
HUD,S,C->C,0.93333333333333324
HUD,S,C->R,0
HUD,S,R->L,0
HUD,S,R->C,0
HUD,S,R->R,0
HUD,S,L->L,0
HUD,S,L->C,0
HUD,S,L->R,0
HUD,S,C->L,0
HUD,S,C->C,1
HUD,S,C->R,0
HUD,S,R->L,0
HUD,S,R->C,0
HUD,S,R->R,0
HUD,S,L->L,0
HUD,S,L->C,0
HUD,S,L->R,0
HUD,S,C->L,0
HUD,S,C->C,0.92307692307692324
HUD,S,C->R,0.0769230769230769
HUD,S,R->L,0
HUD,S,R->C,1
HUD,S,R->R,0
HUD,S,L->L,0
HUD,S,L->C,0
HUD,S,L->R,0
HUD,S,C->L,0
HUD,S,C->C,1
HUD,S,C->R,0
HUD,S,R->L,0
HUD,S,R->C,0
HUD,S,R->R,0
HUD,S,L->L,0
HUD,S,L->C,0
HUD,S,L->R,0
HUD,S,C->L,0
HUD,S,C->C,1
HUD,S,C->R,0
HUD,S,R->L,0
HUD,S,R->C,0
HUD,S,R->R,0
HUD,S,L->L,0.66666666666666663
HUD,S,L->C,0.33333333333333331
HUD,S,L->R,0
HUD,S,C->L,0.057142857142857099
HUD,S,C->C,0.88571428571428568
HUD,S,C->R,0.057142857142857099
HUD,S,R->L,0
HUD,S,R->C,0.66666666666666663
HUD,S,R->R,0.33333333333333331
HUD,S,L->L,0.40000000000000002
HUD,S,L->C,0.59999999999999998
HUD,S,L->R,0
HUD,S,C->L,0.0625
HUD,S,C->C,0.9375
HUD,S,C->R,0
HUD,S,R->L,0
HUD,S,R->C,0
HUD,S,R->R,0
HUD,S,L->L,0
HUD,S,L->C,0
HUD,S,L->R,0
HUD,S,C->L,0
HUD,S,C->C,0.9375
HUD,S,C->R,0.0625
HUD,S,R->L,0
HUD,S,R->C,1
HUD,S,R->R,0
HUD,S,L->L,0
HUD,S,L->C,0
HUD,S,L->R,0
HUD,S,C->L,0
HUD,S,C->C,1
HUD,S,C->R,0
HUD,S,R->L,0
HUD,S,R->C,0
HUD,S,R->R,0
HUD,S,L->L,0
HUD,S,L->C,0
HUD,S,L->R,0
HUD,S,C->L,0
HUD,S,C->C,1
HUD,S,C->R,0
HUD,S,R->L,0
HUD,S,R->C,0
HUD,S,R->R,0
HUD,S,L->L,0
HUD,S,L->C,1
HUD,S,L->R,0
HUD,S,C->L,0.0204081632653061
HUD,S,C->C,0.89795918367346939
HUD,S,C->R,0.0816326530612244
HUD,S,R->L,0
HUD,S,R->C,1
HUD,S,R->R,0
HUD,S,L->L,0.5
HUD,S,L->C,0.5
HUD,S,L->R,0
HUD,S,C->L,0.058823529411764698
HUD,S,C->C,0.76470588235294112
HUD,S,C->R,0.1764705882352941
HUD,S,R->L,0
HUD,S,R->C,0.29999999999999999
HUD,S,R->R,0.69999999999999996
HUD,S,L->L,0
HUD,S,L->C,0
HUD,S,L->R,0
HUD,S,C->L,0
HUD,S,C->C,0.97142857142857142
HUD,S,C->R,0.028571428571428501
HUD,S,R->L,0
HUD,S,R->C,1
HUD,S,R->R,0
HUD,S,L->L,0
HUD,S,L->C,1
HUD,S,L->R,0
HUD,S,C->L,0.20000000000000001
HUD,S,C->C,0.80000000000000004
HUD,S,C->R,0
HUD,S,R->L,0
HUD,S,R->C,0
HUD,S,R->R,0
HUD,S,L->L,0.66666666666666663
HUD,S,L->C,0.33333333333333331
HUD,S,L->R,0
HUD,S,C->L,0.14285714285714279
HUD,S,C->C,0.8571428571428571
HUD,S,C->R,0
HUD,S,R->L,0
HUD,S,R->C,0
HUD,S,R->R,0
HUD,S,L->L,0
HUD,S,L->C,0
HUD,S,L->R,0
HUD,S,C->L,0
HUD,S,C->C,0.94444444444444442
HUD,S,C->R,0.055555555555555497
HUD,S,R->L,0
HUD,S,R->C,0.40000000000000002
HUD,S,R->R,0.59999999999999998
HUD,S,L->L,0
HUD,S,L->C,0
HUD,S,L->R,0
HUD,S,C->L,0
HUD,S,C->C,0.9375
HUD,S,C->R,0.0625
HUD,S,R->L,0
HUD,S,R->C,1
HUD,S,R->R,0
HUD,S,L->L,0
HUD,S,L->C,0
HUD,S,L->R,0
HUD,S,C->L,0
HUD,S,C->C,1
HUD,S,C->R,0
HUD,S,R->L,0
HUD,S,R->C,0
HUD,S,R->R,0
HUD,S,L->L,0.125
HUD,S,L->C,0.875
HUD,S,L->R,0
HUD,S,C->L,0.125
HUD,S,C->C,0.7857142857142857
HUD,S,C->R,0.089285714285714204
HUD,S,R->L,0
HUD,S,R->C,1
HUD,S,R->R,0
HUD,S,L->L,0
HUD,S,L->C,1
HUD,S,L->R,0
HUD,S,C->L,0.052631578947368397
HUD,S,C->C,0.94736842105263164
HUD,S,C->R,0
HUD,S,R->L,0
HUD,S,R->C,0
HUD,S,R->R,0
HUD,S,L->L,0.25
HUD,S,L->C,0.75
HUD,S,L->R,0
HUD,S,C->L,0.42857142857142849
HUD,S,C->C,0.5714285714285714
HUD,S,C->R,0
HUD,S,R->L,0
HUD,S,R->C,0
HUD,S,R->R,0
HUD,S,L->L,0
HUD,S,L->C,0
HUD,S,L->R,0
HUD,S,C->L,0
HUD,S,C->C,0.97368421052631582
HUD,S,C->R,0.026315789473684199
HUD,S,R->L,0
HUD,S,R->C,1
HUD,S,R->R,0
HUD,S,L->L,0
HUD,S,L->C,1
HUD,S,L->R,0
HUD,S,C->L,0.040000000000000001
HUD,S,C->C,0.95999999999999996
HUD,S,C->R,0
HUD,S,R->L,0
HUD,S,R->C,0
HUD,S,R->R,0
HUD,S,L->L,0
HUD,S,L->C,0
HUD,S,L->R,0
HUD,S,C->L,0
HUD,S,C->C,0.9285714285714286
HUD,S,C->R,0.071428571428571397
HUD,S,R->L,0
HUD,S,R->C,1
HUD,S,R->R,0
HUD,S,L->L,0
HUD,S,L->C,0
HUD,S,L->R,0
HUD,S,C->L,0
HUD,S,C->C,1
HUD,S,C->R,0
HUD,S,R->L,0
HUD,S,R->C,0
HUD,S,R->R,0
HUD,S,L->L,0
HUD,S,L->C,0
HUD,S,L->R,0
HUD,S,C->L,0
HUD,S,C->C,0.90909090909090917
HUD,S,C->R,0.090909090909090898
HUD,S,R->L,0
HUD,S,R->C,1
HUD,S,R->R,0
HUD,S,L->L,0
HUD,S,L->C,0
HUD,S,L->R,0
HUD,S,C->L,0
HUD,S,C->C,1
HUD,S,C->R,0
HUD,S,R->L,0
HUD,S,R->C,0
HUD,S,R->R,0
HUD,S,L->L,0
HUD,S,L->C,0
HUD,S,L->R,0
HUD,S,C->L,0
HUD,S,C->C,1
HUD,S,C->R,0
HUD,S,R->L,0
HUD,S,R->C,0
HUD,S,R->R,0
HUD,S,L->L,0
HUD,S,L->C,1
HUD,S,L->R,0
HUD,S,C->L,0.038461538461538401
HUD,S,C->C,0.92307692307692324
HUD,S,C->R,0.038461538461538401
HUD,S,R->L,0
HUD,S,R->C,1
HUD,S,R->R,0
HUD,S,L->L,0.45454545454545447
HUD,S,L->C,0.54545454545454541
HUD,S,L->R,0
HUD,S,C->L,0.039735099337748297
HUD,S,C->C,0.92052980132450324
HUD,S,C->R,0.039735099337748297
HUD,S,R->L,0
HUD,S,R->C,0.8571428571428571
HUD,S,R->R,0.14285714285714279
HUD,S,L->L,0
HUD,S,L->C,0
HUD,S,L->R,0
HUD,S,C->L,0
HUD,S,C->C,1
HUD,S,C->R,0
HUD,S,R->L,0
HUD,S,R->C,0
HUD,S,R->R,0
HUD,S,L->L,0
HUD,S,L->C,0
HUD,S,L->R,0
HUD,S,C->L,0
HUD,S,C->C,1
HUD,S,C->R,0
HUD,S,R->L,0
HUD,S,R->C,0
HUD,S,R->R,0
HUD,S,L->L,1
HUD,S,L->C,0
HUD,S,L->R,0
HUD,S,C->L,0.0625
HUD,S,C->C,0.9375
HUD,S,C->R,0
HUD,S,R->L,0
HUD,S,R->C,0
HUD,S,R->R,0
HUD,S,L->L,0
HUD,S,L->C,0
HUD,S,L->R,0
HUD,S,C->L,0
HUD,S,C->C,0.8214285714285714
HUD,S,C->R,0.17857142857142849
HUD,S,R->L,0
HUD,S,R->C,0.55555555555555558
HUD,S,R->R,0.44444444444444442
HUD,S,L->L,0
HUD,S,L->C,1
HUD,S,L->R,0
HUD,S,C->L,0.0625
HUD,S,C->C,0.875
HUD,S,C->R,0.0625
HUD,S,R->L,0
HUD,S,R->C,0.66666666666666663
HUD,S,R->R,0.33333333333333331
HUD,S,L->L,0
HUD,S,L->C,1
HUD,S,L->R,0
HUD,S,C->L,0.055555555555555497
HUD,S,C->C,0.88888888888888884
HUD,S,C->R,0.055555555555555497
HUD,S,R->L,0
HUD,S,R->C,1
HUD,S,R->R,0
HUD,S,L->L,0
HUD,S,L->C,0
HUD,S,L->R,1
HUD,S,C->L,0.0769230769230769
HUD,S,C->C,0.92307692307692324
HUD,S,C->R,0
HUD,S,R->L,0
HUD,S,R->C,1
HUD,S,R->R,0
HUD,S,L->L,0
HUD,S,L->C,0
HUD,S,L->R,0
HUD,S,C->L,0
HUD,S,C->C,0.93333333333333324
HUD,S,C->R,0.066666666666666596
HUD,S,R->L,0
HUD,S,R->C,0.5
HUD,S,R->R,0.5
HUD,S,L->L,0
HUD,S,L->C,0
HUD,S,L->R,0
HUD,S,C->L,0
HUD,S,C->C,0.92000000000000004
HUD,S,C->R,0.080000000000000002
HUD,S,R->L,0
HUD,S,R->C,0.5
HUD,S,R->R,0.5
HUD,S,L->L,0.5
HUD,S,L->C,0.5
HUD,S,L->R,0
HUD,S,C->L,0.066666666666666596
HUD,S,C->C,0.93333333333333324
HUD,S,C->R,0
HUD,S,R->L,0
HUD,S,R->C,0
HUD,S,R->R,0
HUD,S,L->L,0
HUD,S,L->C,0
HUD,S,L->R,0
HUD,S,C->L,0
HUD,S,C->C,1
HUD,S,C->R,0
HUD,S,R->L,0
HUD,S,R->C,0
HUD,S,R->R,0
HUD,S,L->L,0
HUD,S,L->C,1
HUD,S,L->R,0
HUD,S,C->L,0.041666666666666602
HUD,S,C->C,0.875
HUD,S,C->R,0.083333333333333301
HUD,S,R->L,0
HUD,S,R->C,1
HUD,S,R->R,0
HUD,S,L->L,0.5
HUD,S,L->C,0.5
HUD,S,L->R,0
HUD,S,C->L,0.037037037037037
HUD,S,C->C,0.88888888888888884
HUD,S,C->R,0.074074074074074001
HUD,S,R->L,0
HUD,S,R->C,1
HUD,S,R->R,0
HUD,S,L->L,0
HUD,S,L->C,0
HUD,S,L->R,0
HUD,S,C->L,0
HUD,S,C->C,1
HUD,S,C->R,0
HUD,S,R->L,0
HUD,S,R->C,0
HUD,S,R->R,0
HUD,S,L->L,0.33333333333333331
HUD,S,L->C,0.66666666666666663
HUD,S,L->R,0
HUD,S,C->L,0.055555555555555497
HUD,S,C->C,0.94444444444444442
HUD,S,C->R,0
HUD,S,R->L,0
HUD,S,R->C,0
HUD,S,R->R,0
HUD,S,L->L,0
HUD,S,L->C,0
HUD,S,L->R,0
HUD,S,C->L,0.5
HUD,S,C->C,0
HUD,S,C->R,0.5
HUD,S,R->L,0
HUD,S,R->C,1
HUD,S,R->R,0
HUD,S,L->L,0.33333333333333331
HUD,S,L->C,0.66666666666666663
HUD,S,L->R,0
HUD,S,C->L,0.0625
HUD,S,C->C,0.90625
HUD,S,C->R,0.03125
HUD,S,R->L,0
HUD,S,R->C,0.5
HUD,S,R->R,0.5
HUD,S,L->L,0
HUD,S,L->C,0
HUD,S,L->R,0
HUD,S,C->L,0
HUD,S,C->C,1
HUD,S,C->R,0
HUD,S,R->L,0
HUD,S,R->C,0
HUD,S,R->R,0
HUD,S,L->L,0
HUD,S,L->C,0
HUD,S,L->R,0
HUD,S,C->L,0
HUD,S,C->C,1
HUD,S,C->R,0
HUD,S,R->L,0
HUD,S,R->C,0
HUD,S,R->R,0
HUD,S,L->L,0.5
HUD,S,L->C,0.5
HUD,S,L->R,0
HUD,S,C->L,0.02
HUD,S,C->C,0.92000000000000004
HUD,S,C->R,0.059999999999999998
HUD,S,R->L,0
HUD,S,R->C,1
HUD,S,R->R,0
HUD,S,L->L,0
HUD,S,L->C,0
HUD,S,L->R,0
HUD,S,C->L,0
HUD,S,C->C,1
HUD,S,C->R,0
HUD,S,R->L,0
HUD,S,R->C,0
HUD,S,R->R,0
HUD,S,L->L,0
HUD,S,L->C,1
HUD,S,L->R,0
HUD,S,C->L,0.10000000000000001
HUD,S,C->C,0.69999999999999996
HUD,S,C->R,0.20000000000000001
HUD,S,R->L,0
HUD,S,R->C,1
HUD,S,R->R,0
HUD,S,L->L,0
HUD,S,L->C,0
HUD,S,L->R,0
HUD,S,C->L,0
HUD,S,C->C,1
HUD,S,C->R,0
HUD,S,R->L,0
HUD,S,R->C,0
HUD,S,R->R,0
HUD,S,L->L,0
HUD,S,L->C,0
HUD,S,L->R,0
HUD,S,C->L,0
HUD,S,C->C,1
HUD,S,C->R,0
HUD,S,R->L,0
HUD,S,R->C,0
HUD,S,R->R,0
HUD,S,L->L,0.66666666666666663
HUD,S,L->C,0.33333333333333331
HUD,S,L->R,0
HUD,S,C->L,0.058823529411764698
HUD,S,C->C,0.88235294117647056
HUD,S,C->R,0.058823529411764698
HUD,S,R->L,0
HUD,S,R->C,1
HUD,S,R->R,0
HUD,S,L->L,0
HUD,S,L->C,0
HUD,S,L->R,0
HUD,S,C->L,0
HUD,S,C->C,1
HUD,S,C->R,0
HUD,S,R->L,0
HUD,S,R->C,0
HUD,S,R->R,0
HUD,S,L->L,0
HUD,S,L->C,0
HUD,S,L->R,0
HUD,S,C->L,0
HUD,S,C->C,0.9285714285714286
HUD,S,C->R,0.071428571428571397
HUD,S,R->L,0
HUD,S,R->C,0.75
HUD,S,R->R,0.25
HUD,S,L->L,0
HUD,S,L->C,0
HUD,S,L->R,0
HUD,S,C->L,0
HUD,S,C->C,0.88461538461538458
HUD,S,C->R,0.11538461538461529
HUD,S,R->L,0
HUD,S,R->C,1
HUD,S,R->R,0
HUD,S,L->L,0
HUD,S,L->C,1
HUD,S,L->R,0
HUD,S,C->L,0
HUD,S,C->C,0.83999999999999997
HUD,S,C->R,0.16
HUD,S,R->L,0
HUD,S,R->C,0.80000000000000004
HUD,S,R->R,0.20000000000000001
HUD,S,L->L,0
HUD,S,L->C,0
HUD,S,L->R,0
HUD,S,C->L,0
HUD,S,C->C,1
HUD,S,C->R,0
HUD,S,R->L,0
HUD,S,R->C,0
HUD,S,R->R,0
HUD,S,L->L,0
HUD,S,L->C,0
HUD,S,L->R,0
HUD,S,C->L,0
HUD,S,C->C,0.9726027397260274
HUD,S,C->R,0.027397260273972601
HUD,S,R->L,0
HUD,S,R->C,1
HUD,S,R->R,0
HUD,S,L->L,0
HUD,S,L->C,1
HUD,S,L->R,0
HUD,S,C->L,0.021739130434782601
HUD,S,C->C,0.97826086956521741
HUD,S,C->R,0
HUD,S,R->L,0
HUD,S,R->C,0
HUD,S,R->R,0
HUD,S,L->L,0.5
HUD,S,L->C,0.5
HUD,S,L->R,0
HUD,S,C->L,0.0769230769230769
HUD,S,C->C,0.92307692307692324
HUD,S,C->R,0
HUD,S,R->L,0
HUD,S,R->C,0
HUD,S,R->R,0
HUD,S,L->L,0.25
HUD,S,L->C,0.75
HUD,S,L->R,0
HUD,S,C->L,0.1578947368421052
HUD,S,C->C,0.78947368421052633
HUD,S,C->R,0.052631578947368397
HUD,S,R->L,0
HUD,S,R->C,0.1666666666666666
HUD,S,R->R,0.83333333333333337
HUD,S,L->L,0.52631578947368418
HUD,S,L->C,0.47368421052631571
HUD,S,L->R,0
HUD,S,C->L,0.097826086956521702
HUD,S,C->C,0.84782608695652173
HUD,S,C->R,0.054347826086956499
HUD,S,R->L,0
HUD,S,R->C,0.55555555555555558
HUD,S,R->R,0.44444444444444442
HUD,S,L->L,0
HUD,S,L->C,1
HUD,S,L->R,0
HUD,S,C->L,0.021739130434782601
HUD,S,C->C,0.97826086956521741
HUD,S,C->R,0
HUD,S,R->L,0
HUD,S,R->C,0
HUD,S,R->R,0
HUD,S,L->L,0.75
HUD,S,L->C,0.125
HUD,S,L->R,0.125
HUD,S,C->L,0.1333333333333333
HUD,S,C->C,0.8666666666666667
HUD,S,C->R,0
HUD,S,R->L,0
HUD,S,R->C,0.5
HUD,S,R->R,0.5
HUD,S,L->L,0
HUD,S,L->C,0
HUD,S,L->R,0
HUD,S,C->L,0
HUD,S,C->C,1
HUD,S,C->R,0
HUD,S,R->L,0
HUD,S,R->C,0
HUD,S,R->R,0
HUD,S,L->L,0
HUD,S,L->C,0
HUD,S,L->R,0
HUD,S,C->L,0
HUD,S,C->C,1
HUD,S,C->R,0
HUD,S,R->L,0
HUD,S,R->C,0
HUD,S,R->R,0
HUD,S,L->L,0
HUD,S,L->C,0
HUD,S,L->R,0
HUD,S,C->L,0
HUD,S,C->C,1
HUD,S,C->R,0
HUD,S,R->L,0
HUD,S,R->C,0
HUD,S,R->R,0
HUD,S,L->L,0
HUD,S,L->C,0
HUD,S,L->R,0
HUD,S,C->L,0
HUD,S,C->C,0.80952380952380953
HUD,S,C->R,0.19047619047619041
HUD,S,R->L,0
HUD,S,R->C,0.30769230769230771
HUD,S,R->R,0.69230769230769229
HUD,S,L->L,0
HUD,S,L->C,0
HUD,S,L->R,0
HUD,S,C->L,0.090909090909090898
HUD,S,C->C,0.90909090909090917
HUD,S,C->R,0
HUD,S,R->L,0
HUD,S,R->C,0
HUD,S,R->R,0
HUD,S,L->L,0
HUD,S,L->C,0
HUD,S,L->R,0
HUD,S,C->L,0
HUD,S,C->C,1
HUD,S,C->R,0
HUD,S,R->L,0
HUD,S,R->C,0
HUD,S,R->R,0
HUD,S,L->L,0
HUD,S,L->C,0
HUD,S,L->R,0
HUD,S,C->L,0
HUD,S,C->C,0.90909090909090917
HUD,S,C->R,0.090909090909090898
HUD,S,R->L,0
HUD,S,R->C,1
HUD,S,R->R,0
HUD,S,L->L,0
HUD,S,L->C,0
HUD,S,L->R,0
HUD,S,C->L,0
HUD,S,C->C,1
HUD,S,C->R,0
HUD,S,R->L,0
HUD,S,R->C,0
HUD,S,R->R,0
HUD,S,L->L,0
HUD,S,L->C,0
HUD,S,L->R,0
HUD,S,C->L,0
HUD,S,C->C,1
HUD,S,C->R,0
HUD,S,R->L,0
HUD,S,R->C,0
HUD,S,R->R,0
HUD,S,L->L,0
HUD,S,L->C,0
HUD,S,L->R,0
HUD,S,C->L,0
HUD,S,C->C,1
HUD,S,C->R,0
HUD,S,R->L,0
HUD,S,R->C,0
HUD,S,R->R,0
HUD,S,L->L,0.5
HUD,S,L->C,0.5
HUD,S,L->R,0
HUD,S,C->L,0.083333333333333301
HUD,S,C->C,0.91666666666666663
HUD,S,C->R,0
HUD,S,R->L,0
HUD,S,R->C,0
HUD,S,R->R,0
HUD,S,L->L,0.33333333333333331
HUD,S,L->C,0.66666666666666663
HUD,S,L->R,0
HUD,S,C->L,0.086956521739130405
HUD,S,C->C,0.91304347826086962
HUD,S,C->R,0
HUD,S,R->L,0
HUD,S,R->C,0
HUD,S,R->R,0
HUD,S,L->L,0
HUD,S,L->C,0
HUD,S,L->R,0
HUD,S,C->L,0
HUD,S,C->C,1
HUD,S,C->R,0
HUD,S,R->L,0
HUD,S,R->C,0
HUD,S,R->R,0
HUD,S,L->L,0
HUD,S,L->C,0
HUD,S,L->R,0
HUD,S,C->L,0
HUD,S,C->C,1
HUD,S,C->R,0
HUD,S,R->L,0
HUD,S,R->C,0
HUD,S,R->R,0
HUD,S,L->L,0.5
HUD,S,L->C,0.5
HUD,S,L->R,0
HUD,S,C->L,0.019230769230769201
HUD,S,C->C,0.98076923076923084
HUD,S,C->R,0
HUD,S,R->L,0
HUD,S,R->C,0
HUD,S,R->R,0
HUD,S,L->L,0.66666666666666663
HUD,S,L->C,0.33333333333333331
HUD,S,L->R,0
HUD,S,C->L,0.33333333333333331
HUD,S,C->C,0.66666666666666663
HUD,S,C->R,0
HUD,S,R->L,0
HUD,S,R->C,0
HUD,S,R->R,0
HUD,S,L->L,0
HUD,S,L->C,1
HUD,S,L->R,0
HUD,S,C->L,0.071428571428571397
HUD,S,C->C,0.9285714285714286
HUD,S,C->R,0
HUD,S,R->L,0
HUD,S,R->C,0
HUD,S,R->R,0
HUD,S,L->L,0
HUD,S,L->C,1
HUD,S,L->R,0
HUD,S,C->L,0.027027027027027001
HUD,S,C->C,0.97297297297297303
HUD,S,C->R,0
HUD,S,R->L,0
HUD,S,R->C,0
HUD,S,R->R,0
HUD,S,L->L,0.59999999999999998
HUD,S,L->C,0.40000000000000002
HUD,S,L->R,0
HUD,S,C->L,0.054054054054054002
HUD,S,C->C,0.94594594594594605
HUD,S,C->R,0
HUD,S,R->L,0
HUD,S,R->C,0
HUD,S,R->R,0
HUD,S,L->L,0.7142857142857143
HUD,S,L->C,0.2857142857142857
HUD,S,L->R,0
HUD,S,C->L,0.050000000000000003
HUD,S,C->C,0.94999999999999996
HUD,S,C->R,0
HUD,S,R->L,0
HUD,S,R->C,0
HUD,S,R->R,0
HUD,S,L->L,0
HUD,S,L->C,1
HUD,S,L->R,0
HUD,S,C->L,0.055555555555555497
HUD,S,C->C,0.94444444444444442
HUD,S,C->R,0
HUD,S,R->L,0
HUD,S,R->C,0
HUD,S,R->R,0
HUD,S,L->L,0
HUD,S,L->C,0
HUD,S,L->R,0
HUD,S,C->L,0
HUD,S,C->C,1
HUD,S,C->R,0
HUD,S,R->L,0
HUD,S,R->C,0
HUD,S,R->R,0
HUD,S,L->L,0.66666666666666663
HUD,S,L->C,0.33333333333333331
HUD,S,L->R,0
HUD,S,C->L,0.068965517241379296
HUD,S,C->C,0.89655172413793105
HUD,S,C->R,0.034482758620689599
HUD,S,R->L,0
HUD,S,R->C,1
HUD,S,R->R,0
HUD,S,L->L,0
HUD,S,L->C,0
HUD,S,L->R,0
HUD,S,C->L,0
HUD,S,C->C,1
HUD,S,C->R,0
HUD,S,R->L,0
HUD,S,R->C,0
HUD,S,R->R,0
HUD,S,L->L,0.375
HUD,S,L->C,0.625
HUD,S,L->R,0
HUD,S,C->L,0.14285714285714279
HUD,S,C->C,0.8571428571428571
HUD,S,C->R,0
HUD,S,R->L,0
HUD,S,R->C,0
HUD,S,R->R,0
HUD,S,L->L,0.33333333333333331
HUD,S,L->C,0.66666666666666663
HUD,S,L->R,0
HUD,S,C->L,0.074074074074074001
HUD,S,C->C,0.88888888888888884
HUD,S,C->R,0.037037037037037
HUD,S,R->L,0
HUD,S,R->C,1
HUD,S,R->R,0
HUD,S,L->L,0
HUD,S,L->C,0
HUD,S,L->R,0
HUD,S,C->L,0
HUD,S,C->C,1
HUD,S,C->R,0
HUD,S,R->L,0
HUD,S,R->C,0
HUD,S,R->R,0
HUD,S,L->L,0
HUD,S,L->C,1
HUD,S,L->R,0
HUD,S,C->L,0.01
HUD,S,C->C,0.96999999999999997
HUD,S,C->R,0.02
HUD,S,R->L,0
HUD,S,R->C,1
HUD,S,R->R,0
HUD,S,L->L,0
HUD,S,L->C,1
HUD,S,L->R,0
HUD,S,C->L,0.018181818181818101
HUD,S,C->C,0.98181818181818181
HUD,S,C->R,0
HUD,S,R->L,0
HUD,S,R->C,0
HUD,S,R->R,0
HUD,S,L->L,0
HUD,S,L->C,0
HUD,S,L->R,0
HUD,S,C->L,0
HUD,S,C->C,0.95238095238095244
HUD,S,C->R,0.047619047619047603
HUD,S,R->L,0
HUD,S,R->C,1
HUD,S,R->R,0
HUD,S,L->L,0
HUD,S,L->C,0
HUD,S,L->R,0
HUD,S,C->L,0
HUD,S,C->C,1
HUD,S,C->R,0
HUD,S,R->L,0
HUD,S,R->C,0
HUD,S,R->R,0
HUD,S,L->L,0
HUD,S,L->C,0
HUD,S,L->R,0
HUD,S,C->L,0
HUD,S,C->C,0.97142857142857142
HUD,S,C->R,0.028571428571428501
HUD,S,R->L,0
HUD,S,R->C,1
HUD,S,R->R,0
HUD,S,L->L,0
HUD,S,L->C,0
HUD,S,L->R,0
HUD,S,C->L,0
HUD,S,C->C,1
HUD,S,C->R,0
HUD,S,R->L,0
HUD,S,R->C,0
HUD,S,R->R,0
HUD,S,L->L,0
HUD,S,L->C,1
HUD,S,L->R,0
HUD,S,C->L,0.052631578947368397
HUD,S,C->C,0.89473684210526316
HUD,S,C->R,0.052631578947368397
HUD,S,R->L,0
HUD,S,R->C,0.33333333333333331
HUD,S,R->R,0.66666666666666663
HUD,S,L->L,0
HUD,S,L->C,0
HUD,S,L->R,0
HUD,S,C->L,0
HUD,S,C->C,1
HUD,S,C->R,0
HUD,S,R->L,0
HUD,S,R->C,0
HUD,S,R->R,0
HUD,S,L->L,0
HUD,S,L->C,0
HUD,S,L->R,0
HUD,S,C->L,0
HUD,S,C->C,1
HUD,S,C->R,0
HUD,S,R->L,0
HUD,S,R->C,0
HUD,S,R->R,0
HUD,S,L->L,0
HUD,S,L->C,1
HUD,S,L->R,0
HUD,S,C->L,0.050000000000000003
HUD,S,C->C,0.94999999999999996
HUD,S,C->R,0
HUD,S,R->L,0
HUD,S,R->C,0
HUD,S,R->R,0
HUD,S,L->L,0
HUD,S,L->C,0
HUD,S,L->R,0
HUD,S,C->L,0
HUD,S,C->C,0.95348837209302317
HUD,S,C->R,0.046511627906976702
HUD,S,R->L,0
HUD,S,R->C,0.5
HUD,S,R->R,0.5
HUD,S,L->L,0
HUD,S,L->C,0
HUD,S,L->R,0
HUD,S,C->L,0
HUD,S,C->C,1
HUD,S,C->R,0
HUD,S,R->L,0
HUD,S,R->C,0
HUD,S,R->R,0
HUD,S,L->L,0
HUD,S,L->C,0
HUD,S,L->R,0
HUD,S,C->L,0
HUD,S,C->C,1
HUD,S,C->R,0
HUD,S,R->L,0
HUD,S,R->C,0
HUD,S,R->R,0
HUD,S,L->L,0
HUD,S,L->C,1
HUD,S,L->R,0
HUD,S,C->L,0.023255813953488299
HUD,S,C->C,0.97674418604651159
HUD,S,C->R,0
HUD,S,R->L,0
HUD,S,R->C,0
HUD,S,R->R,0
HUD,S,L->L,0
HUD,S,L->C,0.5
HUD,S,L->R,0.5
HUD,S,C->L,0.03125
HUD,S,C->C,0.96875
HUD,S,C->R,0
HUD,S,R->L,1
HUD,S,R->C,0
HUD,S,R->R,0
HUD,S,L->L,0
HUD,S,L->C,0
HUD,S,L->R,0
HUD,S,C->L,0
HUD,S,C->C,1
HUD,S,C->R,0
HUD,S,R->L,0
HUD,S,R->C,0
HUD,S,R->R,0
HUD,S,L->L,0
HUD,S,L->C,1
HUD,S,L->R,0
HUD,S,C->L,0.0625
HUD,S,C->C,0.9375
HUD,S,C->R,0
HUD,S,R->L,0
HUD,S,R->C,0
HUD,S,R->R,0
HUD,S,L->L,0
HUD,S,L->C,0
HUD,S,L->R,0
HUD,S,C->L,0
HUD,S,C->C,1
HUD,S,C->R,0
HUD,S,R->L,0
HUD,S,R->C,0
HUD,S,R->R,0
HUD,S,L->L,0
HUD,S,L->C,1
HUD,S,L->R,0
HUD,S,C->L,0
HUD,S,C->C,0
HUD,S,C->R,0
HUD,S,R->L,0
HUD,S,R->C,0
HUD,S,R->R,0
HUD,S,L->L,0
HUD,S,L->C,0
HUD,S,L->R,0
HUD,S,C->L,0
HUD,S,C->C,1
HUD,S,C->R,0
HUD,S,R->L,0
HUD,S,R->C,0
HUD,S,R->R,0
HUD,S,L->L,0
HUD,S,L->C,0
HUD,S,L->R,0
HUD,S,C->L,0
HUD,S,C->C,1
HUD,S,C->R,0
HUD,S,R->L,0
HUD,S,R->C,0
HUD,S,R->R,0
HUD,S,L->L,0
HUD,S,L->C,0
HUD,S,L->R,0
HUD,S,C->L,0
HUD,S,C->C,1
HUD,S,C->R,0
HUD,S,R->L,0
HUD,S,R->C,0
HUD,S,R->R,0
HUD,S,L->L,0
HUD,S,L->C,0
HUD,S,L->R,0
HUD,S,C->L,0
HUD,S,C->C,1
HUD,S,C->R,0
HUD,S,R->L,0
HUD,S,R->C,0
HUD,S,R->R,0
HUD,S,L->L,0
HUD,S,L->C,0
HUD,S,L->R,0
HUD,S,C->L,0
HUD,S,C->C,1
HUD,S,C->R,0
HUD,S,R->L,0
HUD,S,R->C,0
HUD,S,R->R,0
HUD,S,L->L,0.5
HUD,S,L->C,0.5
HUD,S,L->R,0
HUD,S,C->L,0.047619047619047603
HUD,S,C->C,0.95238095238095244
HUD,S,C->R,0
HUD,S,R->L,0
HUD,S,R->C,0
HUD,S,R->R,0
HUD,S,L->L,0
HUD,S,L->C,0
HUD,S,L->R,0
HUD,S,C->L,0
HUD,S,C->C,1
HUD,S,C->R,0
HUD,S,R->L,0
HUD,S,R->C,0
HUD,S,R->R,0
HUD,S,L->L,0
HUD,S,L->C,0
HUD,S,L->R,0
HUD,S,C->L,0
HUD,S,C->C,1
HUD,S,C->R,0
HUD,S,R->L,0
HUD,S,R->C,0
HUD,S,R->R,0
HUD,S,L->L,0
HUD,S,L->C,1
HUD,S,L->R,0
HUD,S,C->L,0.0277777777777777
HUD,S,C->C,0.94444444444444442
HUD,S,C->R,0.0277777777777777
HUD,S,R->L,0
HUD,S,R->C,1
HUD,S,R->R,0
HUD,S,L->L,0
HUD,S,L->C,1
HUD,S,L->R,0
HUD,S,C->L,0.035714285714285698
HUD,S,C->C,0.96428571428571441
HUD,S,C->R,0
HUD,S,R->L,0
HUD,S,R->C,0
HUD,S,R->R,0
RAW,PLR,L->L,0
RAW,PLR,L->C,0
RAW,PLR,L->R,0
RAW,PLR,C->L,0
RAW,PLR,C->C,0.9375
RAW,PLR,C->R,0.0625
RAW,PLR,R->L,0
RAW,PLR,R->C,1
RAW,PLR,R->R,0
RAW,PLR,L->L,0
RAW,PLR,L->C,0
RAW,PLR,L->R,0
RAW,PLR,C->L,0
RAW,PLR,C->C,0.75
RAW,PLR,C->R,0.25
RAW,PLR,R->L,0
RAW,PLR,R->C,1
RAW,PLR,R->R,0
RAW,PLR,L->L,0
RAW,PLR,L->C,0
RAW,PLR,L->R,0
RAW,PLR,C->L,0
RAW,PLR,C->C,1
RAW,PLR,C->R,0
RAW,PLR,R->L,0
RAW,PLR,R->C,0
RAW,PLR,R->R,0
RAW,PLR,L->L,0
RAW,PLR,L->C,0
RAW,PLR,L->R,0
RAW,PLR,C->L,0
RAW,PLR,C->C,1
RAW,PLR,C->R,0
RAW,PLR,R->L,0
RAW,PLR,R->C,0
RAW,PLR,R->R,0
RAW,PLR,L->L,0
RAW,PLR,L->C,0
RAW,PLR,L->R,0
RAW,PLR,C->L,0
RAW,PLR,C->C,0.88888888888888884
RAW,PLR,C->R,0.1111111111111111
RAW,PLR,R->L,0
RAW,PLR,R->C,0.5
RAW,PLR,R->R,0.5
RAW,PLR,L->L,0
RAW,PLR,L->C,0
RAW,PLR,L->R,0
RAW,PLR,C->L,0
RAW,PLR,C->C,1
RAW,PLR,C->R,0
RAW,PLR,R->L,0
RAW,PLR,R->C,0
RAW,PLR,R->R,0
RAW,PLR,L->L,0
RAW,PLR,L->C,0
RAW,PLR,L->R,0
RAW,PLR,C->L,0
RAW,PLR,C->C,0.77777777777777779
RAW,PLR,C->R,0.22222222222222221
RAW,PLR,R->L,0
RAW,PLR,R->C,0.1111111111111111
RAW,PLR,R->R,0.88888888888888884
RAW,PLR,L->L,0
RAW,PLR,L->C,0
RAW,PLR,L->R,0
RAW,PLR,C->L,0
RAW,PLR,C->C,0.69999999999999996
RAW,PLR,C->R,0.29999999999999999
RAW,PLR,R->L,0
RAW,PLR,R->C,0.29999999999999999
RAW,PLR,R->R,0.69999999999999996
RAW,PLR,L->L,0
RAW,PLR,L->C,0
RAW,PLR,L->R,0
RAW,PLR,C->L,0
RAW,PLR,C->C,1
RAW,PLR,C->R,0
RAW,PLR,R->L,0
RAW,PLR,R->C,0
RAW,PLR,R->R,0
RAW,PLR,L->L,0
RAW,PLR,L->C,0
RAW,PLR,L->R,0
RAW,PLR,C->L,0
RAW,PLR,C->C,0.93333333333333324
RAW,PLR,C->R,0.066666666666666596
RAW,PLR,R->L,0
RAW,PLR,R->C,0.5
RAW,PLR,R->R,0.5
RAW,PLR,L->L,0
RAW,PLR,L->C,0
RAW,PLR,L->R,0
RAW,PLR,C->L,0
RAW,PLR,C->C,0.9285714285714286
RAW,PLR,C->R,0.071428571428571397
RAW,PLR,R->L,0
RAW,PLR,R->C,0.5
RAW,PLR,R->R,0.5
RAW,PLR,L->L,0
RAW,PLR,L->C,0
RAW,PLR,L->R,0
RAW,PLR,C->L,0
RAW,PLR,C->C,0.66666666666666663
RAW,PLR,C->R,0.33333333333333331
RAW,PLR,R->L,0
RAW,PLR,R->C,0.33333333333333331
RAW,PLR,R->R,0.66666666666666663
RAW,PLR,L->L,0
RAW,PLR,L->C,0
RAW,PLR,L->R,0
RAW,PLR,C->L,0
RAW,PLR,C->C,0.90909090909090917
RAW,PLR,C->R,0.090909090909090898
RAW,PLR,R->L,0
RAW,PLR,R->C,0.5
RAW,PLR,R->R,0.5
RAW,PLR,L->L,0
RAW,PLR,L->C,0
RAW,PLR,L->R,0
RAW,PLR,C->L,0
RAW,PLR,C->C,0.59999999999999998
RAW,PLR,C->R,0.40000000000000002
RAW,PLR,R->L,0
RAW,PLR,R->C,0.20000000000000001
RAW,PLR,R->R,0.80000000000000004
RAW,PLR,L->L,0
RAW,PLR,L->C,0
RAW,PLR,L->R,0
RAW,PLR,C->L,0
RAW,PLR,C->C,0.83333333333333337
RAW,PLR,C->R,0.1666666666666666
RAW,PLR,R->L,0
RAW,PLR,R->C,0.5
RAW,PLR,R->R,0.5
RAW,PLR,L->L,0
RAW,PLR,L->C,0
RAW,PLR,L->R,0
RAW,PLR,C->L,0
RAW,PLR,C->C,0.875
RAW,PLR,C->R,0.125
RAW,PLR,R->L,0
RAW,PLR,R->C,0
RAW,PLR,R->R,1
RAW,PLR,L->L,0
RAW,PLR,L->C,0
RAW,PLR,L->R,0
RAW,PLR,C->L,0
RAW,PLR,C->C,1
RAW,PLR,C->R,0
RAW,PLR,R->L,0
RAW,PLR,R->C,0
RAW,PLR,R->R,0
RAW,PLR,L->L,0
RAW,PLR,L->C,0
RAW,PLR,L->R,0
RAW,PLR,C->L,0
RAW,PLR,C->C,0.92307692307692324
RAW,PLR,C->R,0.0769230769230769
RAW,PLR,R->L,0
RAW,PLR,R->C,0
RAW,PLR,R->R,1
RAW,PLR,L->L,0
RAW,PLR,L->C,0
RAW,PLR,L->R,0
RAW,PLR,C->L,0
RAW,PLR,C->C,1
RAW,PLR,C->R,0
RAW,PLR,R->L,0
RAW,PLR,R->C,0
RAW,PLR,R->R,0
RAW,PLR,L->L,0
RAW,PLR,L->C,0
RAW,PLR,L->R,0
RAW,PLR,C->L,0
RAW,PLR,C->C,1
RAW,PLR,C->R,0
RAW,PLR,R->L,0
RAW,PLR,R->C,0
RAW,PLR,R->R,0
RAW,PLR,L->L,0
RAW,PLR,L->C,0
RAW,PLR,L->R,0
RAW,PLR,C->L,0
RAW,PLR,C->C,1
RAW,PLR,C->R,0
RAW,PLR,R->L,0
RAW,PLR,R->C,0
RAW,PLR,R->R,0
RAW,PLR,L->L,0
RAW,PLR,L->C,0
RAW,PLR,L->R,0
RAW,PLR,C->L,0
RAW,PLR,C->C,1
RAW,PLR,C->R,0
RAW,PLR,R->L,0
RAW,PLR,R->C,0
RAW,PLR,R->R,0
RAW,PLR,L->L,0
RAW,PLR,L->C,0
RAW,PLR,L->R,0
RAW,PLR,C->L,0
RAW,PLR,C->C,0.91666666666666663
RAW,PLR,C->R,0.083333333333333301
RAW,PLR,R->L,0
RAW,PLR,R->C,1
RAW,PLR,R->R,0
RAW,PLR,L->L,0
RAW,PLR,L->C,0
RAW,PLR,L->R,0
RAW,PLR,C->L,0
RAW,PLR,C->C,1
RAW,PLR,C->R,0
RAW,PLR,R->L,0
RAW,PLR,R->C,0
RAW,PLR,R->R,0
RAW,PLR,L->L,0
RAW,PLR,L->C,0
RAW,PLR,L->R,0
RAW,PLR,C->L,0
RAW,PLR,C->C,0.75
RAW,PLR,C->R,0.25
RAW,PLR,R->L,0
RAW,PLR,R->C,0.5
RAW,PLR,R->R,0.5
RAW,PLR,L->L,0
RAW,PLR,L->C,0
RAW,PLR,L->R,0
RAW,PLR,C->L,0
RAW,PLR,C->C,1
RAW,PLR,C->R,0
RAW,PLR,R->L,0
RAW,PLR,R->C,0
RAW,PLR,R->R,0
RAW,PLR,L->L,0
RAW,PLR,L->C,0
RAW,PLR,L->R,0
RAW,PLR,C->L,0
RAW,PLR,C->C,0.91666666666666663
RAW,PLR,C->R,0.083333333333333301
RAW,PLR,R->L,0
RAW,PLR,R->C,1
RAW,PLR,R->R,0
RAW,PLR,L->L,0
RAW,PLR,L->C,0
RAW,PLR,L->R,0
RAW,PLR,C->L,0
RAW,PLR,C->C,1
RAW,PLR,C->R,0
RAW,PLR,R->L,0
RAW,PLR,R->C,0
RAW,PLR,R->R,0
RAW,PLR,L->L,0
RAW,PLR,L->C,0
RAW,PLR,L->R,0
RAW,PLR,C->L,0
RAW,PLR,C->C,1
RAW,PLR,C->R,0
RAW,PLR,R->L,0
RAW,PLR,R->C,0
RAW,PLR,R->R,0
RAW,PLR,L->L,1
RAW,PLR,L->C,0
RAW,PLR,L->R,0
RAW,PLR,C->L,0.33333333333333331
RAW,PLR,C->C,0.66666666666666663
RAW,PLR,C->R,0
RAW,PLR,R->L,0
RAW,PLR,R->C,0
RAW,PLR,R->R,0
RAW,PLR,L->L,0
RAW,PLR,L->C,0
RAW,PLR,L->R,0
RAW,PLR,C->L,0
RAW,PLR,C->C,1
RAW,PLR,C->R,0
RAW,PLR,R->L,0
RAW,PLR,R->C,0
RAW,PLR,R->R,0
RAW,PLR,L->L,0
RAW,PLR,L->C,0
RAW,PLR,L->R,0
RAW,PLR,C->L,0
RAW,PLR,C->C,1
RAW,PLR,C->R,0
RAW,PLR,R->L,0
RAW,PLR,R->C,0
RAW,PLR,R->R,0
RAW,PLR,L->L,0
RAW,PLR,L->C,0
RAW,PLR,L->R,0
RAW,PLR,C->L,0
RAW,PLR,C->C,0.91666666666666663
RAW,PLR,C->R,0.083333333333333301
RAW,PLR,R->L,0
RAW,PLR,R->C,1
RAW,PLR,R->R,0
RAW,PLR,L->L,0
RAW,PLR,L->C,0
RAW,PLR,L->R,0
RAW,PLR,C->L,0
RAW,PLR,C->C,1
RAW,PLR,C->R,0
RAW,PLR,R->L,0
RAW,PLR,R->C,0
RAW,PLR,R->R,0
RAW,PLR,L->L,0
RAW,PLR,L->C,0
RAW,PLR,L->R,0
RAW,PLR,C->L,0
RAW,PLR,C->C,1
RAW,PLR,C->R,0
RAW,PLR,R->L,0
RAW,PLR,R->C,0
RAW,PLR,R->R,0
RAW,PLR,L->L,0
RAW,PLR,L->C,0
RAW,PLR,L->R,0
RAW,PLR,C->L,0
RAW,PLR,C->C,0.75
RAW,PLR,C->R,0.25
RAW,PLR,R->L,0
RAW,PLR,R->C,0.20000000000000001
RAW,PLR,R->R,0.80000000000000004
RAW,PLR,L->L,0
RAW,PLR,L->C,0
RAW,PLR,L->R,0
RAW,PLR,C->L,0
RAW,PLR,C->C,1
RAW,PLR,C->R,0
RAW,PLR,R->L,0
RAW,PLR,R->C,0
RAW,PLR,R->R,0
RAW,PLR,L->L,0
RAW,PLR,L->C,0
RAW,PLR,L->R,0
RAW,PLR,C->L,0
RAW,PLR,C->C,0.66666666666666663
RAW,PLR,C->R,0.33333333333333331
RAW,PLR,R->L,0
RAW,PLR,R->C,0.59999999999999998
RAW,PLR,R->R,0.40000000000000002
RAW,PLR,L->L,0
RAW,PLR,L->C,0
RAW,PLR,L->R,0
RAW,PLR,C->L,0
RAW,PLR,C->C,1
RAW,PLR,C->R,0
RAW,PLR,R->L,0
RAW,PLR,R->C,0
RAW,PLR,R->R,0
RAW,PLR,L->L,0
RAW,PLR,L->C,0
RAW,PLR,L->R,0
RAW,PLR,C->L,0
RAW,PLR,C->C,1
RAW,PLR,C->R,0
RAW,PLR,R->L,0
RAW,PLR,R->C,0
RAW,PLR,R->R,0
RAW,PLR,L->L,0
RAW,PLR,L->C,0
RAW,PLR,L->R,0
RAW,PLR,C->L,0
RAW,PLR,C->C,1
RAW,PLR,C->R,0
RAW,PLR,R->L,0
RAW,PLR,R->C,0
RAW,PLR,R->R,0
RAW,PLR,L->L,0
RAW,PLR,L->C,0
RAW,PLR,L->R,0
RAW,PLR,C->L,0
RAW,PLR,C->C,1
RAW,PLR,C->R,0
RAW,PLR,R->L,0
RAW,PLR,R->C,0
RAW,PLR,R->R,0
RAW,PLR,L->L,0
RAW,PLR,L->C,0
RAW,PLR,L->R,0
RAW,PLR,C->L,0
RAW,PLR,C->C,1
RAW,PLR,C->R,0
RAW,PLR,R->L,0
RAW,PLR,R->C,0
RAW,PLR,R->R,0
RAW,PLR,L->L,0
RAW,PLR,L->C,0
RAW,PLR,L->R,0
RAW,PLR,C->L,0
RAW,PLR,C->C,0.8571428571428571
RAW,PLR,C->R,0.14285714285714279
RAW,PLR,R->L,0
RAW,PLR,R->C,0
RAW,PLR,R->R,0
RAW,PLR,L->L,0
RAW,PLR,L->C,0
RAW,PLR,L->R,0
RAW,PLR,C->L,0
RAW,PLR,C->C,1
RAW,PLR,C->R,0
RAW,PLR,R->L,0
RAW,PLR,R->C,0
RAW,PLR,R->R,0
RAW,PLR,L->L,0
RAW,PLR,L->C,0
RAW,PLR,L->R,0
RAW,PLR,C->L,0
RAW,PLR,C->C,0.59999999999999998
RAW,PLR,C->R,0.40000000000000002
RAW,PLR,R->L,0
RAW,PLR,R->C,0.29999999999999999
RAW,PLR,R->R,0.69999999999999996
RAW,PLR,L->L,0
RAW,PLR,L->C,0
RAW,PLR,L->R,0
RAW,PLR,C->L,0
RAW,PLR,C->C,0.875
RAW,PLR,C->R,0.125
RAW,PLR,R->L,0
RAW,PLR,R->C,1
RAW,PLR,R->R,0
RAW,PLR,L->L,0
RAW,PLR,L->C,0
RAW,PLR,L->R,0
RAW,PLR,C->L,0
RAW,PLR,C->C,0.77777777777777779
RAW,PLR,C->R,0.22222222222222221
RAW,PLR,R->L,0
RAW,PLR,R->C,0.20000000000000001
RAW,PLR,R->R,0.80000000000000004
RAW,PLR,L->L,0
RAW,PLR,L->C,0
RAW,PLR,L->R,0
RAW,PLR,C->L,0
RAW,PLR,C->C,0.83333333333333337
RAW,PLR,C->R,0.1666666666666666
RAW,PLR,R->L,0
RAW,PLR,R->C,0.5
RAW,PLR,R->R,0.5
RAW,PLR,L->L,0
RAW,PLR,L->C,0
RAW,PLR,L->R,0
RAW,PLR,C->L,0
RAW,PLR,C->C,1
RAW,PLR,C->R,0
RAW,PLR,R->L,0
RAW,PLR,R->C,0
RAW,PLR,R->R,0
RAW,PLR,L->L,0
RAW,PLR,L->C,0
RAW,PLR,L->R,0
RAW,PLR,C->L,0
RAW,PLR,C->C,1
RAW,PLR,C->R,0
RAW,PLR,R->L,0
RAW,PLR,R->C,0
RAW,PLR,R->R,0
RAW,PLR,L->L,0
RAW,PLR,L->C,0
RAW,PLR,L->R,0
RAW,PLR,C->L,0
RAW,PLR,C->C,1
RAW,PLR,C->R,0
RAW,PLR,R->L,0
RAW,PLR,R->C,0
RAW,PLR,R->R,0
RAW,PLR,L->L,0
RAW,PLR,L->C,0
RAW,PLR,L->R,0
RAW,PLR,C->L,0
RAW,PLR,C->C,1
RAW,PLR,C->R,0
RAW,PLR,R->L,0
RAW,PLR,R->C,0
RAW,PLR,R->R,0
RAW,PLR,L->L,0
RAW,PLR,L->C,0
RAW,PLR,L->R,0
RAW,PLR,C->L,0
RAW,PLR,C->C,0.88888888888888884
RAW,PLR,C->R,0.1111111111111111
RAW,PLR,R->L,0
RAW,PLR,R->C,0.20000000000000001
RAW,PLR,R->R,0.80000000000000004
RAW,PLR,L->L,0
RAW,PLR,L->C,0
RAW,PLR,L->R,0
RAW,PLR,C->L,0
RAW,PLR,C->C,1
RAW,PLR,C->R,0
RAW,PLR,R->L,0
RAW,PLR,R->C,0
RAW,PLR,R->R,0
RAW,PLR,L->L,0
RAW,PLR,L->C,0
RAW,PLR,L->R,0
RAW,PLR,C->L,0
RAW,PLR,C->C,0.77777777777777779
RAW,PLR,C->R,0.22222222222222221
RAW,PLR,R->L,0
RAW,PLR,R->C,0.40000000000000002
RAW,PLR,R->R,0.59999999999999998
RAW,PLR,L->L,0
RAW,PLR,L->C,0
RAW,PLR,L->R,0
RAW,PLR,C->L,0.083333333333333301
RAW,PLR,C->C,0.91666666666666663
RAW,PLR,C->R,0
RAW,PLR,R->L,0
RAW,PLR,R->C,0
RAW,PLR,R->R,0
RAW,PLR,L->L,0
RAW,PLR,L->C,0
RAW,PLR,L->R,0
RAW,PLR,C->L,0
RAW,PLR,C->C,0.88888888888888884
RAW,PLR,C->R,0.1111111111111111
RAW,PLR,R->L,0
RAW,PLR,R->C,0.5
RAW,PLR,R->R,0.5
RAW,PLR,L->L,0
RAW,PLR,L->C,0
RAW,PLR,L->R,0
RAW,PLR,C->L,0
RAW,PLR,C->C,1
RAW,PLR,C->R,0
RAW,PLR,R->L,0
RAW,PLR,R->C,0
RAW,PLR,R->R,0
RAW,PLR,L->L,0
RAW,PLR,L->C,0
RAW,PLR,L->R,0
RAW,PLR,C->L,0
RAW,PLR,C->C,0.93333333333333324
RAW,PLR,C->R,0.066666666666666596
RAW,PLR,R->L,0
RAW,PLR,R->C,1
RAW,PLR,R->R,0
RAW,PLR,L->L,0.5
RAW,PLR,L->C,0.5
RAW,PLR,L->R,0
RAW,PLR,C->L,0.20000000000000001
RAW,PLR,C->C,0.69999999999999996
RAW,PLR,C->R,0.10000000000000001
RAW,PLR,R->L,0
RAW,PLR,R->C,1
RAW,PLR,R->R,0
RAW,PLR,L->L,0
RAW,PLR,L->C,0
RAW,PLR,L->R,0
RAW,PLR,C->L,0
RAW,PLR,C->C,1
RAW,PLR,C->R,0
RAW,PLR,R->L,0
RAW,PLR,R->C,0
RAW,PLR,R->R,0
RAW,PLR,L->L,0
RAW,PLR,L->C,0
RAW,PLR,L->R,0
RAW,PLR,C->L,0
RAW,PLR,C->C,1
RAW,PLR,C->R,0
RAW,PLR,R->L,0
RAW,PLR,R->C,0
RAW,PLR,R->R,0
RAW,PLR,L->L,0
RAW,PLR,L->C,0
RAW,PLR,L->R,0
RAW,PLR,C->L,0
RAW,PLR,C->C,1
RAW,PLR,C->R,0
RAW,PLR,R->L,0
RAW,PLR,R->C,0
RAW,PLR,R->R,0
RAW,PLR,L->L,0
RAW,PLR,L->C,0.5
RAW,PLR,L->R,0.5
RAW,PLR,C->L,0.14285714285714279
RAW,PLR,C->C,0.42857142857142849
RAW,PLR,C->R,0.42857142857142849
RAW,PLR,R->L,0
RAW,PLR,R->C,0.42857142857142849
RAW,PLR,R->R,0.5714285714285714
RAW,PLR,L->L,0
RAW,PLR,L->C,0
RAW,PLR,L->R,0
RAW,PLR,C->L,0
RAW,PLR,C->C,1
RAW,PLR,C->R,0
RAW,PLR,R->L,0
RAW,PLR,R->C,0
RAW,PLR,R->R,0
RAW,PLR,L->L,0
RAW,PLR,L->C,0
RAW,PLR,L->R,0
RAW,PLR,C->L,0
RAW,PLR,C->C,1
RAW,PLR,C->R,0
RAW,PLR,R->L,0
RAW,PLR,R->C,0
RAW,PLR,R->R,0
RAW,PLR,L->L,0
RAW,PLR,L->C,0
RAW,PLR,L->R,0
RAW,PLR,C->L,0
RAW,PLR,C->C,0.72727272727272729
RAW,PLR,C->R,0.27272727272727271
RAW,PLR,R->L,0
RAW,PLR,R->C,0.75
RAW,PLR,R->R,0.25
RAW,PLR,L->L,0
RAW,PLR,L->C,0
RAW,PLR,L->R,0
RAW,PLR,C->L,0
RAW,PLR,C->C,1
RAW,PLR,C->R,0
RAW,PLR,R->L,0
RAW,PLR,R->C,0
RAW,PLR,R->R,0
RAW,PLR,L->L,0
RAW,PLR,L->C,0
RAW,PLR,L->R,0
RAW,PLR,C->L,0
RAW,PLR,C->C,1
RAW,PLR,C->R,0
RAW,PLR,R->L,0
RAW,PLR,R->C,0
RAW,PLR,R->R,0
RAW,PLR,L->L,0
RAW,PLR,L->C,0
RAW,PLR,L->R,0
RAW,PLR,C->L,0
RAW,PLR,C->C,1
RAW,PLR,C->R,0
RAW,PLR,R->L,0
RAW,PLR,R->C,0
RAW,PLR,R->R,0
RAW,PLR,L->L,0
RAW,PLR,L->C,0
RAW,PLR,L->R,0
RAW,PLR,C->L,0
RAW,PLR,C->C,1
RAW,PLR,C->R,0
RAW,PLR,R->L,0
RAW,PLR,R->C,1
RAW,PLR,R->R,0
RAW,PLR,L->L,0
RAW,PLR,L->C,0
RAW,PLR,L->R,0
RAW,PLR,C->L,0
RAW,PLR,C->C,1
RAW,PLR,C->R,0
RAW,PLR,R->L,0
RAW,PLR,R->C,0
RAW,PLR,R->R,0
RAW,PLR,L->L,0
RAW,PLR,L->C,0
RAW,PLR,L->R,0
RAW,PLR,C->L,0
RAW,PLR,C->C,1
RAW,PLR,C->R,0
RAW,PLR,R->L,0
RAW,PLR,R->C,0
RAW,PLR,R->R,0
RAW,PLR,L->L,0
RAW,PLR,L->C,0
RAW,PLR,L->R,0
RAW,PLR,C->L,0
RAW,PLR,C->C,1
RAW,PLR,C->R,0
RAW,PLR,R->L,0
RAW,PLR,R->C,0
RAW,PLR,R->R,0
RAW,PLR,L->L,0
RAW,PLR,L->C,0
RAW,PLR,L->R,0
RAW,PLR,C->L,0
RAW,PLR,C->C,1
RAW,PLR,C->R,0
RAW,PLR,R->L,0
RAW,PLR,R->C,0
RAW,PLR,R->R,0
RAW,PLR,L->L,0
RAW,PLR,L->C,0
RAW,PLR,L->R,0
RAW,PLR,C->L,0
RAW,PLR,C->C,1
RAW,PLR,C->R,0
RAW,PLR,R->L,0
RAW,PLR,R->C,0
RAW,PLR,R->R,0
RAW,PLR,L->L,0
RAW,PLR,L->C,0
RAW,PLR,L->R,0
RAW,PLR,C->L,0
RAW,PLR,C->C,1
RAW,PLR,C->R,0
RAW,PLR,R->L,0
RAW,PLR,R->C,0
RAW,PLR,R->R,0
RAW,PLR,L->L,0
RAW,PLR,L->C,0
RAW,PLR,L->R,0
RAW,PLR,C->L,0
RAW,PLR,C->C,1
RAW,PLR,C->R,0
RAW,PLR,R->L,0
RAW,PLR,R->C,0
RAW,PLR,R->R,0
RAW,PLR,L->L,0
RAW,PLR,L->C,0
RAW,PLR,L->R,0
RAW,PLR,C->L,0
RAW,PLR,C->C,1
RAW,PLR,C->R,0
RAW,PLR,R->L,0
RAW,PLR,R->C,0
RAW,PLR,R->R,0
RAW,PLR,L->L,0
RAW,PLR,L->C,0
RAW,PLR,L->R,0
RAW,PLR,C->L,0
RAW,PLR,C->C,1
RAW,PLR,C->R,0
RAW,PLR,R->L,0
RAW,PLR,R->C,0
RAW,PLR,R->R,0
RAW,PLR,L->L,0
RAW,PLR,L->C,0
RAW,PLR,L->R,0
RAW,PLR,C->L,0
RAW,PLR,C->C,1
RAW,PLR,C->R,0
RAW,PLR,R->L,0
RAW,PLR,R->C,0
RAW,PLR,R->R,0
RAW,PLR,L->L,0
RAW,PLR,L->C,0
RAW,PLR,L->R,0
RAW,PLR,C->L,0
RAW,PLR,C->C,1
RAW,PLR,C->R,0
RAW,PLR,R->L,0
RAW,PLR,R->C,0
RAW,PLR,R->R,0
RAW,PLR,L->L,0
RAW,PLR,L->C,0
RAW,PLR,L->R,0
RAW,PLR,C->L,0
RAW,PLR,C->C,1
RAW,PLR,C->R,0
RAW,PLR,R->L,0
RAW,PLR,R->C,0
RAW,PLR,R->R,0
RAW,PLR,L->L,0
RAW,PLR,L->C,0
RAW,PLR,L->R,0
RAW,PLR,C->L,0
RAW,PLR,C->C,1
RAW,PLR,C->R,0
RAW,PLR,R->L,0
RAW,PLR,R->C,0
RAW,PLR,R->R,0
RAW,PLR,L->L,0
RAW,PLR,L->C,0
RAW,PLR,L->R,0
RAW,PLR,C->L,0
RAW,PLR,C->C,1
RAW,PLR,C->R,0
RAW,PLR,R->L,0
RAW,PLR,R->C,0
RAW,PLR,R->R,0
RAW,PLR,L->L,0
RAW,PLR,L->C,1
RAW,PLR,L->R,0
RAW,PLR,C->L,0.125
RAW,PLR,C->C,0.625
RAW,PLR,C->R,0.25
RAW,PLR,R->L,0
RAW,PLR,R->C,1
RAW,PLR,R->R,0
RAW,PLR,L->L,0
RAW,PLR,L->C,0
RAW,PLR,L->R,0
RAW,PLR,C->L,0
RAW,PLR,C->C,1
RAW,PLR,C->R,0
RAW,PLR,R->L,0
RAW,PLR,R->C,0
RAW,PLR,R->R,0
RAW,PLR,L->L,0
RAW,PLR,L->C,0
RAW,PLR,L->R,0
RAW,PLR,C->L,0
RAW,PLR,C->C,0.75
RAW,PLR,C->R,0.25
RAW,PLR,R->L,0
RAW,PLR,R->C,0.2857142857142857
RAW,PLR,R->R,0.7142857142857143
RAW,PLR,L->L,0
RAW,PLR,L->C,0
RAW,PLR,L->R,0
RAW,PLR,C->L,0
RAW,PLR,C->C,0
RAW,PLR,C->R,0
RAW,PLR,R->L,0
RAW,PLR,R->C,0
RAW,PLR,R->R,0
RAW,PLR,L->L,0
RAW,PLR,L->C,0
RAW,PLR,L->R,0
RAW,PLR,C->L,0
RAW,PLR,C->C,0.59999999999999998
RAW,PLR,C->R,0.40000000000000002
RAW,PLR,R->L,0
RAW,PLR,R->C,0.5
RAW,PLR,R->R,0.5
RAW,PLR,L->L,0
RAW,PLR,L->C,0
RAW,PLR,L->R,0
RAW,PLR,C->L,0
RAW,PLR,C->C,1
RAW,PLR,C->R,0
RAW,PLR,R->L,0
RAW,PLR,R->C,0
RAW,PLR,R->R,0
RAW,PLR,L->L,0
RAW,PLR,L->C,0
RAW,PLR,L->R,0
RAW,PLR,C->L,0
RAW,PLR,C->C,0.91666666666666663
RAW,PLR,C->R,0.083333333333333301
RAW,PLR,R->L,0
RAW,PLR,R->C,0.33333333333333331
RAW,PLR,R->R,0.66666666666666663
RAW,PLR,L->L,0
RAW,PLR,L->C,0
RAW,PLR,L->R,0
RAW,PLR,C->L,0
RAW,PLR,C->C,0.83333333333333337
RAW,PLR,C->R,0.1666666666666666
RAW,PLR,R->L,0
RAW,PLR,R->C,1
RAW,PLR,R->R,0
RAW,PLR,L->L,0
RAW,PLR,L->C,0
RAW,PLR,L->R,0
RAW,PLR,C->L,0
RAW,PLR,C->C,1
RAW,PLR,C->R,0
RAW,PLR,R->L,0
RAW,PLR,R->C,0
RAW,PLR,R->R,0
RAW,PLR,L->L,0
RAW,PLR,L->C,0
RAW,PLR,L->R,0
RAW,PLR,C->L,0
RAW,PLR,C->C,1
RAW,PLR,C->R,0
RAW,PLR,R->L,0
RAW,PLR,R->C,0
RAW,PLR,R->R,0
RAW,PLR,L->L,0
RAW,PLR,L->C,0
RAW,PLR,L->R,0
RAW,PLR,C->L,0
RAW,PLR,C->C,1
RAW,PLR,C->R,0
RAW,PLR,R->L,0
RAW,PLR,R->C,0
RAW,PLR,R->R,0
RAW,PLR,L->L,0
RAW,PLR,L->C,0
RAW,PLR,L->R,0
RAW,PLR,C->L,0
RAW,PLR,C->C,0.875
RAW,PLR,C->R,0.125
RAW,PLR,R->L,0
RAW,PLR,R->C,0.5
RAW,PLR,R->R,0.5
RAW,PLR,L->L,0
RAW,PLR,L->C,0
RAW,PLR,L->R,0
RAW,PLR,C->L,0
RAW,PLR,C->C,1
RAW,PLR,C->R,0
RAW,PLR,R->L,0
RAW,PLR,R->C,0
RAW,PLR,R->R,0
RAW,PLR,L->L,0
RAW,PLR,L->C,0
RAW,PLR,L->R,0
RAW,PLR,C->L,0
RAW,PLR,C->C,1
RAW,PLR,C->R,0
RAW,PLR,R->L,0
RAW,PLR,R->C,0
RAW,PLR,R->R,0
RAW,PLR,L->L,0
RAW,PLR,L->C,0
RAW,PLR,L->R,0
RAW,PLR,C->L,0
RAW,PLR,C->C,0.92307692307692324
RAW,PLR,C->R,0.0769230769230769
RAW,PLR,R->L,0
RAW,PLR,R->C,1
RAW,PLR,R->R,0
RAW,PLR,L->L,0
RAW,PLR,L->C,0
RAW,PLR,L->R,0
RAW,PLR,C->L,0
RAW,PLR,C->C,0.75
RAW,PLR,C->R,0.25
RAW,PLR,R->L,0
RAW,PLR,R->C,1
RAW,PLR,R->R,0
RAW,PLR,L->L,0
RAW,PLR,L->C,0
RAW,PLR,L->R,0
RAW,PLR,C->L,0
RAW,PLR,C->C,0.8571428571428571
RAW,PLR,C->R,0.14285714285714279
RAW,PLR,R->L,0
RAW,PLR,R->C,0.5
RAW,PLR,R->R,0.5
RAW,PLR,L->L,0
RAW,PLR,L->C,0
RAW,PLR,L->R,0
RAW,PLR,C->L,0
RAW,PLR,C->C,1
RAW,PLR,C->R,0
RAW,PLR,R->L,0
RAW,PLR,R->C,0
RAW,PLR,R->R,0
RAW,PLR,L->L,0
RAW,PLR,L->C,0
RAW,PLR,L->R,0
RAW,PLR,C->L,0
RAW,PLR,C->C,0.83333333333333337
RAW,PLR,C->R,0.1666666666666666
RAW,PLR,R->L,0
RAW,PLR,R->C,0.33333333333333331
RAW,PLR,R->R,0.66666666666666663
RAW,PLR,L->L,0
RAW,PLR,L->C,0
RAW,PLR,L->R,0
RAW,PLR,C->L,0
RAW,PLR,C->C,1
RAW,PLR,C->R,0
RAW,PLR,R->L,0
RAW,PLR,R->C,0
RAW,PLR,R->R,0
RAW,PLR,L->L,0
RAW,PLR,L->C,0
RAW,PLR,L->R,0
RAW,PLR,C->L,0
RAW,PLR,C->C,1
RAW,PLR,C->R,0
RAW,PLR,R->L,0
RAW,PLR,R->C,0
RAW,PLR,R->R,0
RAW,PLR,L->L,0
RAW,PLR,L->C,0
RAW,PLR,L->R,0
RAW,PLR,C->L,0
RAW,PLR,C->C,1
RAW,PLR,C->R,0
RAW,PLR,R->L,0
RAW,PLR,R->C,0
RAW,PLR,R->R,0
RAW,PLR,L->L,0
RAW,PLR,L->C,0
RAW,PLR,L->R,0
RAW,PLR,C->L,0
RAW,PLR,C->C,1
RAW,PLR,C->R,0
RAW,PLR,R->L,0
RAW,PLR,R->C,0
RAW,PLR,R->R,0
RAW,PLR,L->L,0
RAW,PLR,L->C,0
RAW,PLR,L->R,0
RAW,PLR,C->L,0
RAW,PLR,C->C,1
RAW,PLR,C->R,0
RAW,PLR,R->L,0
RAW,PLR,R->C,0
RAW,PLR,R->R,0
RAW,PLR,L->L,0
RAW,PLR,L->C,0
RAW,PLR,L->R,0
RAW,PLR,C->L,0
RAW,PLR,C->C,1
RAW,PLR,C->R,0
RAW,PLR,R->L,0
RAW,PLR,R->C,0
RAW,PLR,R->R,0
HUD,PLR,L->L,0
HUD,PLR,L->C,0
HUD,PLR,L->R,0
HUD,PLR,C->L,0
HUD,PLR,C->C,0.42857142857142849
HUD,PLR,C->R,0.5714285714285714
HUD,PLR,R->L,0
HUD,PLR,R->C,0.375
HUD,PLR,R->R,0.625
HUD,PLR,L->L,0
HUD,PLR,L->C,0
HUD,PLR,L->R,0
HUD,PLR,C->L,0
HUD,PLR,C->C,0.59999999999999998
HUD,PLR,C->R,0.40000000000000002
HUD,PLR,R->L,0
HUD,PLR,R->C,1
HUD,PLR,R->R,0
HUD,PLR,L->L,0
HUD,PLR,L->C,0
HUD,PLR,L->R,0
HUD,PLR,C->L,0
HUD,PLR,C->C,0.69999999999999996
HUD,PLR,C->R,0.29999999999999999
HUD,PLR,R->L,0
HUD,PLR,R->C,0.59999999999999998
HUD,PLR,R->R,0.40000000000000002
HUD,PLR,L->L,0
HUD,PLR,L->C,0
HUD,PLR,L->R,0
HUD,PLR,C->L,0
HUD,PLR,C->C,0.90000000000000002
HUD,PLR,C->R,0.10000000000000001
HUD,PLR,R->L,0
HUD,PLR,R->C,0.33333333333333331
HUD,PLR,R->R,0.66666666666666663
HUD,PLR,L->L,0
HUD,PLR,L->C,0
HUD,PLR,L->R,0
HUD,PLR,C->L,0
HUD,PLR,C->C,0.33333333333333331
HUD,PLR,C->R,0.66666666666666663
HUD,PLR,R->L,0
HUD,PLR,R->C,0.1333333333333333
HUD,PLR,R->R,0.8666666666666667
HUD,PLR,L->L,0
HUD,PLR,L->C,0
HUD,PLR,L->R,0
HUD,PLR,C->L,0
HUD,PLR,C->C,0.77777777777777779
HUD,PLR,C->R,0.22222222222222221
HUD,PLR,R->L,0
HUD,PLR,R->C,0.5
HUD,PLR,R->R,0.5
HUD,PLR,L->L,0
HUD,PLR,L->C,0
HUD,PLR,L->R,0
HUD,PLR,C->L,0
HUD,PLR,C->C,0.83333333333333337
HUD,PLR,C->R,0.1666666666666666
HUD,PLR,R->L,0
HUD,PLR,R->C,0
HUD,PLR,R->R,1
HUD,PLR,L->L,0
HUD,PLR,L->C,0
HUD,PLR,L->R,0
HUD,PLR,C->L,0
HUD,PLR,C->C,1
HUD,PLR,C->R,0
HUD,PLR,R->L,0
HUD,PLR,R->C,0
HUD,PLR,R->R,0
HUD,PLR,L->L,0
HUD,PLR,L->C,0
HUD,PLR,L->R,0
HUD,PLR,C->L,0
HUD,PLR,C->C,1
HUD,PLR,C->R,0
HUD,PLR,R->L,0
HUD,PLR,R->C,0
HUD,PLR,R->R,0
HUD,PLR,L->L,0
HUD,PLR,L->C,0
HUD,PLR,L->R,0
HUD,PLR,C->L,0
HUD,PLR,C->C,0.81818181818181823
HUD,PLR,C->R,0.1818181818181818
HUD,PLR,R->L,0
HUD,PLR,R->C,0.40000000000000002
HUD,PLR,R->R,0.59999999999999998
HUD,PLR,L->L,0
HUD,PLR,L->C,0
HUD,PLR,L->R,0
HUD,PLR,C->L,0
HUD,PLR,C->C,0.9285714285714286
HUD,PLR,C->R,0.071428571428571397
HUD,PLR,R->L,0
HUD,PLR,R->C,0.5
HUD,PLR,R->R,0.5
HUD,PLR,L->L,0
HUD,PLR,L->C,0
HUD,PLR,L->R,0
HUD,PLR,C->L,0
HUD,PLR,C->C,0.59999999999999998
HUD,PLR,C->R,0.40000000000000002
HUD,PLR,R->L,0
HUD,PLR,R->C,0.33333333333333331
HUD,PLR,R->R,0.66666666666666663
HUD,PLR,L->L,0
HUD,PLR,L->C,0
HUD,PLR,L->R,0
HUD,PLR,C->L,0
HUD,PLR,C->C,0.9285714285714286
HUD,PLR,C->R,0.071428571428571397
HUD,PLR,R->L,0
HUD,PLR,R->C,1
HUD,PLR,R->R,0
HUD,PLR,L->L,0
HUD,PLR,L->C,0
HUD,PLR,L->R,0
HUD,PLR,C->L,0
HUD,PLR,C->C,0.66666666666666663
HUD,PLR,C->R,0.33333333333333331
HUD,PLR,R->L,0
HUD,PLR,R->C,0.5
HUD,PLR,R->R,0.5
HUD,PLR,L->L,0
HUD,PLR,L->C,0
HUD,PLR,L->R,0
HUD,PLR,C->L,0
HUD,PLR,C->C,0.59999999999999998
HUD,PLR,C->R,0.40000000000000002
HUD,PLR,R->L,0
HUD,PLR,R->C,0.66666666666666663
HUD,PLR,R->R,0.33333333333333331
HUD,PLR,L->L,0
HUD,PLR,L->C,0
HUD,PLR,L->R,0
HUD,PLR,C->L,0
HUD,PLR,C->C,1
HUD,PLR,C->R,0
HUD,PLR,R->L,0
HUD,PLR,R->C,0
HUD,PLR,R->R,0
HUD,PLR,L->L,0
HUD,PLR,L->C,0
HUD,PLR,L->R,0
HUD,PLR,C->L,0
HUD,PLR,C->C,1
HUD,PLR,C->R,0
HUD,PLR,R->L,0
HUD,PLR,R->C,0.14285714285714279
HUD,PLR,R->R,0.8571428571428571
HUD,PLR,L->L,0
HUD,PLR,L->C,0
HUD,PLR,L->R,0
HUD,PLR,C->L,0
HUD,PLR,C->C,0.93333333333333324
HUD,PLR,C->R,0.066666666666666596
HUD,PLR,R->L,0
HUD,PLR,R->C,0
HUD,PLR,R->R,0
HUD,PLR,L->L,0
HUD,PLR,L->C,0
HUD,PLR,L->R,0
HUD,PLR,C->L,0
HUD,PLR,C->C,0.80000000000000004
HUD,PLR,C->R,0.20000000000000001
HUD,PLR,R->L,0
HUD,PLR,R->C,0.5
HUD,PLR,R->R,0.5
HUD,PLR,L->L,0
HUD,PLR,L->C,0
HUD,PLR,L->R,0
HUD,PLR,C->L,0
HUD,PLR,C->C,1
HUD,PLR,C->R,0
HUD,PLR,R->L,0
HUD,PLR,R->C,0
HUD,PLR,R->R,0
HUD,PLR,L->L,0
HUD,PLR,L->C,0
HUD,PLR,L->R,0
HUD,PLR,C->L,0
HUD,PLR,C->C,1
HUD,PLR,C->R,0
HUD,PLR,R->L,0
HUD,PLR,R->C,0
HUD,PLR,R->R,0
HUD,PLR,L->L,0
HUD,PLR,L->C,0
HUD,PLR,L->R,0
HUD,PLR,C->L,0
HUD,PLR,C->C,0.8571428571428571
HUD,PLR,C->R,0.14285714285714279
HUD,PLR,R->L,0
HUD,PLR,R->C,1
HUD,PLR,R->R,0
HUD,PLR,L->L,0
HUD,PLR,L->C,0
HUD,PLR,L->R,0
HUD,PLR,C->L,0
HUD,PLR,C->C,1
HUD,PLR,C->R,0
HUD,PLR,R->L,0
HUD,PLR,R->C,0
HUD,PLR,R->R,0
HUD,PLR,L->L,0
HUD,PLR,L->C,0
HUD,PLR,L->R,0
HUD,PLR,C->L,0
HUD,PLR,C->C,0.875
HUD,PLR,C->R,0.125
HUD,PLR,R->L,0
HUD,PLR,R->C,0.33333333333333331
HUD,PLR,R->R,0.66666666666666663
HUD,PLR,L->L,0
HUD,PLR,L->C,1
HUD,PLR,L->R,0
HUD,PLR,C->L,0.1111111111111111
HUD,PLR,C->C,0.77777777777777779
HUD,PLR,C->R,0.1111111111111111
HUD,PLR,R->L,0
HUD,PLR,R->C,0.5
HUD,PLR,R->R,0.5
HUD,PLR,L->L,0
HUD,PLR,L->C,0
HUD,PLR,L->R,0
HUD,PLR,C->L,0
HUD,PLR,C->C,0.59999999999999998
HUD,PLR,C->R,0.40000000000000002
HUD,PLR,R->L,0
HUD,PLR,R->C,0.22222222222222221
HUD,PLR,R->R,0.77777777777777779
HUD,PLR,L->L,0
HUD,PLR,L->C,0
HUD,PLR,L->R,0
HUD,PLR,C->L,0
HUD,PLR,C->C,1
HUD,PLR,C->R,0
HUD,PLR,R->L,0
HUD,PLR,R->C,0
HUD,PLR,R->R,0
HUD,PLR,L->L,0
HUD,PLR,L->C,0
HUD,PLR,L->R,0
HUD,PLR,C->L,0
HUD,PLR,C->C,0.5714285714285714
HUD,PLR,C->R,0.42857142857142849
HUD,PLR,R->L,0
HUD,PLR,R->C,0.33333333333333331
HUD,PLR,R->R,0.66666666666666663
HUD,PLR,L->L,0
HUD,PLR,L->C,0
HUD,PLR,L->R,0
HUD,PLR,C->L,0
HUD,PLR,C->C,0.75
HUD,PLR,C->R,0.25
HUD,PLR,R->L,0
HUD,PLR,R->C,0.40000000000000002
HUD,PLR,R->R,0.59999999999999998
HUD,PLR,L->L,0
HUD,PLR,L->C,0
HUD,PLR,L->R,0
HUD,PLR,C->L,0
HUD,PLR,C->C,0.8571428571428571
HUD,PLR,C->R,0.14285714285714279
HUD,PLR,R->L,0
HUD,PLR,R->C,1
HUD,PLR,R->R,0
HUD,PLR,L->L,0
HUD,PLR,L->C,0
HUD,PLR,L->R,0
HUD,PLR,C->L,0
HUD,PLR,C->C,1
HUD,PLR,C->R,0
HUD,PLR,R->L,0
HUD,PLR,R->C,0
HUD,PLR,R->R,0
HUD,PLR,L->L,0
HUD,PLR,L->C,0
HUD,PLR,L->R,0
HUD,PLR,C->L,0
HUD,PLR,C->C,1
HUD,PLR,C->R,0
HUD,PLR,R->L,0
HUD,PLR,R->C,0
HUD,PLR,R->R,0
HUD,PLR,L->L,0
HUD,PLR,L->C,0
HUD,PLR,L->R,0
HUD,PLR,C->L,0
HUD,PLR,C->C,0.77777777777777779
HUD,PLR,C->R,0.22222222222222221
HUD,PLR,R->L,0
HUD,PLR,R->C,0.40000000000000002
HUD,PLR,R->R,0.59999999999999998
HUD,PLR,L->L,0
HUD,PLR,L->C,0
HUD,PLR,L->R,0
HUD,PLR,C->L,0
HUD,PLR,C->C,0.75
HUD,PLR,C->R,0.25
HUD,PLR,R->L,0
HUD,PLR,R->C,0.40000000000000002
HUD,PLR,R->R,0.59999999999999998
HUD,PLR,L->L,0
HUD,PLR,L->C,0
HUD,PLR,L->R,0
HUD,PLR,C->L,0
HUD,PLR,C->C,1
HUD,PLR,C->R,0
HUD,PLR,R->L,0
HUD,PLR,R->C,0
HUD,PLR,R->R,0
HUD,PLR,L->L,0
HUD,PLR,L->C,0
HUD,PLR,L->R,0
HUD,PLR,C->L,0
HUD,PLR,C->C,0.66666666666666663
HUD,PLR,C->R,0.33333333333333331
HUD,PLR,R->L,0
HUD,PLR,R->C,1
HUD,PLR,R->R,0
HUD,PLR,L->L,0
HUD,PLR,L->C,0
HUD,PLR,L->R,0
HUD,PLR,C->L,0
HUD,PLR,C->C,1
HUD,PLR,C->R,0
HUD,PLR,R->L,0
HUD,PLR,R->C,0
HUD,PLR,R->R,0
HUD,PLR,L->L,0
HUD,PLR,L->C,0
HUD,PLR,L->R,0
HUD,PLR,C->L,0
HUD,PLR,C->C,1
HUD,PLR,C->R,0
HUD,PLR,R->L,0
HUD,PLR,R->C,0
HUD,PLR,R->R,0
HUD,PLR,L->L,0
HUD,PLR,L->C,0
HUD,PLR,L->R,0
HUD,PLR,C->L,0
HUD,PLR,C->C,0.77777777777777779
HUD,PLR,C->R,0.22222222222222221
HUD,PLR,R->L,0
HUD,PLR,R->C,0.5
HUD,PLR,R->R,0.5
HUD,PLR,L->L,0
HUD,PLR,L->C,1
HUD,PLR,L->R,0
HUD,PLR,C->L,0.25
HUD,PLR,C->C,0.5
HUD,PLR,C->R,0.25
HUD,PLR,R->L,0
HUD,PLR,R->C,0
HUD,PLR,R->R,1
HUD,PLR,L->L,0
HUD,PLR,L->C,0
HUD,PLR,L->R,0
HUD,PLR,C->L,0
HUD,PLR,C->C,0.5
HUD,PLR,C->R,0.5
HUD,PLR,R->L,0
HUD,PLR,R->C,0.0769230769230769
HUD,PLR,R->R,0.92307692307692324
HUD,PLR,L->L,0
HUD,PLR,L->C,0
HUD,PLR,L->R,0
HUD,PLR,C->L,0
HUD,PLR,C->C,0.5
HUD,PLR,C->R,0.5
HUD,PLR,R->L,0
HUD,PLR,R->C,0.20000000000000001
HUD,PLR,R->R,0.80000000000000004
HUD,PLR,L->L,0
HUD,PLR,L->C,0
HUD,PLR,L->R,0
HUD,PLR,C->L,0
HUD,PLR,C->C,0.5
HUD,PLR,C->R,0.5
HUD,PLR,R->L,0
HUD,PLR,R->C,0.1111111111111111
HUD,PLR,R->R,0.88888888888888884
HUD,PLR,L->L,0
HUD,PLR,L->C,0
HUD,PLR,L->R,0
HUD,PLR,C->L,0
HUD,PLR,C->C,0.5
HUD,PLR,C->R,0.5
HUD,PLR,R->L,0
HUD,PLR,R->C,0.0769230769230769
HUD,PLR,R->R,0.92307692307692324
HUD,PLR,L->L,0
HUD,PLR,L->C,0
HUD,PLR,L->R,0
HUD,PLR,C->L,0
HUD,PLR,C->C,0.875
HUD,PLR,C->R,0.125
HUD,PLR,R->L,0
HUD,PLR,R->C,1
HUD,PLR,R->R,0
HUD,PLR,L->L,0
HUD,PLR,L->C,0
HUD,PLR,L->R,0
HUD,PLR,C->L,0
HUD,PLR,C->C,1
HUD,PLR,C->R,0
HUD,PLR,R->L,0
HUD,PLR,R->C,0
HUD,PLR,R->R,0
HUD,PLR,L->L,0
HUD,PLR,L->C,0
HUD,PLR,L->R,0
HUD,PLR,C->L,0
HUD,PLR,C->C,1
HUD,PLR,C->R,0
HUD,PLR,R->L,0
HUD,PLR,R->C,0
HUD,PLR,R->R,0
HUD,PLR,L->L,0
HUD,PLR,L->C,0
HUD,PLR,L->R,0
HUD,PLR,C->L,0
HUD,PLR,C->C,1
HUD,PLR,C->R,0
HUD,PLR,R->L,0
HUD,PLR,R->C,0
HUD,PLR,R->R,0
HUD,PLR,L->L,0
HUD,PLR,L->C,0
HUD,PLR,L->R,0
HUD,PLR,C->L,0
HUD,PLR,C->C,0.875
HUD,PLR,C->R,0.125
HUD,PLR,R->L,0
HUD,PLR,R->C,1
HUD,PLR,R->R,0
HUD,PLR,L->L,0
HUD,PLR,L->C,0
HUD,PLR,L->R,0
HUD,PLR,C->L,0
HUD,PLR,C->C,0.80000000000000004
HUD,PLR,C->R,0.20000000000000001
HUD,PLR,R->L,0
HUD,PLR,R->C,1
HUD,PLR,R->R,0
HUD,PLR,L->L,0
HUD,PLR,L->C,0
HUD,PLR,L->R,0
HUD,PLR,C->L,0
HUD,PLR,C->C,0.88888888888888884
HUD,PLR,C->R,0.1111111111111111
HUD,PLR,R->L,0
HUD,PLR,R->C,0.5
HUD,PLR,R->R,0.5
HUD,PLR,L->L,0
HUD,PLR,L->C,0
HUD,PLR,L->R,0
HUD,PLR,C->L,0
HUD,PLR,C->C,0.76923076923076927
HUD,PLR,C->R,0.2307692307692307
HUD,PLR,R->L,0
HUD,PLR,R->C,0.33333333333333331
HUD,PLR,R->R,0.66666666666666663
HUD,PLR,L->L,0
HUD,PLR,L->C,0
HUD,PLR,L->R,0
HUD,PLR,C->L,0
HUD,PLR,C->C,1
HUD,PLR,C->R,0
HUD,PLR,R->L,0
HUD,PLR,R->C,0
HUD,PLR,R->R,0
HUD,PLR,L->L,0
HUD,PLR,L->C,0
HUD,PLR,L->R,0
HUD,PLR,C->L,0
HUD,PLR,C->C,0
HUD,PLR,C->R,0
HUD,PLR,R->L,0
HUD,PLR,R->C,0
HUD,PLR,R->R,0
HUD,PLR,L->L,0
HUD,PLR,L->C,0
HUD,PLR,L->R,0
HUD,PLR,C->L,0
HUD,PLR,C->C,1
HUD,PLR,C->R,0
HUD,PLR,R->L,0
HUD,PLR,R->C,0
HUD,PLR,R->R,0
HUD,PLR,L->L,0
HUD,PLR,L->C,0
HUD,PLR,L->R,0
HUD,PLR,C->L,0.1111111111111111
HUD,PLR,C->C,0.88888888888888884
HUD,PLR,C->R,0
HUD,PLR,R->L,0
HUD,PLR,R->C,0
HUD,PLR,R->R,0
HUD,PLR,L->L,0
HUD,PLR,L->C,0
HUD,PLR,L->R,0
HUD,PLR,C->L,0
HUD,PLR,C->C,0.25
HUD,PLR,C->R,0.75
HUD,PLR,R->L,0
HUD,PLR,R->C,0.25
HUD,PLR,R->R,0.75
HUD,PLR,L->L,0
HUD,PLR,L->C,0
HUD,PLR,L->R,0
HUD,PLR,C->L,0
HUD,PLR,C->C,0.59999999999999998
HUD,PLR,C->R,0.40000000000000002
HUD,PLR,R->L,0
HUD,PLR,R->C,0.125
HUD,PLR,R->R,0.875
HUD,PLR,L->L,0
HUD,PLR,L->C,0
HUD,PLR,L->R,0
HUD,PLR,C->L,0
HUD,PLR,C->C,0
HUD,PLR,C->R,1
HUD,PLR,R->L,0
HUD,PLR,R->C,0
HUD,PLR,R->R,1
HUD,PLR,L->L,0
HUD,PLR,L->C,0
HUD,PLR,L->R,0
HUD,PLR,C->L,0
HUD,PLR,C->C,0
HUD,PLR,C->R,1
HUD,PLR,R->L,0
HUD,PLR,R->C,0
HUD,PLR,R->R,1
HUD,PLR,L->L,0
HUD,PLR,L->C,0
HUD,PLR,L->R,0
HUD,PLR,C->L,0
HUD,PLR,C->C,0.5
HUD,PLR,C->R,0.5
HUD,PLR,R->L,0
HUD,PLR,R->C,1
HUD,PLR,R->R,0
HUD,PLR,L->L,0
HUD,PLR,L->C,0
HUD,PLR,L->R,0
HUD,PLR,C->L,0
HUD,PLR,C->C,0
HUD,PLR,C->R,1
HUD,PLR,R->L,0
HUD,PLR,R->C,0.1111111111111111
HUD,PLR,R->R,0.88888888888888884
HUD,PLR,L->L,0
HUD,PLR,L->C,0
HUD,PLR,L->R,0
HUD,PLR,C->L,0
HUD,PLR,C->C,1
HUD,PLR,C->R,0
HUD,PLR,R->L,0
HUD,PLR,R->C,0
HUD,PLR,R->R,0
HUD,PLR,L->L,0
HUD,PLR,L->C,0
HUD,PLR,L->R,0
HUD,PLR,C->L,0
HUD,PLR,C->C,1
HUD,PLR,C->R,0
HUD,PLR,R->L,0
HUD,PLR,R->C,0
HUD,PLR,R->R,0
HUD,PLR,L->L,0
HUD,PLR,L->C,0
HUD,PLR,L->R,0
HUD,PLR,C->L,0
HUD,PLR,C->C,0.80000000000000004
HUD,PLR,C->R,0.20000000000000001
HUD,PLR,R->L,0
HUD,PLR,R->C,1
HUD,PLR,R->R,0
HUD,PLR,L->L,0
HUD,PLR,L->C,0
HUD,PLR,L->R,0
HUD,PLR,C->L,0
HUD,PLR,C->C,0.66666666666666663
HUD,PLR,C->R,0.33333333333333331
HUD,PLR,R->L,0
HUD,PLR,R->C,0.5
HUD,PLR,R->R,0.5
HUD,PLR,L->L,0
HUD,PLR,L->C,0
HUD,PLR,L->R,0
HUD,PLR,C->L,0
HUD,PLR,C->C,1
HUD,PLR,C->R,0
HUD,PLR,R->L,0
HUD,PLR,R->C,0
HUD,PLR,R->R,0
HUD,PLR,L->L,0
HUD,PLR,L->C,0
HUD,PLR,L->R,0
HUD,PLR,C->L,0
HUD,PLR,C->C,0.91666666666666663
HUD,PLR,C->R,0.083333333333333301
HUD,PLR,R->L,0
HUD,PLR,R->C,0.5
HUD,PLR,R->R,0.5
HUD,PLR,L->L,0
HUD,PLR,L->C,0
HUD,PLR,L->R,0
HUD,PLR,C->L,0
HUD,PLR,C->C,1
HUD,PLR,C->R,0
HUD,PLR,R->L,0
HUD,PLR,R->C,0
HUD,PLR,R->R,0
HUD,PLR,L->L,0
HUD,PLR,L->C,0
HUD,PLR,L->R,0
HUD,PLR,C->L,0
HUD,PLR,C->C,1
HUD,PLR,C->R,0
HUD,PLR,R->L,0
HUD,PLR,R->C,0
HUD,PLR,R->R,0
HUD,PLR,L->L,0
HUD,PLR,L->C,0
HUD,PLR,L->R,0
HUD,PLR,C->L,0
HUD,PLR,C->C,1
HUD,PLR,C->R,0
HUD,PLR,R->L,0
HUD,PLR,R->C,0
HUD,PLR,R->R,0
HUD,PLR,L->L,0
HUD,PLR,L->C,0
HUD,PLR,L->R,0
HUD,PLR,C->L,0
HUD,PLR,C->C,1
HUD,PLR,C->R,0
HUD,PLR,R->L,0
HUD,PLR,R->C,0
HUD,PLR,R->R,0
HUD,PLR,L->L,0
HUD,PLR,L->C,0
HUD,PLR,L->R,0
HUD,PLR,C->L,0
HUD,PLR,C->C,1
HUD,PLR,C->R,0
HUD,PLR,R->L,0
HUD,PLR,R->C,0
HUD,PLR,R->R,0
HUD,PLR,L->L,0
HUD,PLR,L->C,0
HUD,PLR,L->R,0
HUD,PLR,C->L,0
HUD,PLR,C->C,1
HUD,PLR,C->R,0
HUD,PLR,R->L,0
HUD,PLR,R->C,0
HUD,PLR,R->R,0
HUD,PLR,L->L,0
HUD,PLR,L->C,0
HUD,PLR,L->R,0
HUD,PLR,C->L,0
HUD,PLR,C->C,0.33333333333333331
HUD,PLR,C->R,0.66666666666666663
HUD,PLR,R->L,0
HUD,PLR,R->C,0.1111111111111111
HUD,PLR,R->R,0.88888888888888884
HUD,PLR,L->L,0
HUD,PLR,L->C,0
HUD,PLR,L->R,0
HUD,PLR,C->L,0
HUD,PLR,C->C,0.66666666666666663
HUD,PLR,C->R,0.33333333333333331
HUD,PLR,R->L,0
HUD,PLR,R->C,0
HUD,PLR,R->R,1
HUD,PLR,L->L,0
HUD,PLR,L->C,0
HUD,PLR,L->R,0
HUD,PLR,C->L,0
HUD,PLR,C->C,0
HUD,PLR,C->R,1
HUD,PLR,R->L,0
HUD,PLR,R->C,0
HUD,PLR,R->R,1
HUD,PLR,L->L,0
HUD,PLR,L->C,0
HUD,PLR,L->R,0
HUD,PLR,C->L,0
HUD,PLR,C->C,0.5
HUD,PLR,C->R,0.5
HUD,PLR,R->L,0
HUD,PLR,R->C,0
HUD,PLR,R->R,1
HUD,PLR,L->L,0
HUD,PLR,L->C,0
HUD,PLR,L->R,0
HUD,PLR,C->L,0
HUD,PLR,C->C,0.7142857142857143
HUD,PLR,C->R,0.2857142857142857
HUD,PLR,R->L,0
HUD,PLR,R->C,0.090909090909090898
HUD,PLR,R->R,0.90909090909090917
HUD,PLR,L->L,0
HUD,PLR,L->C,0
HUD,PLR,L->R,0
HUD,PLR,C->L,0
HUD,PLR,C->C,0.66666666666666663
HUD,PLR,C->R,0.33333333333333331
HUD,PLR,R->L,0
HUD,PLR,R->C,0.42857142857142849
HUD,PLR,R->R,0.5714285714285714
HUD,PLR,L->L,0
HUD,PLR,L->C,0
HUD,PLR,L->R,0
HUD,PLR,C->L,0
HUD,PLR,C->C,0.83333333333333337
HUD,PLR,C->R,0.1666666666666666
HUD,PLR,R->L,0
HUD,PLR,R->C,0.20000000000000001
HUD,PLR,R->R,0.80000000000000004
HUD,PLR,L->L,0
HUD,PLR,L->C,0
HUD,PLR,L->R,0
HUD,PLR,C->L,0
HUD,PLR,C->C,1
HUD,PLR,C->R,0
HUD,PLR,R->L,0
HUD,PLR,R->C,0
HUD,PLR,R->R,0
HUD,PLR,L->L,0
HUD,PLR,L->C,0
HUD,PLR,L->R,0
HUD,PLR,C->L,0
HUD,PLR,C->C,0.8571428571428571
HUD,PLR,C->R,0.14285714285714279
HUD,PLR,R->L,0
HUD,PLR,R->C,1
HUD,PLR,R->R,0
HUD,PLR,L->L,0
HUD,PLR,L->C,0
HUD,PLR,L->R,0
HUD,PLR,C->L,0
HUD,PLR,C->C,0.83333333333333337
HUD,PLR,C->R,0.1666666666666666
HUD,PLR,R->L,0
HUD,PLR,R->C,0.33333333333333331
HUD,PLR,R->R,0.66666666666666663
HUD,PLR,L->L,0
HUD,PLR,L->C,0
HUD,PLR,L->R,0
HUD,PLR,C->L,0
HUD,PLR,C->C,0.90909090909090917
HUD,PLR,C->R,0.090909090909090898
HUD,PLR,R->L,0
HUD,PLR,R->C,0.20000000000000001
HUD,PLR,R->R,0.80000000000000004
HUD,PLR,L->L,0
HUD,PLR,L->C,0
HUD,PLR,L->R,0
HUD,PLR,C->L,0
HUD,PLR,C->C,1
HUD,PLR,C->R,0
HUD,PLR,R->L,0
HUD,PLR,R->C,0
HUD,PLR,R->R,0
HUD,PLR,L->L,0
HUD,PLR,L->C,0
HUD,PLR,L->R,0
HUD,PLR,C->L,0
HUD,PLR,C->C,1
HUD,PLR,C->R,0
HUD,PLR,R->L,0
HUD,PLR,R->C,0
HUD,PLR,R->R,0
HUD,PLR,L->L,0
HUD,PLR,L->C,1
HUD,PLR,L->R,0
HUD,PLR,C->L,0.10000000000000001
HUD,PLR,C->C,0.69999999999999996
HUD,PLR,C->R,0.20000000000000001
HUD,PLR,R->L,0
HUD,PLR,R->C,0.5
HUD,PLR,R->R,0.5
HUD,PLR,L->L,0
HUD,PLR,L->C,0
HUD,PLR,L->R,0
HUD,PLR,C->L,0
HUD,PLR,C->C,1
HUD,PLR,C->R,0
HUD,PLR,R->L,0
HUD,PLR,R->C,0
HUD,PLR,R->R,0
HUD,PLR,L->L,0
HUD,PLR,L->C,0
HUD,PLR,L->R,0
HUD,PLR,C->L,0
HUD,PLR,C->C,0.20000000000000001
HUD,PLR,C->R,0.80000000000000004
HUD,PLR,R->L,0
HUD,PLR,R->C,0.66666666666666663
HUD,PLR,R->R,0.33333333333333331
HUD,PLR,L->L,0
HUD,PLR,L->C,0
HUD,PLR,L->R,0
HUD,PLR,C->L,0
HUD,PLR,C->C,0.80000000000000004
HUD,PLR,C->R,0.20000000000000001
HUD,PLR,R->L,0
HUD,PLR,R->C,0.66666666666666663
HUD,PLR,R->R,0.33333333333333331
HUD,PLR,L->L,0
HUD,PLR,L->C,0
HUD,PLR,L->R,0
HUD,PLR,C->L,0
HUD,PLR,C->C,0.76923076923076927
HUD,PLR,C->R,0.2307692307692307
HUD,PLR,R->L,0
HUD,PLR,R->C,0.59999999999999998
HUD,PLR,R->R,0.40000000000000002
HUD,PLR,L->L,0
HUD,PLR,L->C,0
HUD,PLR,L->R,0
HUD,PLR,C->L,0
HUD,PLR,C->C,0.83333333333333337
HUD,PLR,C->R,0.1666666666666666
HUD,PLR,R->L,0
HUD,PLR,R->C,0
HUD,PLR,R->R,1
HUD,PLR,L->L,0
HUD,PLR,L->C,0
HUD,PLR,L->R,0
HUD,PLR,C->L,0
HUD,PLR,C->C,0.80000000000000004
HUD,PLR,C->R,0.20000000000000001
HUD,PLR,R->L,0
HUD,PLR,R->C,1
HUD,PLR,R->R,0
HUD,PLR,L->L,0
HUD,PLR,L->C,0
HUD,PLR,L->R,0
HUD,PLR,C->L,0
HUD,PLR,C->C,0.75
HUD,PLR,C->R,0.25
HUD,PLR,R->L,0
HUD,PLR,R->C,0
HUD,PLR,R->R,0
HUD,PLR,L->L,0
HUD,PLR,L->C,0
HUD,PLR,L->R,0
HUD,PLR,C->L,0
HUD,PLR,C->C,0.72727272727272729
HUD,PLR,C->R,0.27272727272727271
HUD,PLR,R->L,0
HUD,PLR,R->C,0.66666666666666663
HUD,PLR,R->R,0.33333333333333331
HUD,PLR,L->L,0.5
HUD,PLR,L->C,0.5
HUD,PLR,L->R,0
HUD,PLR,C->L,0.14285714285714279
HUD,PLR,C->C,0.5714285714285714
HUD,PLR,C->R,0.2857142857142857
HUD,PLR,R->L,0
HUD,PLR,R->C,0.2857142857142857
HUD,PLR,R->R,0.7142857142857143
HUD,PLR,L->L,0
HUD,PLR,L->C,0
HUD,PLR,L->R,0
HUD,PLR,C->L,0
HUD,PLR,C->C,0.66666666666666663
HUD,PLR,C->R,0.33333333333333331
HUD,PLR,R->L,0
HUD,PLR,R->C,0.125
HUD,PLR,R->R,0.875
HUD,PLR,L->L,0
HUD,PLR,L->C,0
HUD,PLR,L->R,0
HUD,PLR,C->L,0
HUD,PLR,C->C,1
HUD,PLR,C->R,0
HUD,PLR,R->L,0
HUD,PLR,R->C,0
HUD,PLR,R->R,0
HUD,PLR,L->L,0
HUD,PLR,L->C,0
HUD,PLR,L->R,0
HUD,PLR,C->L,0
HUD,PLR,C->C,0.8571428571428571
HUD,PLR,C->R,0.14285714285714279
HUD,PLR,R->L,0
HUD,PLR,R->C,0.5
HUD,PLR,R->R,0.5
HUD,PLR,L->L,0
HUD,PLR,L->C,0
HUD,PLR,L->R,0
HUD,PLR,C->L,0
HUD,PLR,C->C,1
HUD,PLR,C->R,0
HUD,PLR,R->L,0
HUD,PLR,R->C,0
HUD,PLR,R->R,0
HUD,PLR,L->L,0
HUD,PLR,L->C,0
HUD,PLR,L->R,0
HUD,PLR,C->L,0
HUD,PLR,C->C,0.72727272727272729
HUD,PLR,C->R,0.27272727272727271
HUD,PLR,R->L,0
HUD,PLR,R->C,0.59999999999999998
HUD,PLR,R->R,0.40000000000000002
HUD,PLR,L->L,0
HUD,PLR,L->C,0
HUD,PLR,L->R,0
HUD,PLR,C->L,0
HUD,PLR,C->C,0.92307692307692324
HUD,PLR,C->R,0.0769230769230769
HUD,PLR,R->L,0
HUD,PLR,R->C,0.5
HUD,PLR,R->R,0.5
HUD,PLR,L->L,0
HUD,PLR,L->C,0
HUD,PLR,L->R,0
HUD,PLR,C->L,0
HUD,PLR,C->C,0
HUD,PLR,C->R,0
HUD,PLR,R->L,0
HUD,PLR,R->C,0
HUD,PLR,R->R,0
HUD,PLR,L->L,0
HUD,PLR,L->C,0
HUD,PLR,L->R,0
HUD,PLR,C->L,0
HUD,PLR,C->C,0.7142857142857143
HUD,PLR,C->R,0.2857142857142857
HUD,PLR,R->L,0
HUD,PLR,R->C,0.40000000000000002
HUD,PLR,R->R,0.59999999999999998
HUD,PLR,L->L,0
HUD,PLR,L->C,0
HUD,PLR,L->R,0
HUD,PLR,C->L,0
HUD,PLR,C->C,0.90909090909090917
HUD,PLR,C->R,0.090909090909090898
HUD,PLR,R->L,0
HUD,PLR,R->C,0
HUD,PLR,R->R,1
HUD,PLR,L->L,0
HUD,PLR,L->C,0
HUD,PLR,L->R,0
HUD,PLR,C->L,0
HUD,PLR,C->C,0.80000000000000004
HUD,PLR,C->R,0.20000000000000001
HUD,PLR,R->L,0
HUD,PLR,R->C,0.40000000000000002
HUD,PLR,R->R,0.59999999999999998
HUD,PLR,L->L,0
HUD,PLR,L->C,0
HUD,PLR,L->R,0
HUD,PLR,C->L,0
HUD,PLR,C->C,1
HUD,PLR,C->R,0
HUD,PLR,R->L,0
HUD,PLR,R->C,0
HUD,PLR,R->R,0
HUD,PLR,L->L,0
HUD,PLR,L->C,0
HUD,PLR,L->R,0
HUD,PLR,C->L,0
HUD,PLR,C->C,1
HUD,PLR,C->R,0
HUD,PLR,R->L,0
HUD,PLR,R->C,0
HUD,PLR,R->R,0
HUD,PLR,L->L,0
HUD,PLR,L->C,0
HUD,PLR,L->R,0
HUD,PLR,C->L,0
HUD,PLR,C->C,1
HUD,PLR,C->R,0
HUD,PLR,R->L,0
HUD,PLR,R->C,0
HUD,PLR,R->R,0
HUD,PLR,L->L,0
HUD,PLR,L->C,0
HUD,PLR,L->R,0
HUD,PLR,C->L,0
HUD,PLR,C->C,1
HUD,PLR,C->R,0
HUD,PLR,R->L,0
HUD,PLR,R->C,0
HUD,PLR,R->R,0
HUD,PLR,L->L,0
HUD,PLR,L->C,0
HUD,PLR,L->R,0
HUD,PLR,C->L,0
HUD,PLR,C->C,1
HUD,PLR,C->R,0
HUD,PLR,R->L,0
HUD,PLR,R->C,0
HUD,PLR,R->R,0
RAW,LR,L->L,0
RAW,LR,L->C,0
RAW,LR,L->R,0
RAW,LR,C->L,0
RAW,LR,C->C,0.875
RAW,LR,C->R,0.125
RAW,LR,R->L,0
RAW,LR,R->C,0.66666666666666663
RAW,LR,R->R,0.33333333333333331
RAW,LR,L->L,0
RAW,LR,L->C,0
RAW,LR,L->R,0
RAW,LR,C->L,0
RAW,LR,C->C,1
RAW,LR,C->R,0
RAW,LR,R->L,0
RAW,LR,R->C,0
RAW,LR,R->R,0
RAW,LR,L->L,0
RAW,LR,L->C,0
RAW,LR,L->R,0
RAW,LR,C->L,0
RAW,LR,C->C,0
RAW,LR,C->R,0
RAW,LR,R->L,0
RAW,LR,R->C,0
RAW,LR,R->R,0
RAW,LR,L->L,0
RAW,LR,L->C,0
RAW,LR,L->R,0
RAW,LR,C->L,0
RAW,LR,C->C,1
RAW,LR,C->R,0
RAW,LR,R->L,0
RAW,LR,R->C,0
RAW,LR,R->R,0
RAW,LR,L->L,0
RAW,LR,L->C,0
RAW,LR,L->R,0
RAW,LR,C->L,0
RAW,LR,C->C,1
RAW,LR,C->R,0
RAW,LR,R->L,0
RAW,LR,R->C,0
RAW,LR,R->R,0
RAW,LR,L->L,0
RAW,LR,L->C,0
RAW,LR,L->R,0
RAW,LR,C->L,0
RAW,LR,C->C,1
RAW,LR,C->R,0
RAW,LR,R->L,0
RAW,LR,R->C,0
RAW,LR,R->R,0
RAW,LR,L->L,0
RAW,LR,L->C,0
RAW,LR,L->R,0
RAW,LR,C->L,0
RAW,LR,C->C,0.75
RAW,LR,C->R,0.25
RAW,LR,R->L,0
RAW,LR,R->C,0.25
RAW,LR,R->R,0.75
RAW,LR,L->L,0
RAW,LR,L->C,0
RAW,LR,L->R,0
RAW,LR,C->L,0
RAW,LR,C->C,0.89473684210526316
RAW,LR,C->R,0.10526315789473679
RAW,LR,R->L,0
RAW,LR,R->C,0.375
RAW,LR,R->R,0.625
RAW,LR,L->L,0
RAW,LR,L->C,1
RAW,LR,L->R,0
RAW,LR,C->L,0.055555555555555497
RAW,LR,C->C,0.88888888888888884
RAW,LR,C->R,0.055555555555555497
RAW,LR,R->L,0
RAW,LR,R->C,0
RAW,LR,R->R,0
RAW,LR,L->L,0
RAW,LR,L->C,0
RAW,LR,L->R,0
RAW,LR,C->L,0
RAW,LR,C->C,1
RAW,LR,C->R,0
RAW,LR,R->L,0
RAW,LR,R->C,0
RAW,LR,R->R,0
RAW,LR,L->L,0
RAW,LR,L->C,0
RAW,LR,L->R,0
RAW,LR,C->L,0
RAW,LR,C->C,1
RAW,LR,C->R,0
RAW,LR,R->L,0
RAW,LR,R->C,0
RAW,LR,R->R,0
RAW,LR,L->L,0
RAW,LR,L->C,1
RAW,LR,L->R,0
RAW,LR,C->L,0
RAW,LR,C->C,1
RAW,LR,C->R,0
RAW,LR,R->L,0
RAW,LR,R->C,0
RAW,LR,R->R,0
RAW,LR,L->L,0
RAW,LR,L->C,0
RAW,LR,L->R,0
RAW,LR,C->L,0
RAW,LR,C->C,0.88888888888888884
RAW,LR,C->R,0.1111111111111111
RAW,LR,R->L,0
RAW,LR,R->C,1
RAW,LR,R->R,0
RAW,LR,L->L,0
RAW,LR,L->C,0
RAW,LR,L->R,0
RAW,LR,C->L,0
RAW,LR,C->C,1
RAW,LR,C->R,0
RAW,LR,R->L,0
RAW,LR,R->C,1
RAW,LR,R->R,0
RAW,LR,L->L,0
RAW,LR,L->C,0
RAW,LR,L->R,0
RAW,LR,C->L,0
RAW,LR,C->C,1
RAW,LR,C->R,0
RAW,LR,R->L,0
RAW,LR,R->C,0
RAW,LR,R->R,0
RAW,LR,L->L,0.33333333333333331
RAW,LR,L->C,0.66666666666666663
RAW,LR,L->R,0
RAW,LR,C->L,0.14285714285714279
RAW,LR,C->C,0.8571428571428571
RAW,LR,C->R,0
RAW,LR,R->L,0
RAW,LR,R->C,0.14285714285714279
RAW,LR,R->R,0.8571428571428571
RAW,LR,L->L,0
RAW,LR,L->C,0
RAW,LR,L->R,0
RAW,LR,C->L,0
RAW,LR,C->C,0.94444444444444442
RAW,LR,C->R,0.055555555555555497
RAW,LR,R->L,0
RAW,LR,R->C,1
RAW,LR,R->R,0
RAW,LR,L->L,0
RAW,LR,L->C,0
RAW,LR,L->R,0
RAW,LR,C->L,0
RAW,LR,C->C,0.80000000000000004
RAW,LR,C->R,0.20000000000000001
RAW,LR,R->L,0
RAW,LR,R->C,1
RAW,LR,R->R,0
RAW,LR,L->L,0
RAW,LR,L->C,0
RAW,LR,L->R,0
RAW,LR,C->L,0
RAW,LR,C->C,1
RAW,LR,C->R,0
RAW,LR,R->L,0
RAW,LR,R->C,0
RAW,LR,R->R,0
RAW,LR,L->L,0
RAW,LR,L->C,0
RAW,LR,L->R,0
RAW,LR,C->L,0
RAW,LR,C->C,0.96153846153846156
RAW,LR,C->R,0.038461538461538401
RAW,LR,R->L,0
RAW,LR,R->C,1
RAW,LR,R->R,0
RAW,LR,L->L,0
RAW,LR,L->C,0
RAW,LR,L->R,0
RAW,LR,C->L,0
RAW,LR,C->C,1
RAW,LR,C->R,0
RAW,LR,R->L,0
RAW,LR,R->C,0
RAW,LR,R->R,0
RAW,LR,L->L,0
RAW,LR,L->C,0
RAW,LR,L->R,0
RAW,LR,C->L,0
RAW,LR,C->C,1
RAW,LR,C->R,0
RAW,LR,R->L,0
RAW,LR,R->C,0
RAW,LR,R->R,0
RAW,LR,L->L,0
RAW,LR,L->C,0
RAW,LR,L->R,0
RAW,LR,C->L,0
RAW,LR,C->C,1
RAW,LR,C->R,0
RAW,LR,R->L,0
RAW,LR,R->C,0
RAW,LR,R->R,0
RAW,LR,L->L,0
RAW,LR,L->C,0
RAW,LR,L->R,0
RAW,LR,C->L,0
RAW,LR,C->C,1
RAW,LR,C->R,0
RAW,LR,R->L,0
RAW,LR,R->C,0
RAW,LR,R->R,0
RAW,LR,L->L,0
RAW,LR,L->C,0
RAW,LR,L->R,0
RAW,LR,C->L,0
RAW,LR,C->C,1
RAW,LR,C->R,0
RAW,LR,R->L,0
RAW,LR,R->C,0
RAW,LR,R->R,0
RAW,LR,L->L,0
RAW,LR,L->C,0
RAW,LR,L->R,0
RAW,LR,C->L,0
RAW,LR,C->C,1
RAW,LR,C->R,0
RAW,LR,R->L,0
RAW,LR,R->C,0
RAW,LR,R->R,0
RAW,LR,L->L,0
RAW,LR,L->C,0
RAW,LR,L->R,0
RAW,LR,C->L,0
RAW,LR,C->C,1
RAW,LR,C->R,0
RAW,LR,R->L,0
RAW,LR,R->C,0
RAW,LR,R->R,0
RAW,LR,L->L,0
RAW,LR,L->C,0
RAW,LR,L->R,0
RAW,LR,C->L,0
RAW,LR,C->C,1
RAW,LR,C->R,0
RAW,LR,R->L,0
RAW,LR,R->C,0
RAW,LR,R->R,0
RAW,LR,L->L,0
RAW,LR,L->C,0
RAW,LR,L->R,0
RAW,LR,C->L,0
RAW,LR,C->C,1
RAW,LR,C->R,0
RAW,LR,R->L,0
RAW,LR,R->C,0
RAW,LR,R->R,0
RAW,LR,L->L,0
RAW,LR,L->C,0
RAW,LR,L->R,0
RAW,LR,C->L,0.0769230769230769
RAW,LR,C->C,0.92307692307692324
RAW,LR,C->R,0
RAW,LR,R->L,0
RAW,LR,R->C,0
RAW,LR,R->R,0
RAW,LR,L->L,0
RAW,LR,L->C,0
RAW,LR,L->R,0
RAW,LR,C->L,0
RAW,LR,C->C,0.90000000000000002
RAW,LR,C->R,0.10000000000000001
RAW,LR,R->L,0
RAW,LR,R->C,0.25
RAW,LR,R->R,0.75
RAW,LR,L->L,0
RAW,LR,L->C,0
RAW,LR,L->R,0
RAW,LR,C->L,0
RAW,LR,C->C,0.9375
RAW,LR,C->R,0.0625
RAW,LR,R->L,0
RAW,LR,R->C,1
RAW,LR,R->R,0
RAW,LR,L->L,0
RAW,LR,L->C,0
RAW,LR,L->R,0
RAW,LR,C->L,0
RAW,LR,C->C,1
RAW,LR,C->R,0
RAW,LR,R->L,0
RAW,LR,R->C,0
RAW,LR,R->R,0
RAW,LR,L->L,0
RAW,LR,L->C,0
RAW,LR,L->R,0
RAW,LR,C->L,0
RAW,LR,C->C,1
RAW,LR,C->R,0
RAW,LR,R->L,0
RAW,LR,R->C,0
RAW,LR,R->R,0
RAW,LR,L->L,0
RAW,LR,L->C,0
RAW,LR,L->R,0
RAW,LR,C->L,0
RAW,LR,C->C,1
RAW,LR,C->R,0
RAW,LR,R->L,0
RAW,LR,R->C,0
RAW,LR,R->R,0
RAW,LR,L->L,0
RAW,LR,L->C,0
RAW,LR,L->R,0
RAW,LR,C->L,0
RAW,LR,C->C,1
RAW,LR,C->R,0
RAW,LR,R->L,0
RAW,LR,R->C,1
RAW,LR,R->R,0
RAW,LR,L->L,0
RAW,LR,L->C,0
RAW,LR,L->R,0
RAW,LR,C->L,0
RAW,LR,C->C,1
RAW,LR,C->R,0
RAW,LR,R->L,0
RAW,LR,R->C,0
RAW,LR,R->R,0
RAW,LR,L->L,0
RAW,LR,L->C,0
RAW,LR,L->R,0
RAW,LR,C->L,0
RAW,LR,C->C,1
RAW,LR,C->R,0
RAW,LR,R->L,0
RAW,LR,R->C,0
RAW,LR,R->R,0
RAW,LR,L->L,0
RAW,LR,L->C,0
RAW,LR,L->R,0
RAW,LR,C->L,0
RAW,LR,C->C,1
RAW,LR,C->R,0
RAW,LR,R->L,0
RAW,LR,R->C,0.1666666666666666
RAW,LR,R->R,0.83333333333333337
RAW,LR,L->L,0
RAW,LR,L->C,0
RAW,LR,L->R,0
RAW,LR,C->L,0
RAW,LR,C->C,0.90000000000000002
RAW,LR,C->R,0.10000000000000001
RAW,LR,R->L,0
RAW,LR,R->C,0
RAW,LR,R->R,1
RAW,LR,L->L,0
RAW,LR,L->C,0
RAW,LR,L->R,0
RAW,LR,C->L,0
RAW,LR,C->C,1
RAW,LR,C->R,0
RAW,LR,R->L,0
RAW,LR,R->C,0
RAW,LR,R->R,0
RAW,LR,L->L,0
RAW,LR,L->C,0
RAW,LR,L->R,0
RAW,LR,C->L,0
RAW,LR,C->C,1
RAW,LR,C->R,0
RAW,LR,R->L,0
RAW,LR,R->C,0.5
RAW,LR,R->R,0.5
RAW,LR,L->L,0
RAW,LR,L->C,0
RAW,LR,L->R,0
RAW,LR,C->L,0
RAW,LR,C->C,1
RAW,LR,C->R,0
RAW,LR,R->L,0
RAW,LR,R->C,0
RAW,LR,R->R,0
RAW,LR,L->L,0
RAW,LR,L->C,0
RAW,LR,L->R,0
RAW,LR,C->L,0
RAW,LR,C->C,1
RAW,LR,C->R,0
RAW,LR,R->L,0
RAW,LR,R->C,0
RAW,LR,R->R,0
RAW,LR,L->L,0
RAW,LR,L->C,0
RAW,LR,L->R,0
RAW,LR,C->L,0
RAW,LR,C->C,1
RAW,LR,C->R,0
RAW,LR,R->L,0
RAW,LR,R->C,0
RAW,LR,R->R,0
RAW,LR,L->L,0
RAW,LR,L->C,0
RAW,LR,L->R,0
RAW,LR,C->L,0
RAW,LR,C->C,0.88888888888888884
RAW,LR,C->R,0.1111111111111111
RAW,LR,R->L,0
RAW,LR,R->C,0.33333333333333331
RAW,LR,R->R,0.66666666666666663
RAW,LR,L->L,0
RAW,LR,L->C,0
RAW,LR,L->R,0
RAW,LR,C->L,0.14285714285714279
RAW,LR,C->C,0.8571428571428571
RAW,LR,C->R,0
RAW,LR,R->L,0
RAW,LR,R->C,0
RAW,LR,R->R,0
RAW,LR,L->L,0
RAW,LR,L->C,0
RAW,LR,L->R,0
RAW,LR,C->L,0
RAW,LR,C->C,1
RAW,LR,C->R,0
RAW,LR,R->L,0
RAW,LR,R->C,0
RAW,LR,R->R,0
RAW,LR,L->L,0
RAW,LR,L->C,0
RAW,LR,L->R,0
RAW,LR,C->L,0
RAW,LR,C->C,0.88888888888888884
RAW,LR,C->R,0.1111111111111111
RAW,LR,R->L,0
RAW,LR,R->C,0.25
RAW,LR,R->R,0.75
RAW,LR,L->L,0
RAW,LR,L->C,0
RAW,LR,L->R,0
RAW,LR,C->L,0
RAW,LR,C->C,1
RAW,LR,C->R,0
RAW,LR,R->L,0
RAW,LR,R->C,0.33333333333333331
RAW,LR,R->R,0.66666666666666663
RAW,LR,L->L,0
RAW,LR,L->C,0
RAW,LR,L->R,0
RAW,LR,C->L,0
RAW,LR,C->C,1
RAW,LR,C->R,0
RAW,LR,R->L,0
RAW,LR,R->C,0
RAW,LR,R->R,0
RAW,LR,L->L,0
RAW,LR,L->C,0
RAW,LR,L->R,0
RAW,LR,C->L,0
RAW,LR,C->C,1
RAW,LR,C->R,0
RAW,LR,R->L,0
RAW,LR,R->C,0
RAW,LR,R->R,0
RAW,LR,L->L,0
RAW,LR,L->C,0
RAW,LR,L->R,0
RAW,LR,C->L,0
RAW,LR,C->C,1
RAW,LR,C->R,0
RAW,LR,R->L,0
RAW,LR,R->C,0
RAW,LR,R->R,0
RAW,LR,L->L,0
RAW,LR,L->C,0
RAW,LR,L->R,0
RAW,LR,C->L,0
RAW,LR,C->C,0.84615384615384615
RAW,LR,C->R,0.1538461538461538
RAW,LR,R->L,0
RAW,LR,R->C,1
RAW,LR,R->R,0
RAW,LR,L->L,0
RAW,LR,L->C,0
RAW,LR,L->R,0
RAW,LR,C->L,0
RAW,LR,C->C,1
RAW,LR,C->R,0
RAW,LR,R->L,0
RAW,LR,R->C,0
RAW,LR,R->R,0
RAW,LR,L->L,0
RAW,LR,L->C,0
RAW,LR,L->R,0
RAW,LR,C->L,0
RAW,LR,C->C,1
RAW,LR,C->R,0
RAW,LR,R->L,0
RAW,LR,R->C,0
RAW,LR,R->R,0
RAW,LR,L->L,0
RAW,LR,L->C,0
RAW,LR,L->R,0
RAW,LR,C->L,0
RAW,LR,C->C,1
RAW,LR,C->R,0
RAW,LR,R->L,0
RAW,LR,R->C,0
RAW,LR,R->R,0
RAW,LR,L->L,0.5
RAW,LR,L->C,0.5
RAW,LR,L->R,0
RAW,LR,C->L,0.090909090909090898
RAW,LR,C->C,0.90909090909090917
RAW,LR,C->R,0
RAW,LR,R->L,0
RAW,LR,R->C,0
RAW,LR,R->R,0
RAW,LR,L->L,0
RAW,LR,L->C,0
RAW,LR,L->R,0
RAW,LR,C->L,0
RAW,LR,C->C,1
RAW,LR,C->R,0
RAW,LR,R->L,0
RAW,LR,R->C,0
RAW,LR,R->R,0
RAW,LR,L->L,0
RAW,LR,L->C,0
RAW,LR,L->R,0
RAW,LR,C->L,0
RAW,LR,C->C,1
RAW,LR,C->R,0
RAW,LR,R->L,0
RAW,LR,R->C,0
RAW,LR,R->R,0
RAW,LR,L->L,0.66666666666666663
RAW,LR,L->C,0.33333333333333331
RAW,LR,L->R,0
RAW,LR,C->L,0.0625
RAW,LR,C->C,0.9375
RAW,LR,C->R,0
RAW,LR,R->L,0
RAW,LR,R->C,0
RAW,LR,R->R,0
RAW,LR,L->L,0
RAW,LR,L->C,0
RAW,LR,L->R,0
RAW,LR,C->L,0
RAW,LR,C->C,1
RAW,LR,C->R,0
RAW,LR,R->L,0
RAW,LR,R->C,0
RAW,LR,R->R,0
RAW,LR,L->L,0
RAW,LR,L->C,0
RAW,LR,L->R,0
RAW,LR,C->L,0
RAW,LR,C->C,1
RAW,LR,C->R,0
RAW,LR,R->L,0
RAW,LR,R->C,0
RAW,LR,R->R,0
RAW,LR,L->L,0
RAW,LR,L->C,0
RAW,LR,L->R,0
RAW,LR,C->L,0
RAW,LR,C->C,1
RAW,LR,C->R,0
RAW,LR,R->L,0
RAW,LR,R->C,0
RAW,LR,R->R,0
RAW,LR,L->L,0
RAW,LR,L->C,0
RAW,LR,L->R,0
RAW,LR,C->L,0
RAW,LR,C->C,1
RAW,LR,C->R,0
RAW,LR,R->L,0
RAW,LR,R->C,0
RAW,LR,R->R,0
RAW,LR,L->L,0.5
RAW,LR,L->C,0.5
RAW,LR,L->R,0
RAW,LR,C->L,0.0769230769230769
RAW,LR,C->C,0.92307692307692324
RAW,LR,C->R,0
RAW,LR,R->L,0
RAW,LR,R->C,0
RAW,LR,R->R,0
RAW,LR,L->L,0
RAW,LR,L->C,0
RAW,LR,L->R,0
RAW,LR,C->L,0
RAW,LR,C->C,1
RAW,LR,C->R,0
RAW,LR,R->L,0
RAW,LR,R->C,0
RAW,LR,R->R,0
RAW,LR,L->L,0.5
RAW,LR,L->C,0.5
RAW,LR,L->R,0
RAW,LR,C->L,0.066666666666666596
RAW,LR,C->C,0.93333333333333324
RAW,LR,C->R,0
RAW,LR,R->L,0
RAW,LR,R->C,0
RAW,LR,R->R,0
RAW,LR,L->L,0.66666666666666663
RAW,LR,L->C,0.33333333333333331
RAW,LR,L->R,0
RAW,LR,C->L,0.14285714285714279
RAW,LR,C->C,0.8571428571428571
RAW,LR,C->R,0
RAW,LR,R->L,0
RAW,LR,R->C,0.20000000000000001
RAW,LR,R->R,0.80000000000000004
RAW,LR,L->L,0.66666666666666663
RAW,LR,L->C,0.33333333333333331
RAW,LR,L->R,0
RAW,LR,C->L,0.1111111111111111
RAW,LR,C->C,0.66666666666666663
RAW,LR,C->R,0.22222222222222221
RAW,LR,R->L,0
RAW,LR,R->C,1
RAW,LR,R->R,0
RAW,LR,L->L,0
RAW,LR,L->C,0
RAW,LR,L->R,0
RAW,LR,C->L,0
RAW,LR,C->C,1
RAW,LR,C->R,0
RAW,LR,R->L,0
RAW,LR,R->C,1
RAW,LR,R->R,0
RAW,LR,L->L,0
RAW,LR,L->C,0
RAW,LR,L->R,0
RAW,LR,C->L,0
RAW,LR,C->C,1
RAW,LR,C->R,0
RAW,LR,R->L,0
RAW,LR,R->C,0
RAW,LR,R->R,0
RAW,LR,L->L,0
RAW,LR,L->C,0
RAW,LR,L->R,0
RAW,LR,C->L,0
RAW,LR,C->C,1
RAW,LR,C->R,0
RAW,LR,R->L,0
RAW,LR,R->C,0
RAW,LR,R->R,0
RAW,LR,L->L,0
RAW,LR,L->C,0
RAW,LR,L->R,0
RAW,LR,C->L,0
RAW,LR,C->C,1
RAW,LR,C->R,0
RAW,LR,R->L,0
RAW,LR,R->C,0
RAW,LR,R->R,0
RAW,LR,L->L,0
RAW,LR,L->C,0
RAW,LR,L->R,0
RAW,LR,C->L,0
RAW,LR,C->C,1
RAW,LR,C->R,0
RAW,LR,R->L,0
RAW,LR,R->C,0
RAW,LR,R->R,0
RAW,LR,L->L,0
RAW,LR,L->C,0
RAW,LR,L->R,0
RAW,LR,C->L,0
RAW,LR,C->C,1
RAW,LR,C->R,0
RAW,LR,R->L,0
RAW,LR,R->C,0
RAW,LR,R->R,0
RAW,LR,L->L,0
RAW,LR,L->C,0
RAW,LR,L->R,0
RAW,LR,C->L,0
RAW,LR,C->C,1
RAW,LR,C->R,0
RAW,LR,R->L,0
RAW,LR,R->C,0
RAW,LR,R->R,0
RAW,LR,L->L,0
RAW,LR,L->C,0
RAW,LR,L->R,0
RAW,LR,C->L,0
RAW,LR,C->C,1
RAW,LR,C->R,0
RAW,LR,R->L,0
RAW,LR,R->C,0
RAW,LR,R->R,0
RAW,LR,L->L,0
RAW,LR,L->C,0
RAW,LR,L->R,0
RAW,LR,C->L,0
RAW,LR,C->C,0.94999999999999996
RAW,LR,C->R,0.050000000000000003
RAW,LR,R->L,0
RAW,LR,R->C,1
RAW,LR,R->R,0
RAW,LR,L->L,0
RAW,LR,L->C,0
RAW,LR,L->R,0
RAW,LR,C->L,0
RAW,LR,C->C,1
RAW,LR,C->R,0
RAW,LR,R->L,0
RAW,LR,R->C,0
RAW,LR,R->R,0
RAW,LR,L->L,0
RAW,LR,L->C,0
RAW,LR,L->R,0
RAW,LR,C->L,0
RAW,LR,C->C,1
RAW,LR,C->R,0
RAW,LR,R->L,0
RAW,LR,R->C,0
RAW,LR,R->R,0
RAW,LR,L->L,0
RAW,LR,L->C,0
RAW,LR,L->R,0
RAW,LR,C->L,0
RAW,LR,C->C,1
RAW,LR,C->R,0
RAW,LR,R->L,0
RAW,LR,R->C,0
RAW,LR,R->R,0
RAW,LR,L->L,0
RAW,LR,L->C,1
RAW,LR,L->R,0
RAW,LR,C->L,0
RAW,LR,C->C,1
RAW,LR,C->R,0
RAW,LR,R->L,0
RAW,LR,R->C,0
RAW,LR,R->R,0
RAW,LR,L->L,0
RAW,LR,L->C,0
RAW,LR,L->R,0
RAW,LR,C->L,0
RAW,LR,C->C,1
RAW,LR,C->R,0
RAW,LR,R->L,0
RAW,LR,R->C,0
RAW,LR,R->R,0
RAW,LR,L->L,0
RAW,LR,L->C,0
RAW,LR,L->R,0
RAW,LR,C->L,0
RAW,LR,C->C,1
RAW,LR,C->R,0
RAW,LR,R->L,0
RAW,LR,R->C,0
RAW,LR,R->R,0
RAW,LR,L->L,0
RAW,LR,L->C,0
RAW,LR,L->R,0
RAW,LR,C->L,0
RAW,LR,C->C,1
RAW,LR,C->R,0
RAW,LR,R->L,0
RAW,LR,R->C,0
RAW,LR,R->R,0
RAW,LR,L->L,0
RAW,LR,L->C,0
RAW,LR,L->R,0
RAW,LR,C->L,0
RAW,LR,C->C,1
RAW,LR,C->R,0
RAW,LR,R->L,0
RAW,LR,R->C,0
RAW,LR,R->R,0
RAW,LR,L->L,0
RAW,LR,L->C,0
RAW,LR,L->R,0
RAW,LR,C->L,0
RAW,LR,C->C,1
RAW,LR,C->R,0
RAW,LR,R->L,0
RAW,LR,R->C,0
RAW,LR,R->R,0
RAW,LR,L->L,0
RAW,LR,L->C,0
RAW,LR,L->R,0
RAW,LR,C->L,0
RAW,LR,C->C,1
RAW,LR,C->R,0
RAW,LR,R->L,0
RAW,LR,R->C,0
RAW,LR,R->R,0
RAW,LR,L->L,0
RAW,LR,L->C,0
RAW,LR,L->R,0
RAW,LR,C->L,0
RAW,LR,C->C,1
RAW,LR,C->R,0
RAW,LR,R->L,0
RAW,LR,R->C,0
RAW,LR,R->R,0
RAW,LR,L->L,0
RAW,LR,L->C,0
RAW,LR,L->R,0
RAW,LR,C->L,0
RAW,LR,C->C,0.80000000000000004
RAW,LR,C->R,0.20000000000000001
RAW,LR,R->L,0
RAW,LR,R->C,0.66666666666666663
RAW,LR,R->R,0.33333333333333331
RAW,LR,L->L,0
RAW,LR,L->C,0
RAW,LR,L->R,0
RAW,LR,C->L,0
RAW,LR,C->C,1
RAW,LR,C->R,0
RAW,LR,R->L,0
RAW,LR,R->C,0
RAW,LR,R->R,0
RAW,LR,L->L,0
RAW,LR,L->C,0
RAW,LR,L->R,0
RAW,LR,C->L,0
RAW,LR,C->C,1
RAW,LR,C->R,0
RAW,LR,R->L,0
RAW,LR,R->C,0
RAW,LR,R->R,0
RAW,LR,L->L,0
RAW,LR,L->C,0
RAW,LR,L->R,0
RAW,LR,C->L,0
RAW,LR,C->C,1
RAW,LR,C->R,0
RAW,LR,R->L,0
RAW,LR,R->C,0
RAW,LR,R->R,0
RAW,LR,L->L,0
RAW,LR,L->C,0
RAW,LR,L->R,0
RAW,LR,C->L,0
RAW,LR,C->C,0.94117647058823517
RAW,LR,C->R,0.058823529411764698
RAW,LR,R->L,0
RAW,LR,R->C,0.5
RAW,LR,R->R,0.5
RAW,LR,L->L,0
RAW,LR,L->C,0
RAW,LR,L->R,0
RAW,LR,C->L,0
RAW,LR,C->C,1
RAW,LR,C->R,0
RAW,LR,R->L,0
RAW,LR,R->C,0.20000000000000001
RAW,LR,R->R,0.80000000000000004
RAW,LR,L->L,0
RAW,LR,L->C,0
RAW,LR,L->R,0
RAW,LR,C->L,0
RAW,LR,C->C,1
RAW,LR,C->R,0
RAW,LR,R->L,0
RAW,LR,R->C,0
RAW,LR,R->R,0
RAW,LR,L->L,0
RAW,LR,L->C,0
RAW,LR,L->R,0
RAW,LR,C->L,0
RAW,LR,C->C,0.9375
RAW,LR,C->R,0.0625
RAW,LR,R->L,0
RAW,LR,R->C,1
RAW,LR,R->R,0
RAW,LR,L->L,0
RAW,LR,L->C,0
RAW,LR,L->R,0
RAW,LR,C->L,0
RAW,LR,C->C,1
RAW,LR,C->R,0
RAW,LR,R->L,0
RAW,LR,R->C,1
RAW,LR,R->R,0
RAW,LR,L->L,0
RAW,LR,L->C,1
RAW,LR,L->R,0
RAW,LR,C->L,0.066666666666666596
RAW,LR,C->C,0.93333333333333324
RAW,LR,C->R,0
RAW,LR,R->L,0
RAW,LR,R->C,0
RAW,LR,R->R,0
RAW,LR,L->L,0
RAW,LR,L->C,0
RAW,LR,L->R,0
RAW,LR,C->L,0
RAW,LR,C->C,1
RAW,LR,C->R,0
RAW,LR,R->L,0
RAW,LR,R->C,0
RAW,LR,R->R,0
RAW,LR,L->L,0
RAW,LR,L->C,0
RAW,LR,L->R,0
RAW,LR,C->L,0
RAW,LR,C->C,0.94117647058823517
RAW,LR,C->R,0.058823529411764698
RAW,LR,R->L,0
RAW,LR,R->C,1
RAW,LR,R->R,0
RAW,LR,L->L,0
RAW,LR,L->C,0
RAW,LR,L->R,0
RAW,LR,C->L,0
RAW,LR,C->C,1
RAW,LR,C->R,0
RAW,LR,R->L,0
RAW,LR,R->C,0
RAW,LR,R->R,0
RAW,LR,L->L,0
RAW,LR,L->C,0
RAW,LR,L->R,0
RAW,LR,C->L,0
RAW,LR,C->C,1
RAW,LR,C->R,0
RAW,LR,R->L,0
RAW,LR,R->C,0
RAW,LR,R->R,0
RAW,LR,L->L,0
RAW,LR,L->C,0
RAW,LR,L->R,0
RAW,LR,C->L,0
RAW,LR,C->C,1
RAW,LR,C->R,0
RAW,LR,R->L,0
RAW,LR,R->C,0
RAW,LR,R->R,0
RAW,LR,L->L,0.75
RAW,LR,L->C,0.25
RAW,LR,L->R,0
RAW,LR,C->L,0.14285714285714279
RAW,LR,C->C,0.7142857142857143
RAW,LR,C->R,0.14285714285714279
RAW,LR,R->L,0
RAW,LR,R->C,0.5
RAW,LR,R->R,0.5
RAW,LR,L->L,0
RAW,LR,L->C,0
RAW,LR,L->R,0
RAW,LR,C->L,0
RAW,LR,C->C,1
RAW,LR,C->R,0
RAW,LR,R->L,0
RAW,LR,R->C,0
RAW,LR,R->R,0
RAW,LR,L->L,0
RAW,LR,L->C,1
RAW,LR,L->R,0
RAW,LR,C->L,0.10000000000000001
RAW,LR,C->C,0.90000000000000002
RAW,LR,C->R,0
RAW,LR,R->L,0
RAW,LR,R->C,0.20000000000000001
RAW,LR,R->R,0.80000000000000004
RAW,LR,L->L,0
RAW,LR,L->C,0
RAW,LR,L->R,0
RAW,LR,C->L,0
RAW,LR,C->C,1
RAW,LR,C->R,0
RAW,LR,R->L,0
RAW,LR,R->C,0
RAW,LR,R->R,0
RAW,LR,L->L,0
RAW,LR,L->C,0
RAW,LR,L->R,0
RAW,LR,C->L,0
RAW,LR,C->C,0.93333333333333324
RAW,LR,C->R,0.066666666666666596
RAW,LR,R->L,0
RAW,LR,R->C,1
RAW,LR,R->R,0
RAW,LR,L->L,0
RAW,LR,L->C,0
RAW,LR,L->R,0
RAW,LR,C->L,0
RAW,LR,C->C,0.94736842105263164
RAW,LR,C->R,0.052631578947368397
RAW,LR,R->L,0
RAW,LR,R->C,1
RAW,LR,R->R,0
RAW,LR,L->L,0
RAW,LR,L->C,0
RAW,LR,L->R,0
RAW,LR,C->L,0
RAW,LR,C->C,1
RAW,LR,C->R,0
RAW,LR,R->L,0
RAW,LR,R->C,0
RAW,LR,R->R,0
RAW,LR,L->L,0
RAW,LR,L->C,0
RAW,LR,L->R,0
RAW,LR,C->L,0
RAW,LR,C->C,1
RAW,LR,C->R,0
RAW,LR,R->L,0
RAW,LR,R->C,1
RAW,LR,R->R,0
RAW,LR,L->L,0
RAW,LR,L->C,0
RAW,LR,L->R,0
RAW,LR,C->L,0.10000000000000001
RAW,LR,C->C,0.90000000000000002
RAW,LR,C->R,0
RAW,LR,R->L,0
RAW,LR,R->C,0
RAW,LR,R->R,0
RAW,LR,L->L,0.5
RAW,LR,L->C,0.5
RAW,LR,L->R,0
RAW,LR,C->L,0.0769230769230769
RAW,LR,C->C,0.92307692307692324
RAW,LR,C->R,0
RAW,LR,R->L,0
RAW,LR,R->C,0
RAW,LR,R->R,0
RAW,LR,L->L,0
RAW,LR,L->C,1
RAW,LR,L->R,0
RAW,LR,C->L,0.071428571428571397
RAW,LR,C->C,0.9285714285714286
RAW,LR,C->R,0
RAW,LR,R->L,0
RAW,LR,R->C,0
RAW,LR,R->R,0
RAW,LR,L->L,0
RAW,LR,L->C,0
RAW,LR,L->R,0
RAW,LR,C->L,0
RAW,LR,C->C,1
RAW,LR,C->R,0
RAW,LR,R->L,0
RAW,LR,R->C,0
RAW,LR,R->R,0
RAW,LR,L->L,0
RAW,LR,L->C,0
RAW,LR,L->R,0
RAW,LR,C->L,0
RAW,LR,C->C,1
RAW,LR,C->R,0
RAW,LR,R->L,0
RAW,LR,R->C,0
RAW,LR,R->R,0
RAW,LR,L->L,0
RAW,LR,L->C,0
RAW,LR,L->R,0
RAW,LR,C->L,0
RAW,LR,C->C,0.9285714285714286
RAW,LR,C->R,0.071428571428571397
RAW,LR,R->L,0
RAW,LR,R->C,1
RAW,LR,R->R,0
HUD,LR,L->L,0
HUD,LR,L->C,0
HUD,LR,L->R,0
HUD,LR,C->L,0
HUD,LR,C->C,0.90000000000000002
HUD,LR,C->R,0.10000000000000001
HUD,LR,R->L,0
HUD,LR,R->C,0.5
HUD,LR,R->R,0.5
HUD,LR,L->L,0
HUD,LR,L->C,0
HUD,LR,L->R,0
HUD,LR,C->L,0
HUD,LR,C->C,0.90909090909090917
HUD,LR,C->R,0.090909090909090898
HUD,LR,R->L,0
HUD,LR,R->C,0.5
HUD,LR,R->R,0.5
HUD,LR,L->L,0
HUD,LR,L->C,0
HUD,LR,L->R,0
HUD,LR,C->L,0
HUD,LR,C->C,1
HUD,LR,C->R,0
HUD,LR,R->L,0
HUD,LR,R->C,0
HUD,LR,R->R,0
HUD,LR,L->L,0
HUD,LR,L->C,0
HUD,LR,L->R,0
HUD,LR,C->L,0
HUD,LR,C->C,1
HUD,LR,C->R,0
HUD,LR,R->L,0
HUD,LR,R->C,0
HUD,LR,R->R,0
HUD,LR,L->L,0
HUD,LR,L->C,0
HUD,LR,L->R,0
HUD,LR,C->L,0
HUD,LR,C->C,1
HUD,LR,C->R,0
HUD,LR,R->L,0
HUD,LR,R->C,0
HUD,LR,R->R,0
HUD,LR,L->L,0
HUD,LR,L->C,0
HUD,LR,L->R,0
HUD,LR,C->L,0
HUD,LR,C->C,0.75
HUD,LR,C->R,0.25
HUD,LR,R->L,0
HUD,LR,R->C,1
HUD,LR,R->R,0
HUD,LR,L->L,0
HUD,LR,L->C,0
HUD,LR,L->R,0
HUD,LR,C->L,0
HUD,LR,C->C,1
HUD,LR,C->R,0
HUD,LR,R->L,0
HUD,LR,R->C,0
HUD,LR,R->R,0
HUD,LR,L->L,0
HUD,LR,L->C,0
HUD,LR,L->R,0
HUD,LR,C->L,0
HUD,LR,C->C,0.95652173913043481
HUD,LR,C->R,0.043478260869565202
HUD,LR,R->L,0
HUD,LR,R->C,0.66666666666666663
HUD,LR,R->R,0.33333333333333331
HUD,LR,L->L,0
HUD,LR,L->C,0
HUD,LR,L->R,0
HUD,LR,C->L,0
HUD,LR,C->C,0.8571428571428571
HUD,LR,C->R,0.14285714285714279
HUD,LR,R->L,0
HUD,LR,R->C,0.33333333333333331
HUD,LR,R->R,0.66666666666666663
HUD,LR,L->L,0
HUD,LR,L->C,0
HUD,LR,L->R,0
HUD,LR,C->L,0
HUD,LR,C->C,0.9375
HUD,LR,C->R,0.0625
HUD,LR,R->L,0
HUD,LR,R->C,0.33333333333333331
HUD,LR,R->R,0.66666666666666663
HUD,LR,L->L,0
HUD,LR,L->C,1
HUD,LR,L->R,0
HUD,LR,C->L,0.1538461538461538
HUD,LR,C->C,0.76923076923076927
HUD,LR,C->R,0.0769230769230769
HUD,LR,R->L,0
HUD,LR,R->C,1
HUD,LR,R->R,0
HUD,LR,L->L,0
HUD,LR,L->C,0
HUD,LR,L->R,0
HUD,LR,C->L,0
HUD,LR,C->C,1
HUD,LR,C->R,0
HUD,LR,R->L,0
HUD,LR,R->C,0
HUD,LR,R->R,0
HUD,LR,L->L,0
HUD,LR,L->C,0
HUD,LR,L->R,0
HUD,LR,C->L,0
HUD,LR,C->C,1
HUD,LR,C->R,0
HUD,LR,R->L,0
HUD,LR,R->C,0
HUD,LR,R->R,0
HUD,LR,L->L,0
HUD,LR,L->C,0
HUD,LR,L->R,0
HUD,LR,C->L,0
HUD,LR,C->C,1
HUD,LR,C->R,0
HUD,LR,R->L,0
HUD,LR,R->C,0
HUD,LR,R->R,0
HUD,LR,L->L,0
HUD,LR,L->C,0
HUD,LR,L->R,0
HUD,LR,C->L,0
HUD,LR,C->C,1
HUD,LR,C->R,0
HUD,LR,R->L,0
HUD,LR,R->C,0
HUD,LR,R->R,0
HUD,LR,L->L,0
HUD,LR,L->C,0
HUD,LR,L->R,0
HUD,LR,C->L,0
HUD,LR,C->C,1
HUD,LR,C->R,0
HUD,LR,R->L,0
HUD,LR,R->C,0
HUD,LR,R->R,0
HUD,LR,L->L,0
HUD,LR,L->C,0
HUD,LR,L->R,0
HUD,LR,C->L,0
HUD,LR,C->C,1
HUD,LR,C->R,0
HUD,LR,R->L,0
HUD,LR,R->C,1
HUD,LR,R->R,0
HUD,LR,L->L,0
HUD,LR,L->C,0
HUD,LR,L->R,0
HUD,LR,C->L,0
HUD,LR,C->C,1
HUD,LR,C->R,0
HUD,LR,R->L,0
HUD,LR,R->C,0
HUD,LR,R->R,0
HUD,LR,L->L,0
HUD,LR,L->C,0
HUD,LR,L->R,0
HUD,LR,C->L,0
HUD,LR,C->C,0.93333333333333324
HUD,LR,C->R,0.066666666666666596
HUD,LR,R->L,0
HUD,LR,R->C,0.5
HUD,LR,R->R,0.5
HUD,LR,L->L,0
HUD,LR,L->C,0
HUD,LR,L->R,0
HUD,LR,C->L,0
HUD,LR,C->C,1
HUD,LR,C->R,0
HUD,LR,R->L,0
HUD,LR,R->C,0
HUD,LR,R->R,0
HUD,LR,L->L,0
HUD,LR,L->C,0
HUD,LR,L->R,0
HUD,LR,C->L,0
HUD,LR,C->C,1
HUD,LR,C->R,0
HUD,LR,R->L,0
HUD,LR,R->C,0
HUD,LR,R->R,0
HUD,LR,L->L,0
HUD,LR,L->C,0
HUD,LR,L->R,0
HUD,LR,C->L,0
HUD,LR,C->C,1
HUD,LR,C->R,0
HUD,LR,R->L,0
HUD,LR,R->C,0
HUD,LR,R->R,0
HUD,LR,L->L,0
HUD,LR,L->C,0
HUD,LR,L->R,0
HUD,LR,C->L,0
HUD,LR,C->C,1
HUD,LR,C->R,0
HUD,LR,R->L,0
HUD,LR,R->C,0
HUD,LR,R->R,0
HUD,LR,L->L,0
HUD,LR,L->C,0
HUD,LR,L->R,0
HUD,LR,C->L,0
HUD,LR,C->C,1
HUD,LR,C->R,0
HUD,LR,R->L,0
HUD,LR,R->C,0
HUD,LR,R->R,0
HUD,LR,L->L,0
HUD,LR,L->C,0
HUD,LR,L->R,0
HUD,LR,C->L,0
HUD,LR,C->C,1
HUD,LR,C->R,0
HUD,LR,R->L,0
HUD,LR,R->C,0
HUD,LR,R->R,0
HUD,LR,L->L,0
HUD,LR,L->C,0
HUD,LR,L->R,0
HUD,LR,C->L,0
HUD,LR,C->C,1
HUD,LR,C->R,0
HUD,LR,R->L,0
HUD,LR,R->C,0
HUD,LR,R->R,0
HUD,LR,L->L,0
HUD,LR,L->C,0
HUD,LR,L->R,0
HUD,LR,C->L,0
HUD,LR,C->C,0.94117647058823517
HUD,LR,C->R,0.058823529411764698
HUD,LR,R->L,0
HUD,LR,R->C,1
HUD,LR,R->R,0
HUD,LR,L->L,0
HUD,LR,L->C,1
HUD,LR,L->R,0
HUD,LR,C->L,0.050000000000000003
HUD,LR,C->C,0.84999999999999998
HUD,LR,C->R,0.10000000000000001
HUD,LR,R->L,0
HUD,LR,R->C,0.75
HUD,LR,R->R,0.25
HUD,LR,L->L,0
HUD,LR,L->C,0
HUD,LR,L->R,0
HUD,LR,C->L,0
HUD,LR,C->C,1
HUD,LR,C->R,0
HUD,LR,R->L,0
HUD,LR,R->C,0
HUD,LR,R->R,0
HUD,LR,L->L,0
HUD,LR,L->C,0
HUD,LR,L->R,0
HUD,LR,C->L,0
HUD,LR,C->C,1
HUD,LR,C->R,0
HUD,LR,R->L,0
HUD,LR,R->C,0
HUD,LR,R->R,0
HUD,LR,L->L,0
HUD,LR,L->C,0
HUD,LR,L->R,0
HUD,LR,C->L,0
HUD,LR,C->C,1
HUD,LR,C->R,0
HUD,LR,R->L,0
HUD,LR,R->C,0
HUD,LR,R->R,0
HUD,LR,L->L,0
HUD,LR,L->C,0
HUD,LR,L->R,0
HUD,LR,C->L,0
HUD,LR,C->C,1
HUD,LR,C->R,0
HUD,LR,R->L,0
HUD,LR,R->C,0
HUD,LR,R->R,0
HUD,LR,L->L,0
HUD,LR,L->C,0
HUD,LR,L->R,0
HUD,LR,C->L,0
HUD,LR,C->C,1
HUD,LR,C->R,0
HUD,LR,R->L,0
HUD,LR,R->C,0
HUD,LR,R->R,0
HUD,LR,L->L,0
HUD,LR,L->C,0
HUD,LR,L->R,0
HUD,LR,C->L,0
HUD,LR,C->C,1
HUD,LR,C->R,0
HUD,LR,R->L,0
HUD,LR,R->C,0
HUD,LR,R->R,0
HUD,LR,L->L,0
HUD,LR,L->C,0
HUD,LR,L->R,0
HUD,LR,C->L,0
HUD,LR,C->C,0.90909090909090917
HUD,LR,C->R,0.090909090909090898
HUD,LR,R->L,0
HUD,LR,R->C,1
HUD,LR,R->R,0
HUD,LR,L->L,0
HUD,LR,L->C,0
HUD,LR,L->R,0
HUD,LR,C->L,0
HUD,LR,C->C,1
HUD,LR,C->R,0
HUD,LR,R->L,0
HUD,LR,R->C,0
HUD,LR,R->R,0
HUD,LR,L->L,0
HUD,LR,L->C,0
HUD,LR,L->R,0
HUD,LR,C->L,0
HUD,LR,C->C,1
HUD,LR,C->R,0
HUD,LR,R->L,0
HUD,LR,R->C,0
HUD,LR,R->R,0
HUD,LR,L->L,0
HUD,LR,L->C,1
HUD,LR,L->R,0
HUD,LR,C->L,0.090909090909090898
HUD,LR,C->C,0.90909090909090917
HUD,LR,C->R,0
HUD,LR,R->L,0
HUD,LR,R->C,0
HUD,LR,R->R,0
HUD,LR,L->L,0
HUD,LR,L->C,0
HUD,LR,L->R,0
HUD,LR,C->L,0
HUD,LR,C->C,0.92307692307692324
HUD,LR,C->R,0.0769230769230769
HUD,LR,R->L,0
HUD,LR,R->C,0.33333333333333331
HUD,LR,R->R,0.66666666666666663
HUD,LR,L->L,0
HUD,LR,L->C,0
HUD,LR,L->R,0
HUD,LR,C->L,0
HUD,LR,C->C,1
HUD,LR,C->R,0
HUD,LR,R->L,0
HUD,LR,R->C,0
HUD,LR,R->R,0
HUD,LR,L->L,0
HUD,LR,L->C,0
HUD,LR,L->R,0
HUD,LR,C->L,0
HUD,LR,C->C,1
HUD,LR,C->R,0
HUD,LR,R->L,0
HUD,LR,R->C,0
HUD,LR,R->R,0
HUD,LR,L->L,0
HUD,LR,L->C,0
HUD,LR,L->R,0
HUD,LR,C->L,0
HUD,LR,C->C,0.9285714285714286
HUD,LR,C->R,0.071428571428571397
HUD,LR,R->L,0
HUD,LR,R->C,0.5
HUD,LR,R->R,0.5
HUD,LR,L->L,0
HUD,LR,L->C,0
HUD,LR,L->R,0
HUD,LR,C->L,0
HUD,LR,C->C,1
HUD,LR,C->R,0
HUD,LR,R->L,0
HUD,LR,R->C,0.14285714285714279
HUD,LR,R->R,0.8571428571428571
HUD,LR,L->L,0
HUD,LR,L->C,1
HUD,LR,L->R,0
HUD,LR,C->L,0.0769230769230769
HUD,LR,C->C,0.76923076923076927
HUD,LR,C->R,0.1538461538461538
HUD,LR,R->L,0
HUD,LR,R->C,0.375
HUD,LR,R->R,0.625
HUD,LR,L->L,0
HUD,LR,L->C,0
HUD,LR,L->R,0
HUD,LR,C->L,0
HUD,LR,C->C,1
HUD,LR,C->R,0
HUD,LR,R->L,0
HUD,LR,R->C,0.33333333333333331
HUD,LR,R->R,0.66666666666666663
HUD,LR,L->L,0
HUD,LR,L->C,0
HUD,LR,L->R,0
HUD,LR,C->L,0
HUD,LR,C->C,0.8571428571428571
HUD,LR,C->R,0.14285714285714279
HUD,LR,R->L,0
HUD,LR,R->C,0.2857142857142857
HUD,LR,R->R,0.7142857142857143
HUD,LR,L->L,0
HUD,LR,L->C,0
HUD,LR,L->R,0
HUD,LR,C->L,0
HUD,LR,C->C,1
HUD,LR,C->R,0
HUD,LR,R->L,0
HUD,LR,R->C,0.5
HUD,LR,R->R,0.5
HUD,LR,L->L,0
HUD,LR,L->C,0
HUD,LR,L->R,0
HUD,LR,C->L,0
HUD,LR,C->C,0.90000000000000002
HUD,LR,C->R,0.10000000000000001
HUD,LR,R->L,0
HUD,LR,R->C,0.1111111111111111
HUD,LR,R->R,0.88888888888888884
HUD,LR,L->L,0
HUD,LR,L->C,0
HUD,LR,L->R,0
HUD,LR,C->L,0
HUD,LR,C->C,0.88888888888888884
HUD,LR,C->R,0.1111111111111111
HUD,LR,R->L,0
HUD,LR,R->C,0.5
HUD,LR,R->R,0.5
HUD,LR,L->L,0
HUD,LR,L->C,0
HUD,LR,L->R,0
HUD,LR,C->L,0
HUD,LR,C->C,1
HUD,LR,C->R,0
HUD,LR,R->L,0
HUD,LR,R->C,0
HUD,LR,R->R,0
HUD,LR,L->L,0
HUD,LR,L->C,0
HUD,LR,L->R,0
HUD,LR,C->L,0
HUD,LR,C->C,1
HUD,LR,C->R,0
HUD,LR,R->L,0
HUD,LR,R->C,0
HUD,LR,R->R,0
HUD,LR,L->L,0
HUD,LR,L->C,0
HUD,LR,L->R,0
HUD,LR,C->L,0
HUD,LR,C->C,0.91666666666666663
HUD,LR,C->R,0.083333333333333301
HUD,LR,R->L,0
HUD,LR,R->C,0.5
HUD,LR,R->R,0.5
HUD,LR,L->L,0
HUD,LR,L->C,0
HUD,LR,L->R,0
HUD,LR,C->L,0
HUD,LR,C->C,1
HUD,LR,C->R,0
HUD,LR,R->L,0
HUD,LR,R->C,0
HUD,LR,R->R,0
HUD,LR,L->L,0
HUD,LR,L->C,0
HUD,LR,L->R,0
HUD,LR,C->L,0
HUD,LR,C->C,1
HUD,LR,C->R,0
HUD,LR,R->L,0
HUD,LR,R->C,0
HUD,LR,R->R,0
HUD,LR,L->L,0
HUD,LR,L->C,0
HUD,LR,L->R,0
HUD,LR,C->L,0
HUD,LR,C->C,1
HUD,LR,C->R,0
HUD,LR,R->L,0
HUD,LR,R->C,0
HUD,LR,R->R,0
HUD,LR,L->L,0
HUD,LR,L->C,0
HUD,LR,L->R,0
HUD,LR,C->L,0
HUD,LR,C->C,0.95833333333333337
HUD,LR,C->R,0.041666666666666602
HUD,LR,R->L,0
HUD,LR,R->C,0.33333333333333331
HUD,LR,R->R,0.66666666666666663
HUD,LR,L->L,0
HUD,LR,L->C,0
HUD,LR,L->R,0
HUD,LR,C->L,0
HUD,LR,C->C,1
HUD,LR,C->R,0
HUD,LR,R->L,0
HUD,LR,R->C,0.33333333333333331
HUD,LR,R->R,0.66666666666666663
HUD,LR,L->L,0
HUD,LR,L->C,0
HUD,LR,L->R,0
HUD,LR,C->L,0
HUD,LR,C->C,0.91666666666666663
HUD,LR,C->R,0.083333333333333301
HUD,LR,R->L,0
HUD,LR,R->C,0.33333333333333331
HUD,LR,R->R,0.66666666666666663
HUD,LR,L->L,0
HUD,LR,L->C,0
HUD,LR,L->R,0
HUD,LR,C->L,0
HUD,LR,C->C,0.94444444444444442
HUD,LR,C->R,0.055555555555555497
HUD,LR,R->L,0
HUD,LR,R->C,1
HUD,LR,R->R,0
HUD,LR,L->L,0.5
HUD,LR,L->C,0.5
HUD,LR,L->R,0
HUD,LR,C->L,0
HUD,LR,C->C,1
HUD,LR,C->R,0
HUD,LR,R->L,0
HUD,LR,R->C,0
HUD,LR,R->R,0
HUD,LR,L->L,0
HUD,LR,L->C,0
HUD,LR,L->R,0
HUD,LR,C->L,0
HUD,LR,C->C,1
HUD,LR,C->R,0
HUD,LR,R->L,0
HUD,LR,R->C,0.1666666666666666
HUD,LR,R->R,0.83333333333333337
HUD,LR,L->L,0
HUD,LR,L->C,0
HUD,LR,L->R,0
HUD,LR,C->L,0
HUD,LR,C->C,1
HUD,LR,C->R,0
HUD,LR,R->L,0
HUD,LR,R->C,1
HUD,LR,R->R,0
HUD,LR,L->L,0
HUD,LR,L->C,0
HUD,LR,L->R,0
HUD,LR,C->L,0
HUD,LR,C->C,0.83333333333333337
HUD,LR,C->R,0.1666666666666666
HUD,LR,R->L,0
HUD,LR,R->C,0.33333333333333331
HUD,LR,R->R,0.66666666666666663
HUD,LR,L->L,0
HUD,LR,L->C,0
HUD,LR,L->R,0
HUD,LR,C->L,0
HUD,LR,C->C,1
HUD,LR,C->R,0
HUD,LR,R->L,0
HUD,LR,R->C,0.083333333333333301
HUD,LR,R->R,0.91666666666666663
HUD,LR,L->L,0
HUD,LR,L->C,0
HUD,LR,L->R,0
HUD,LR,C->L,0
HUD,LR,C->C,0.83333333333333337
HUD,LR,C->R,0.1666666666666666
HUD,LR,R->L,0
HUD,LR,R->C,0.25
HUD,LR,R->R,0.75
HUD,LR,L->L,0
HUD,LR,L->C,0
HUD,LR,L->R,0
HUD,LR,C->L,0
HUD,LR,C->C,1
HUD,LR,C->R,0
HUD,LR,R->L,0
HUD,LR,R->C,0.14285714285714279
HUD,LR,R->R,0.8571428571428571
HUD,LR,L->L,0
HUD,LR,L->C,0
HUD,LR,L->R,0
HUD,LR,C->L,0
HUD,LR,C->C,1
HUD,LR,C->R,0
HUD,LR,R->L,0
HUD,LR,R->C,0
HUD,LR,R->R,0
HUD,LR,L->L,0
HUD,LR,L->C,0
HUD,LR,L->R,0
HUD,LR,C->L,0
HUD,LR,C->C,1
HUD,LR,C->R,0
HUD,LR,R->L,0
HUD,LR,R->C,0
HUD,LR,R->R,0
HUD,LR,L->L,0
HUD,LR,L->C,0
HUD,LR,L->R,0
HUD,LR,C->L,0
HUD,LR,C->C,1
HUD,LR,C->R,0
HUD,LR,R->L,0
HUD,LR,R->C,0
HUD,LR,R->R,0
HUD,LR,L->L,0
HUD,LR,L->C,1
HUD,LR,L->R,0
HUD,LR,C->L,0.0625
HUD,LR,C->C,0.875
HUD,LR,C->R,0.0625
HUD,LR,R->L,0
HUD,LR,R->C,0.66666666666666663
HUD,LR,R->R,0.33333333333333331
HUD,LR,L->L,0
HUD,LR,L->C,0
HUD,LR,L->R,0
HUD,LR,C->L,0
HUD,LR,C->C,1
HUD,LR,C->R,0
HUD,LR,R->L,0
HUD,LR,R->C,0
HUD,LR,R->R,0
HUD,LR,L->L,0
HUD,LR,L->C,0
HUD,LR,L->R,0
HUD,LR,C->L,0
HUD,LR,C->C,1
HUD,LR,C->R,0
HUD,LR,R->L,0
HUD,LR,R->C,0
HUD,LR,R->R,0
HUD,LR,L->L,0
HUD,LR,L->C,0
HUD,LR,L->R,0
HUD,LR,C->L,0.0769230769230769
HUD,LR,C->C,0.92307692307692324
HUD,LR,C->R,0
HUD,LR,R->L,0
HUD,LR,R->C,0
HUD,LR,R->R,0
HUD,LR,L->L,0
HUD,LR,L->C,0
HUD,LR,L->R,0
HUD,LR,C->L,0
HUD,LR,C->C,1
HUD,LR,C->R,0
HUD,LR,R->L,0
HUD,LR,R->C,0
HUD,LR,R->R,0
HUD,LR,L->L,0
HUD,LR,L->C,0
HUD,LR,L->R,0
HUD,LR,C->L,0
HUD,LR,C->C,1
HUD,LR,C->R,0
HUD,LR,R->L,0
HUD,LR,R->C,0.5
HUD,LR,R->R,0.5
HUD,LR,L->L,0
HUD,LR,L->C,0
HUD,LR,L->R,0
HUD,LR,C->L,0
HUD,LR,C->C,1
HUD,LR,C->R,0
HUD,LR,R->L,0
HUD,LR,R->C,0
HUD,LR,R->R,0
HUD,LR,L->L,0
HUD,LR,L->C,0
HUD,LR,L->R,0
HUD,LR,C->L,0
HUD,LR,C->C,1
HUD,LR,C->R,0
HUD,LR,R->L,0
HUD,LR,R->C,0
HUD,LR,R->R,0
HUD,LR,L->L,0
HUD,LR,L->C,0
HUD,LR,L->R,0
HUD,LR,C->L,0
HUD,LR,C->C,1
HUD,LR,C->R,0
HUD,LR,R->L,0
HUD,LR,R->C,0
HUD,LR,R->R,0
HUD,LR,L->L,0
HUD,LR,L->C,0
HUD,LR,L->R,0
HUD,LR,C->L,0
HUD,LR,C->C,1
HUD,LR,C->R,0
HUD,LR,R->L,0
HUD,LR,R->C,0.25
HUD,LR,R->R,0.75
HUD,LR,L->L,0
HUD,LR,L->C,0
HUD,LR,L->R,0
HUD,LR,C->L,0
HUD,LR,C->C,0.93333333333333324
HUD,LR,C->R,0.066666666666666596
HUD,LR,R->L,0
HUD,LR,R->C,0.14285714285714279
HUD,LR,R->R,0.8571428571428571
HUD,LR,L->L,0
HUD,LR,L->C,0
HUD,LR,L->R,0
HUD,LR,C->L,0
HUD,LR,C->C,0.8571428571428571
HUD,LR,C->R,0.14285714285714279
HUD,LR,R->L,0
HUD,LR,R->C,1
HUD,LR,R->R,0
HUD,LR,L->L,0
HUD,LR,L->C,0
HUD,LR,L->R,0
HUD,LR,C->L,0
HUD,LR,C->C,1
HUD,LR,C->R,0
HUD,LR,R->L,0
HUD,LR,R->C,0.20000000000000001
HUD,LR,R->R,0.80000000000000004
HUD,LR,L->L,0
HUD,LR,L->C,0
HUD,LR,L->R,0
HUD,LR,C->L,0
HUD,LR,C->C,0.88888888888888884
HUD,LR,C->R,0.1111111111111111
HUD,LR,R->L,0
HUD,LR,R->C,0.40000000000000002
HUD,LR,R->R,0.59999999999999998
HUD,LR,L->L,0
HUD,LR,L->C,0
HUD,LR,L->R,0
HUD,LR,C->L,0
HUD,LR,C->C,0.83333333333333337
HUD,LR,C->R,0.1666666666666666
HUD,LR,R->L,0
HUD,LR,R->C,0.40000000000000002
HUD,LR,R->R,0.59999999999999998
HUD,LR,L->L,0
HUD,LR,L->C,0
HUD,LR,L->R,0
HUD,LR,C->L,0
HUD,LR,C->C,1
HUD,LR,C->R,0
HUD,LR,R->L,0
HUD,LR,R->C,0
HUD,LR,R->R,0
HUD,LR,L->L,0
HUD,LR,L->C,0
HUD,LR,L->R,0
HUD,LR,C->L,0
HUD,LR,C->C,1
HUD,LR,C->R,0
HUD,LR,R->L,0
HUD,LR,R->C,0
HUD,LR,R->R,0
HUD,LR,L->L,0
HUD,LR,L->C,0
HUD,LR,L->R,0
HUD,LR,C->L,0
HUD,LR,C->C,1
HUD,LR,C->R,0
HUD,LR,R->L,0
HUD,LR,R->C,0
HUD,LR,R->R,0
HUD,LR,L->L,0
HUD,LR,L->C,0
HUD,LR,L->R,0
HUD,LR,C->L,0
HUD,LR,C->C,1
HUD,LR,C->R,0
HUD,LR,R->L,0
HUD,LR,R->C,0
HUD,LR,R->R,0
HUD,LR,L->L,0
HUD,LR,L->C,0
HUD,LR,L->R,0
HUD,LR,C->L,0
HUD,LR,C->C,1
HUD,LR,C->R,0
HUD,LR,R->L,0
HUD,LR,R->C,0
HUD,LR,R->R,0
HUD,LR,L->L,0
HUD,LR,L->C,0
HUD,LR,L->R,0
HUD,LR,C->L,0
HUD,LR,C->C,0.90909090909090917
HUD,LR,C->R,0.090909090909090898
HUD,LR,R->L,0
HUD,LR,R->C,0.20000000000000001
HUD,LR,R->R,0.80000000000000004
HUD,LR,L->L,0
HUD,LR,L->C,0
HUD,LR,L->R,0
HUD,LR,C->L,0
HUD,LR,C->C,1
HUD,LR,C->R,0
HUD,LR,R->L,0
HUD,LR,R->C,0
HUD,LR,R->R,0
HUD,LR,L->L,0
HUD,LR,L->C,0
HUD,LR,L->R,0
HUD,LR,C->L,0
HUD,LR,C->C,1
HUD,LR,C->R,0
HUD,LR,R->L,0
HUD,LR,R->C,0
HUD,LR,R->R,0
HUD,LR,L->L,0
HUD,LR,L->C,0
HUD,LR,L->R,0
HUD,LR,C->L,0
HUD,LR,C->C,1
HUD,LR,C->R,0
HUD,LR,R->L,0
HUD,LR,R->C,0
HUD,LR,R->R,0
HUD,LR,L->L,0
HUD,LR,L->C,0
HUD,LR,L->R,0
HUD,LR,C->L,0
HUD,LR,C->C,0.95454545454545459
HUD,LR,C->R,0.0454545454545454
HUD,LR,R->L,0
HUD,LR,R->C,1
HUD,LR,R->R,0
HUD,LR,L->L,0
HUD,LR,L->C,0
HUD,LR,L->R,0
HUD,LR,C->L,0
HUD,LR,C->C,1
HUD,LR,C->R,0
HUD,LR,R->L,0
HUD,LR,R->C,0
HUD,LR,R->R,0
HUD,LR,L->L,0
HUD,LR,L->C,0
HUD,LR,L->R,0
HUD,LR,C->L,0
HUD,LR,C->C,1
HUD,LR,C->R,0
HUD,LR,R->L,0
HUD,LR,R->C,0
HUD,LR,R->R,0
HUD,LR,L->L,0
HUD,LR,L->C,0
HUD,LR,L->R,0
HUD,LR,C->L,0
HUD,LR,C->C,1
HUD,LR,C->R,0
HUD,LR,R->L,0
HUD,LR,R->C,0
HUD,LR,R->R,0
HUD,LR,L->L,0
HUD,LR,L->C,0
HUD,LR,L->R,0
HUD,LR,C->L,0
HUD,LR,C->C,1
HUD,LR,C->R,0
HUD,LR,R->L,0
HUD,LR,R->C,0
HUD,LR,R->R,0
HUD,LR,L->L,0
HUD,LR,L->C,0
HUD,LR,L->R,0
HUD,LR,C->L,0
HUD,LR,C->C,1
HUD,LR,C->R,0
HUD,LR,R->L,0
HUD,LR,R->C,1
HUD,LR,R->R,0
HUD,LR,L->L,0
HUD,LR,L->C,0
HUD,LR,L->R,0
HUD,LR,C->L,0
HUD,LR,C->C,0.8125
HUD,LR,C->R,0.1875
HUD,LR,R->L,0
HUD,LR,R->C,1
HUD,LR,R->R,0
HUD,LR,L->L,0
HUD,LR,L->C,0
HUD,LR,L->R,0
HUD,LR,C->L,0
HUD,LR,C->C,1
HUD,LR,C->R,0
HUD,LR,R->L,0
HUD,LR,R->C,0
HUD,LR,R->R,0
HUD,LR,L->L,0
HUD,LR,L->C,0
HUD,LR,L->R,0
HUD,LR,C->L,0
HUD,LR,C->C,1
HUD,LR,C->R,0
HUD,LR,R->L,0
HUD,LR,R->C,0
HUD,LR,R->R,0
HUD,LR,L->L,0
HUD,LR,L->C,0
HUD,LR,L->R,0
HUD,LR,C->L,0
HUD,LR,C->C,1
HUD,LR,C->R,0
HUD,LR,R->L,0
HUD,LR,R->C,0
HUD,LR,R->R,0
HUD,LR,L->L,0
HUD,LR,L->C,0
HUD,LR,L->R,0
HUD,LR,C->L,0
HUD,LR,C->C,0.94117647058823517
HUD,LR,C->R,0.058823529411764698
HUD,LR,R->L,0
HUD,LR,R->C,0.5
HUD,LR,R->R,0.5
HUD,LR,L->L,0
HUD,LR,L->C,0
HUD,LR,L->R,0
HUD,LR,C->L,0
HUD,LR,C->C,1
HUD,LR,C->R,0
HUD,LR,R->L,0
HUD,LR,R->C,0
HUD,LR,R->R,0
HUD,LR,L->L,0
HUD,LR,L->C,0
HUD,LR,L->R,0
HUD,LR,C->L,0
HUD,LR,C->C,0.9285714285714286
HUD,LR,C->R,0.071428571428571397
HUD,LR,R->L,0
HUD,LR,R->C,0.5
HUD,LR,R->R,0.5
HUD,LR,L->L,0
HUD,LR,L->C,0
HUD,LR,L->R,0
HUD,LR,C->L,0
HUD,LR,C->C,1
HUD,LR,C->R,0
HUD,LR,R->L,0
HUD,LR,R->C,0
HUD,LR,R->R,0
HUD,LR,L->L,0.5
HUD,LR,L->C,0.5
HUD,LR,L->R,0
HUD,LR,C->L,0
HUD,LR,C->C,1
HUD,LR,C->R,0
HUD,LR,R->L,0
HUD,LR,R->C,0
HUD,LR,R->R,0
HUD,LR,L->L,0
HUD,LR,L->C,0
HUD,LR,L->R,0
HUD,LR,C->L,0
HUD,LR,C->C,0.88235294117647056
HUD,LR,C->R,0.1176470588235294
HUD,LR,R->L,0
HUD,LR,R->C,1
HUD,LR,R->R,0
HUD,LR,L->L,0
HUD,LR,L->C,0
HUD,LR,L->R,0
HUD,LR,C->L,0
HUD,LR,C->C,1
HUD,LR,C->R,0
HUD,LR,R->L,0
HUD,LR,R->C,0
HUD,LR,R->R,0
HUD,LR,L->L,0
HUD,LR,L->C,0
HUD,LR,L->R,0
HUD,LR,C->L,0
HUD,LR,C->C,0.94444444444444442
HUD,LR,C->R,0.055555555555555497
HUD,LR,R->L,0
HUD,LR,R->C,1
HUD,LR,R->R,0
HUD,LR,L->L,0
HUD,LR,L->C,0
HUD,LR,L->R,0
HUD,LR,C->L,0
HUD,LR,C->C,1
HUD,LR,C->R,0
HUD,LR,R->L,0
HUD,LR,R->C,0.5
HUD,LR,R->R,0.5
HUD,LR,L->L,0
HUD,LR,L->C,0
HUD,LR,L->R,0
HUD,LR,C->L,0
HUD,LR,C->C,1
HUD,LR,C->R,0
HUD,LR,R->L,0
HUD,LR,R->C,0
HUD,LR,R->R,0
HUD,LR,L->L,0
HUD,LR,L->C,0
HUD,LR,L->R,0
HUD,LR,C->L,0
HUD,LR,C->C,1
HUD,LR,C->R,0
HUD,LR,R->L,0
HUD,LR,R->C,0
HUD,LR,R->R,0
HUD,LR,L->L,0
HUD,LR,L->C,0
HUD,LR,L->R,0
HUD,LR,C->L,0
HUD,LR,C->C,1
HUD,LR,C->R,0
HUD,LR,R->L,0
HUD,LR,R->C,0
HUD,LR,R->R,0
HUD,LR,L->L,0
HUD,LR,L->C,1
HUD,LR,L->R,0
HUD,LR,C->L,0
HUD,LR,C->C,1
HUD,LR,C->R,0
HUD,LR,R->L,0
HUD,LR,R->C,0
HUD,LR,R->R,0
HUD,LR,L->L,0
HUD,LR,L->C,0
HUD,LR,L->R,0
HUD,LR,C->L,0
HUD,LR,C->C,1
HUD,LR,C->R,0
HUD,LR,R->L,0
HUD,LR,R->C,0
HUD,LR,R->R,0
HUD,LR,L->L,0
HUD,LR,L->C,0
HUD,LR,L->R,0
HUD,LR,C->L,0
HUD,LR,C->C,1
HUD,LR,C->R,0
HUD,LR,R->L,0
HUD,LR,R->C,0
HUD,LR,R->R,0
HUD,LR,L->L,0
HUD,LR,L->C,0
HUD,LR,L->R,0
HUD,LR,C->L,0
HUD,LR,C->C,1
HUD,LR,C->R,0
HUD,LR,R->L,0
HUD,LR,R->C,0
HUD,LR,R->R,0
HUD,LR,L->L,0
HUD,LR,L->C,0
HUD,LR,L->R,0
HUD,LR,C->L,0
HUD,LR,C->C,1
HUD,LR,C->R,0
HUD,LR,R->L,0
HUD,LR,R->C,0
HUD,LR,R->R,0
RAW,PTR,L->L,0.59999999999999998
RAW,PTR,L->C,0.33333333333333331
RAW,PTR,L->R,0.066666666666666596
RAW,PTR,C->L,0.061728395061728301
RAW,PTR,C->C,0.90123456790123457
RAW,PTR,C->R,0.037037037037037
RAW,PTR,R->L,0.20000000000000001
RAW,PTR,R->C,0.59999999999999998
RAW,PTR,R->R,0.20000000000000001
RAW,PTR,L->L,0.5714285714285714
RAW,PTR,L->C,0.14285714285714279
RAW,PTR,L->R,0.2857142857142857
RAW,PTR,C->L,0.1111111111111111
RAW,PTR,C->C,0.44444444444444442
RAW,PTR,C->R,0.44444444444444442
RAW,PTR,R->L,0.1538461538461538
RAW,PTR,R->C,0.2307692307692307
RAW,PTR,R->R,0.61538461538461542
RAW,PTR,L->L,0.59999999999999998
RAW,PTR,L->C,0.20000000000000001
RAW,PTR,L->R,0.20000000000000001
RAW,PTR,C->L,0.20000000000000001
RAW,PTR,C->C,0.80000000000000004
RAW,PTR,C->R,0
RAW,PTR,R->L,0
RAW,PTR,R->C,0
RAW,PTR,R->R,1
RAW,PTR,L->L,0
RAW,PTR,L->C,0
RAW,PTR,L->R,0
RAW,PTR,C->L,0
RAW,PTR,C->C,0.875
RAW,PTR,C->R,0.125
RAW,PTR,R->L,0
RAW,PTR,R->C,1
RAW,PTR,R->R,0
RAW,PTR,L->L,0.59999999999999998
RAW,PTR,L->C,0.40000000000000002
RAW,PTR,L->R,0
RAW,PTR,C->L,0.1666666666666666
RAW,PTR,C->C,0.83333333333333337
RAW,PTR,C->R,0
RAW,PTR,R->L,0
RAW,PTR,R->C,0
RAW,PTR,R->R,0
RAW,PTR,L->L,0
RAW,PTR,L->C,0
RAW,PTR,L->R,1
RAW,PTR,C->L,0.125
RAW,PTR,C->C,0.875
RAW,PTR,C->R,0
RAW,PTR,R->L,0
RAW,PTR,R->C,0
RAW,PTR,R->R,1
RAW,PTR,L->L,0
RAW,PTR,L->C,1
RAW,PTR,L->R,0
RAW,PTR,C->L,0.1666666666666666
RAW,PTR,C->C,0.5
RAW,PTR,C->R,0.33333333333333331
RAW,PTR,R->L,0
RAW,PTR,R->C,0.66666666666666663
RAW,PTR,R->R,0.33333333333333331
RAW,PTR,L->L,0
RAW,PTR,L->C,0
RAW,PTR,L->R,0
RAW,PTR,C->L,0
RAW,PTR,C->C,0.80000000000000004
RAW,PTR,C->R,0.20000000000000001
RAW,PTR,R->L,0
RAW,PTR,R->C,0.33333333333333331
RAW,PTR,R->R,0.66666666666666663
RAW,PTR,L->L,0
RAW,PTR,L->C,0.5
RAW,PTR,L->R,0.5
RAW,PTR,C->L,0
RAW,PTR,C->C,0.73333333333333328
RAW,PTR,C->R,0.26666666666666661
RAW,PTR,R->L,0.14285714285714279
RAW,PTR,R->C,0.14285714285714279
RAW,PTR,R->R,0.7142857142857143
RAW,PTR,L->L,0
RAW,PTR,L->C,0
RAW,PTR,L->R,0
RAW,PTR,C->L,0
RAW,PTR,C->C,1
RAW,PTR,C->R,0
RAW,PTR,R->L,0
RAW,PTR,R->C,0
RAW,PTR,R->R,0
RAW,PTR,L->L,0.66666666666666663
RAW,PTR,L->C,0.1111111111111111
RAW,PTR,L->R,0.22222222222222221
RAW,PTR,C->L,0.375
RAW,PTR,C->C,0.5
RAW,PTR,C->R,0.125
RAW,PTR,R->L,0
RAW,PTR,R->C,1
RAW,PTR,R->R,0
RAW,PTR,L->L,0.5
RAW,PTR,L->C,0.5
RAW,PTR,L->R,0
RAW,PTR,C->L,0
RAW,PTR,C->C,0.8571428571428571
RAW,PTR,C->R,0.14285714285714279
RAW,PTR,R->L,0
RAW,PTR,R->C,0
RAW,PTR,R->R,0
RAW,PTR,L->L,0
RAW,PTR,L->C,0
RAW,PTR,L->R,0
RAW,PTR,C->L,0
RAW,PTR,C->C,1
RAW,PTR,C->R,0
RAW,PTR,R->L,0
RAW,PTR,R->C,0
RAW,PTR,R->R,0
RAW,PTR,L->L,0.5714285714285714
RAW,PTR,L->C,0.2857142857142857
RAW,PTR,L->R,0.14285714285714279
RAW,PTR,C->L,0.2857142857142857
RAW,PTR,C->C,0.42857142857142849
RAW,PTR,C->R,0.2857142857142857
RAW,PTR,R->L,0.20000000000000001
RAW,PTR,R->C,0.40000000000000002
RAW,PTR,R->R,0.40000000000000002
RAW,PTR,L->L,0
RAW,PTR,L->C,0
RAW,PTR,L->R,0
RAW,PTR,C->L,0
RAW,PTR,C->C,0.90000000000000002
RAW,PTR,C->R,0.10000000000000001
RAW,PTR,R->L,0
RAW,PTR,R->C,0
RAW,PTR,R->R,1
RAW,PTR,L->L,0.5
RAW,PTR,L->C,0.5
RAW,PTR,L->R,0
RAW,PTR,C->L,0
RAW,PTR,C->C,0.83333333333333337
RAW,PTR,C->R,0.1666666666666666
RAW,PTR,R->L,0
RAW,PTR,R->C,0
RAW,PTR,R->R,1
RAW,PTR,L->L,0.59999999999999998
RAW,PTR,L->C,0.20000000000000001
RAW,PTR,L->R,0.20000000000000001
RAW,PTR,C->L,0.071428571428571397
RAW,PTR,C->C,0.8571428571428571
RAW,PTR,C->R,0.071428571428571397
RAW,PTR,R->L,0.0625
RAW,PTR,R->C,0
RAW,PTR,R->R,0.9375
RAW,PTR,L->L,0.5
RAW,PTR,L->C,0
RAW,PTR,L->R,0.5
RAW,PTR,C->L,0.14285714285714279
RAW,PTR,C->C,0.8571428571428571
RAW,PTR,C->R,0
RAW,PTR,R->L,0.20000000000000001
RAW,PTR,R->C,0
RAW,PTR,R->R,0.80000000000000004
RAW,PTR,L->L,0
RAW,PTR,L->C,0
RAW,PTR,L->R,0
RAW,PTR,C->L,0
RAW,PTR,C->C,1
RAW,PTR,C->R,0
RAW,PTR,R->L,0
RAW,PTR,R->C,0
RAW,PTR,R->R,0
RAW,PTR,L->L,0
RAW,PTR,L->C,0
RAW,PTR,L->R,0
RAW,PTR,C->L,0
RAW,PTR,C->C,0.90000000000000002
RAW,PTR,C->R,0.10000000000000001
RAW,PTR,R->L,0
RAW,PTR,R->C,0
RAW,PTR,R->R,1
RAW,PTR,L->L,0
RAW,PTR,L->C,0
RAW,PTR,L->R,0
RAW,PTR,C->L,0
RAW,PTR,C->C,0.81818181818181823
RAW,PTR,C->R,0.1818181818181818
RAW,PTR,R->L,0
RAW,PTR,R->C,0.047619047619047603
RAW,PTR,R->R,0.95238095238095244
RAW,PTR,L->L,0
RAW,PTR,L->C,0
RAW,PTR,L->R,0
RAW,PTR,C->L,0
RAW,PTR,C->C,1
RAW,PTR,C->R,0
RAW,PTR,R->L,0
RAW,PTR,R->C,0
RAW,PTR,R->R,0
RAW,PTR,L->L,0
RAW,PTR,L->C,0
RAW,PTR,L->R,0
RAW,PTR,C->L,0
RAW,PTR,C->C,1
RAW,PTR,C->R,0
RAW,PTR,R->L,0
RAW,PTR,R->C,0
RAW,PTR,R->R,0
RAW,PTR,L->L,0
RAW,PTR,L->C,0
RAW,PTR,L->R,0
RAW,PTR,C->L,0
RAW,PTR,C->C,0.8571428571428571
RAW,PTR,C->R,0.14285714285714279
RAW,PTR,R->L,0
RAW,PTR,R->C,0
RAW,PTR,R->R,1
RAW,PTR,L->L,0
RAW,PTR,L->C,0
RAW,PTR,L->R,0
RAW,PTR,C->L,0
RAW,PTR,C->C,0.875
RAW,PTR,C->R,0.125
RAW,PTR,R->L,0
RAW,PTR,R->C,0
RAW,PTR,R->R,1
RAW,PTR,L->L,0.5
RAW,PTR,L->C,0.5
RAW,PTR,L->R,0
RAW,PTR,C->L,0
RAW,PTR,C->C,0.93333333333333324
RAW,PTR,C->R,0.066666666666666596
RAW,PTR,R->L,0
RAW,PTR,R->C,0
RAW,PTR,R->R,1
RAW,PTR,L->L,0
RAW,PTR,L->C,1
RAW,PTR,L->R,0
RAW,PTR,C->L,0.083333333333333301
RAW,PTR,C->C,0.91666666666666663
RAW,PTR,C->R,0
RAW,PTR,R->L,0
RAW,PTR,R->C,0
RAW,PTR,R->R,0
RAW,PTR,L->L,0.5
RAW,PTR,L->C,0.5
RAW,PTR,L->R,0
RAW,PTR,C->L,0.1538461538461538
RAW,PTR,C->C,0.69230769230769229
RAW,PTR,C->R,0.1538461538461538
RAW,PTR,R->L,0
RAW,PTR,R->C,0.14285714285714279
RAW,PTR,R->R,0.8571428571428571
RAW,PTR,L->L,0.5
RAW,PTR,L->C,0.5
RAW,PTR,L->R,0
RAW,PTR,C->L,0.066666666666666596
RAW,PTR,C->C,0.66666666666666663
RAW,PTR,C->R,0.26666666666666661
RAW,PTR,R->L,0
RAW,PTR,R->C,0.36363636363636359
RAW,PTR,R->R,0.63636363636363635
RAW,PTR,L->L,0.5625
RAW,PTR,L->C,0.375
RAW,PTR,L->R,0.0625
RAW,PTR,C->L,0.065217391304347797
RAW,PTR,C->C,0.84782608695652173
RAW,PTR,C->R,0.086956521739130405
RAW,PTR,R->L,0.0625
RAW,PTR,R->C,0.4375
RAW,PTR,R->R,0.5
RAW,PTR,L->L,0
RAW,PTR,L->C,0
RAW,PTR,L->R,0
RAW,PTR,C->L,0
RAW,PTR,C->C,1
RAW,PTR,C->R,0
RAW,PTR,R->L,0
RAW,PTR,R->C,0
RAW,PTR,R->R,0
RAW,PTR,L->L,0
RAW,PTR,L->C,0
RAW,PTR,L->R,0
RAW,PTR,C->L,0
RAW,PTR,C->C,0.80000000000000004
RAW,PTR,C->R,0.20000000000000001
RAW,PTR,R->L,0
RAW,PTR,R->C,0.5
RAW,PTR,R->R,0.5
RAW,PTR,L->L,0
RAW,PTR,L->C,0
RAW,PTR,L->R,0
RAW,PTR,C->L,0
RAW,PTR,C->C,1
RAW,PTR,C->R,0
RAW,PTR,R->L,0
RAW,PTR,R->C,0
RAW,PTR,R->R,0
RAW,PTR,L->L,0.5
RAW,PTR,L->C,0.25
RAW,PTR,L->R,0.25
RAW,PTR,C->L,0.1538461538461538
RAW,PTR,C->C,0.84615384615384615
RAW,PTR,C->R,0
RAW,PTR,R->L,0
RAW,PTR,R->C,0
RAW,PTR,R->R,1
RAW,PTR,L->L,0.66666666666666663
RAW,PTR,L->C,0.33333333333333331
RAW,PTR,L->R,0
RAW,PTR,C->L,0.1666666666666666
RAW,PTR,C->C,0.5
RAW,PTR,C->R,0.33333333333333331
RAW,PTR,R->L,0
RAW,PTR,R->C,0.25
RAW,PTR,R->R,0.75
RAW,PTR,L->L,0.36363636363636359
RAW,PTR,L->C,0.45454545454545447
RAW,PTR,L->R,0.1818181818181818
RAW,PTR,C->L,0.086956521739130405
RAW,PTR,C->C,0.84057971014492749
RAW,PTR,C->R,0.072463768115942004
RAW,PTR,R->L,0.0625
RAW,PTR,R->C,0.4375
RAW,PTR,R->R,0.5
RAW,PTR,L->L,0
RAW,PTR,L->C,0
RAW,PTR,L->R,0
RAW,PTR,C->L,0
RAW,PTR,C->C,0.875
RAW,PTR,C->R,0.125
RAW,PTR,R->L,0
RAW,PTR,R->C,0
RAW,PTR,R->R,1
RAW,PTR,L->L,0
RAW,PTR,L->C,0
RAW,PTR,L->R,0
RAW,PTR,C->L,0
RAW,PTR,C->C,0.91666666666666663
RAW,PTR,C->R,0.083333333333333301
RAW,PTR,R->L,0
RAW,PTR,R->C,0
RAW,PTR,R->R,1
RAW,PTR,L->L,0
RAW,PTR,L->C,0
RAW,PTR,L->R,0
RAW,PTR,C->L,0
RAW,PTR,C->C,0.75
RAW,PTR,C->R,0.25
RAW,PTR,R->L,0
RAW,PTR,R->C,0.5
RAW,PTR,R->R,0.5
RAW,PTR,L->L,0
RAW,PTR,L->C,0
RAW,PTR,L->R,0
RAW,PTR,C->L,0
RAW,PTR,C->C,0.875
RAW,PTR,C->R,0.125
RAW,PTR,R->L,0
RAW,PTR,R->C,0
RAW,PTR,R->R,1
RAW,PTR,L->L,0.33333333333333331
RAW,PTR,L->C,0.33333333333333331
RAW,PTR,L->R,0.33333333333333331
RAW,PTR,C->L,0.083333333333333301
RAW,PTR,C->C,0.5
RAW,PTR,C->R,0.41666666666666669
RAW,PTR,R->L,0.071428571428571397
RAW,PTR,R->C,0.2857142857142857
RAW,PTR,R->R,0.6428571428571429
RAW,PTR,L->L,0
RAW,PTR,L->C,0
RAW,PTR,L->R,0
RAW,PTR,C->L,0
RAW,PTR,C->C,0
RAW,PTR,C->R,0
RAW,PTR,R->L,0
RAW,PTR,R->C,1
RAW,PTR,R->R,0
RAW,PTR,L->L,0.59999999999999998
RAW,PTR,L->C,0.40000000000000002
RAW,PTR,L->R,0
RAW,PTR,C->L,0.1666666666666666
RAW,PTR,C->C,0.66666666666666663
RAW,PTR,C->R,0.1666666666666666
RAW,PTR,R->L,0
RAW,PTR,R->C,0.5
RAW,PTR,R->R,0.5
RAW,PTR,L->L,0.625
RAW,PTR,L->C,0.125
RAW,PTR,L->R,0.25
RAW,PTR,C->L,0.2307692307692307
RAW,PTR,C->C,0.76923076923076927
RAW,PTR,C->R,0
RAW,PTR,R->L,0
RAW,PTR,R->C,1
RAW,PTR,R->R,0
RAW,PTR,L->L,0
RAW,PTR,L->C,0
RAW,PTR,L->R,0
RAW,PTR,C->L,0
RAW,PTR,C->C,0.95652173913043481
RAW,PTR,C->R,0.043478260869565202
RAW,PTR,R->L,0
RAW,PTR,R->C,1
RAW,PTR,R->R,0
RAW,PTR,L->L,0
RAW,PTR,L->C,0
RAW,PTR,L->R,0
RAW,PTR,C->L,0
RAW,PTR,C->C,1
RAW,PTR,C->R,0
RAW,PTR,R->L,0
RAW,PTR,R->C,0
RAW,PTR,R->R,0
RAW,PTR,L->L,0
RAW,PTR,L->C,1
RAW,PTR,L->R,0
RAW,PTR,C->L,0.1111111111111111
RAW,PTR,C->C,0.66666666666666663
RAW,PTR,C->R,0.22222222222222221
RAW,PTR,R->L,0
RAW,PTR,R->C,0.66666666666666663
RAW,PTR,R->R,0.33333333333333331
RAW,PTR,L->L,0.5714285714285714
RAW,PTR,L->C,0.14285714285714279
RAW,PTR,L->R,0.2857142857142857
RAW,PTR,C->L,0.068181818181818094
RAW,PTR,C->C,0.93181818181818177
RAW,PTR,C->R,0
RAW,PTR,R->L,0
RAW,PTR,R->C,0.20000000000000001
RAW,PTR,R->R,0.80000000000000004
RAW,PTR,L->L,0
RAW,PTR,L->C,0
RAW,PTR,L->R,0
RAW,PTR,C->L,0
RAW,PTR,C->C,0.81818181818181823
RAW,PTR,C->R,0.1818181818181818
RAW,PTR,R->L,0
RAW,PTR,R->C,0.5
RAW,PTR,R->R,0.5
RAW,PTR,L->L,0
RAW,PTR,L->C,0
RAW,PTR,L->R,0
RAW,PTR,C->L,0
RAW,PTR,C->C,0.94117647058823517
RAW,PTR,C->R,0.058823529411764698
RAW,PTR,R->L,0
RAW,PTR,R->C,0
RAW,PTR,R->R,1
RAW,PTR,L->L,0.33333333333333331
RAW,PTR,L->C,0.33333333333333331
RAW,PTR,L->R,0.33333333333333331
RAW,PTR,C->L,0
RAW,PTR,C->C,0.8666666666666667
RAW,PTR,C->R,0.1333333333333333
RAW,PTR,R->L,0.10526315789473679
RAW,PTR,R->C,0.052631578947368397
RAW,PTR,R->R,0.84210526315789469
RAW,PTR,L->L,0
RAW,PTR,L->C,0
RAW,PTR,L->R,0
RAW,PTR,C->L,0
RAW,PTR,C->C,1
RAW,PTR,C->R,0
RAW,PTR,R->L,0
RAW,PTR,R->C,0
RAW,PTR,R->R,0
RAW,PTR,L->L,0
RAW,PTR,L->C,0
RAW,PTR,L->R,0
RAW,PTR,C->L,0
RAW,PTR,C->C,0.9285714285714286
RAW,PTR,C->R,0.071428571428571397
RAW,PTR,R->L,0
RAW,PTR,R->C,0.25
RAW,PTR,R->R,0.75
RAW,PTR,L->L,0
RAW,PTR,L->C,0
RAW,PTR,L->R,0
RAW,PTR,C->L,0
RAW,PTR,C->C,1
RAW,PTR,C->R,0
RAW,PTR,R->L,0
RAW,PTR,R->C,0
RAW,PTR,R->R,0
RAW,PTR,L->L,0
RAW,PTR,L->C,0
RAW,PTR,L->R,0
RAW,PTR,C->L,0
RAW,PTR,C->C,0.96052631578947356
RAW,PTR,C->R,0.0394736842105263
RAW,PTR,R->L,0
RAW,PTR,R->C,0.59999999999999998
RAW,PTR,R->R,0.40000000000000002
RAW,PTR,L->L,0.5
RAW,PTR,L->C,0.5
RAW,PTR,L->R,0
RAW,PTR,C->L,0.090909090909090898
RAW,PTR,C->C,0.63636363636363635
RAW,PTR,C->R,0.27272727272727271
RAW,PTR,R->L,0
RAW,PTR,R->C,0.66666666666666663
RAW,PTR,R->R,0.33333333333333331
RAW,PTR,L->L,0.55555555555555558
RAW,PTR,L->C,0.44444444444444442
RAW,PTR,L->R,0
RAW,PTR,C->L,0.66666666666666663
RAW,PTR,C->C,0.1666666666666666
RAW,PTR,C->R,0.1666666666666666
RAW,PTR,R->L,0
RAW,PTR,R->C,0
RAW,PTR,R->R,1
RAW,PTR,L->L,0
RAW,PTR,L->C,0
RAW,PTR,L->R,0
RAW,PTR,C->L,0
RAW,PTR,C->C,1
RAW,PTR,C->R,0
RAW,PTR,R->L,0
RAW,PTR,R->C,0
RAW,PTR,R->R,0
RAW,PTR,L->L,0
RAW,PTR,L->C,0
RAW,PTR,L->R,0
RAW,PTR,C->L,0
RAW,PTR,C->C,1
RAW,PTR,C->R,0
RAW,PTR,R->L,0
RAW,PTR,R->C,0
RAW,PTR,R->R,0
RAW,PTR,L->L,0
RAW,PTR,L->C,0
RAW,PTR,L->R,0
RAW,PTR,C->L,0
RAW,PTR,C->C,1
RAW,PTR,C->R,0
RAW,PTR,R->L,0
RAW,PTR,R->C,0
RAW,PTR,R->R,0
RAW,PTR,L->L,0
RAW,PTR,L->C,0
RAW,PTR,L->R,0
RAW,PTR,C->L,0
RAW,PTR,C->C,0.5
RAW,PTR,C->R,0.5
RAW,PTR,R->L,0
RAW,PTR,R->C,1
RAW,PTR,R->R,0
RAW,PTR,L->L,0.5
RAW,PTR,L->C,0.5
RAW,PTR,L->R,0
RAW,PTR,C->L,0.5
RAW,PTR,C->C,0.1666666666666666
RAW,PTR,C->R,0.33333333333333331
RAW,PTR,R->L,0
RAW,PTR,R->C,0.5
RAW,PTR,R->R,0.5
RAW,PTR,L->L,0
RAW,PTR,L->C,0
RAW,PTR,L->R,0
RAW,PTR,C->L,0
RAW,PTR,C->C,1
RAW,PTR,C->R,0
RAW,PTR,R->L,0
RAW,PTR,R->C,0
RAW,PTR,R->R,0
RAW,PTR,L->L,0
RAW,PTR,L->C,0
RAW,PTR,L->R,0
RAW,PTR,C->L,0
RAW,PTR,C->C,0.8571428571428571
RAW,PTR,C->R,0.14285714285714279
RAW,PTR,R->L,0
RAW,PTR,R->C,0
RAW,PTR,R->R,1
RAW,PTR,L->L,0
RAW,PTR,L->C,0
RAW,PTR,L->R,0
RAW,PTR,C->L,0
RAW,PTR,C->C,0.88888888888888884
RAW,PTR,C->R,0.1111111111111111
RAW,PTR,R->L,0
RAW,PTR,R->C,0.20000000000000001
RAW,PTR,R->R,0.80000000000000004
RAW,PTR,L->L,0
RAW,PTR,L->C,0
RAW,PTR,L->R,0
RAW,PTR,C->L,0
RAW,PTR,C->C,0.875
RAW,PTR,C->R,0.125
RAW,PTR,R->L,0
RAW,PTR,R->C,0
RAW,PTR,R->R,1
RAW,PTR,L->L,0.5
RAW,PTR,L->C,0.5
RAW,PTR,L->R,0
RAW,PTR,C->L,0.14285714285714279
RAW,PTR,C->C,0.7142857142857143
RAW,PTR,C->R,0.14285714285714279
RAW,PTR,R->L,0
RAW,PTR,R->C,0
RAW,PTR,R->R,0
RAW,PTR,L->L,0
RAW,PTR,L->C,1
RAW,PTR,L->R,0
RAW,PTR,C->L,0.071428571428571397
RAW,PTR,C->C,0.8571428571428571
RAW,PTR,C->R,0.071428571428571397
RAW,PTR,R->L,1
RAW,PTR,R->C,0
RAW,PTR,R->R,0
RAW,PTR,L->L,0
RAW,PTR,L->C,1
RAW,PTR,L->R,0
RAW,PTR,C->L,0
RAW,PTR,C->C,1
RAW,PTR,C->R,0
RAW,PTR,R->L,0
RAW,PTR,R->C,0
RAW,PTR,R->R,0
RAW,PTR,L->L,0
RAW,PTR,L->C,0
RAW,PTR,L->R,0
RAW,PTR,C->L,0
RAW,PTR,C->C,0.80000000000000004
RAW,PTR,C->R,0.20000000000000001
RAW,PTR,R->L,0
RAW,PTR,R->C,0
RAW,PTR,R->R,1
RAW,PTR,L->L,0.25
RAW,PTR,L->C,0.5
RAW,PTR,L->R,0.25
RAW,PTR,C->L,0.21428571428571419
RAW,PTR,C->C,0.5714285714285714
RAW,PTR,C->R,0.21428571428571419
RAW,PTR,R->L,0
RAW,PTR,R->C,0.21052631578947359
RAW,PTR,R->R,0.78947368421052633
RAW,PTR,L->L,0
RAW,PTR,L->C,0
RAW,PTR,L->R,0
RAW,PTR,C->L,0
RAW,PTR,C->C,1
RAW,PTR,C->R,0
RAW,PTR,R->L,0
RAW,PTR,R->C,0
RAW,PTR,R->R,0
RAW,PTR,L->L,0
RAW,PTR,L->C,0
RAW,PTR,L->R,0
RAW,PTR,C->L,0
RAW,PTR,C->C,1
RAW,PTR,C->R,0
RAW,PTR,R->L,0
RAW,PTR,R->C,0
RAW,PTR,R->R,0
RAW,PTR,L->L,0
RAW,PTR,L->C,0
RAW,PTR,L->R,0
RAW,PTR,C->L,0
RAW,PTR,C->C,0.9375
RAW,PTR,C->R,0.0625
RAW,PTR,R->L,0
RAW,PTR,R->C,0.5
RAW,PTR,R->R,0.5
RAW,PTR,L->L,0
RAW,PTR,L->C,0
RAW,PTR,L->R,0
RAW,PTR,C->L,0
RAW,PTR,C->C,1
RAW,PTR,C->R,0
RAW,PTR,R->L,0
RAW,PTR,R->C,0
RAW,PTR,R->R,0
RAW,PTR,L->L,0
RAW,PTR,L->C,0
RAW,PTR,L->R,0
RAW,PTR,C->L,0
RAW,PTR,C->C,0.92307692307692324
RAW,PTR,C->R,0.0769230769230769
RAW,PTR,R->L,0
RAW,PTR,R->C,0
RAW,PTR,R->R,1
RAW,PTR,L->L,0
RAW,PTR,L->C,0
RAW,PTR,L->R,0
RAW,PTR,C->L,0
RAW,PTR,C->C,0.75
RAW,PTR,C->R,0.25
RAW,PTR,R->L,0
RAW,PTR,R->C,0.095238095238095205
RAW,PTR,R->R,0.90476190476190477
RAW,PTR,L->L,0
RAW,PTR,L->C,0
RAW,PTR,L->R,0
RAW,PTR,C->L,0
RAW,PTR,C->C,0.8571428571428571
RAW,PTR,C->R,0.14285714285714279
RAW,PTR,R->L,0
RAW,PTR,R->C,0
RAW,PTR,R->R,0
RAW,PTR,L->L,0
RAW,PTR,L->C,0
RAW,PTR,L->R,0
RAW,PTR,C->L,0
RAW,PTR,C->C,0.8666666666666667
RAW,PTR,C->R,0.1333333333333333
RAW,PTR,R->L,0
RAW,PTR,R->C,0.5
RAW,PTR,R->R,0.5
RAW,PTR,L->L,0
RAW,PTR,L->C,0
RAW,PTR,L->R,0
RAW,PTR,C->L,0
RAW,PTR,C->C,0.9375
RAW,PTR,C->R,0.0625
RAW,PTR,R->L,0
RAW,PTR,R->C,0
RAW,PTR,R->R,1
RAW,PTR,L->L,0.59999999999999998
RAW,PTR,L->C,0.40000000000000002
RAW,PTR,L->R,0
RAW,PTR,C->L,0.066666666666666596
RAW,PTR,C->C,0.80000000000000004
RAW,PTR,C->R,0.1333333333333333
RAW,PTR,R->L,0.090909090909090898
RAW,PTR,R->C,0.090909090909090898
RAW,PTR,R->R,0.81818181818181823
RAW,PTR,L->L,0
RAW,PTR,L->C,0
RAW,PTR,L->R,0
RAW,PTR,C->L,0
RAW,PTR,C->C,0.83333333333333337
RAW,PTR,C->R,0.1666666666666666
RAW,PTR,R->L,0
RAW,PTR,R->C,0
RAW,PTR,R->R,0
RAW,PTR,L->L,0
RAW,PTR,L->C,0
RAW,PTR,L->R,0
RAW,PTR,C->L,0
RAW,PTR,C->C,0.93333333333333324
RAW,PTR,C->R,0.066666666666666596
RAW,PTR,R->L,0
RAW,PTR,R->C,0
RAW,PTR,R->R,0
RAW,PTR,L->L,0
RAW,PTR,L->C,0
RAW,PTR,L->R,0
RAW,PTR,C->L,0
RAW,PTR,C->C,0.88888888888888884
RAW,PTR,C->R,0.1111111111111111
RAW,PTR,R->L,0
RAW,PTR,R->C,0
RAW,PTR,R->R,1
RAW,PTR,L->L,0
RAW,PTR,L->C,0
RAW,PTR,L->R,0
RAW,PTR,C->L,0
RAW,PTR,C->C,0.9651162790697676
RAW,PTR,C->R,0.034883720930232502
RAW,PTR,R->L,0
RAW,PTR,R->C,0.1111111111111111
RAW,PTR,R->R,0.88888888888888884
RAW,PTR,L->L,0
RAW,PTR,L->C,0
RAW,PTR,L->R,0
RAW,PTR,C->L,0
RAW,PTR,C->C,0.8125
RAW,PTR,C->R,0.1875
RAW,PTR,R->L,0
RAW,PTR,R->C,0.5
RAW,PTR,R->R,0.5
RAW,PTR,L->L,0
RAW,PTR,L->C,0
RAW,PTR,L->R,0
RAW,PTR,C->L,0
RAW,PTR,C->C,0.9285714285714286
RAW,PTR,C->R,0.071428571428571397
RAW,PTR,R->L,0
RAW,PTR,R->C,0
RAW,PTR,R->R,1
RAW,PTR,L->L,0
RAW,PTR,L->C,0
RAW,PTR,L->R,0
RAW,PTR,C->L,0
RAW,PTR,C->C,1
RAW,PTR,C->R,0
RAW,PTR,R->L,0
RAW,PTR,R->C,0
RAW,PTR,R->R,0
RAW,PTR,L->L,0
RAW,PTR,L->C,0
RAW,PTR,L->R,0
RAW,PTR,C->L,0
RAW,PTR,C->C,1
RAW,PTR,C->R,0
RAW,PTR,R->L,0
RAW,PTR,R->C,0
RAW,PTR,R->R,0
RAW,PTR,L->L,0
RAW,PTR,L->C,0
RAW,PTR,L->R,0
RAW,PTR,C->L,0
RAW,PTR,C->C,1
RAW,PTR,C->R,0
RAW,PTR,R->L,0
RAW,PTR,R->C,0
RAW,PTR,R->R,0
RAW,PTR,L->L,0
RAW,PTR,L->C,0
RAW,PTR,L->R,0
RAW,PTR,C->L,0
RAW,PTR,C->C,0.90909090909090917
RAW,PTR,C->R,0.090909090909090898
RAW,PTR,R->L,0
RAW,PTR,R->C,1
RAW,PTR,R->R,0
RAW,PTR,L->L,0
RAW,PTR,L->C,0
RAW,PTR,L->R,0
RAW,PTR,C->L,0
RAW,PTR,C->C,0.94444444444444442
RAW,PTR,C->R,0.055555555555555497
RAW,PTR,R->L,0
RAW,PTR,R->C,0.5
RAW,PTR,R->R,0.5
RAW,PTR,L->L,0
RAW,PTR,L->C,1
RAW,PTR,L->R,0
RAW,PTR,C->L,0.083333333333333301
RAW,PTR,C->C,0.91666666666666663
RAW,PTR,C->R,0
RAW,PTR,R->L,0
RAW,PTR,R->C,0
RAW,PTR,R->R,0
RAW,PTR,L->L,0.5
RAW,PTR,L->C,0
RAW,PTR,L->R,0.5
RAW,PTR,C->L,0
RAW,PTR,C->C,0.8666666666666667
RAW,PTR,C->R,0.1333333333333333
RAW,PTR,R->L,0.25
RAW,PTR,R->C,0.25
RAW,PTR,R->R,0.5
RAW,PTR,L->L,0
RAW,PTR,L->C,1
RAW,PTR,L->R,0
RAW,PTR,C->L,0.125
RAW,PTR,C->C,0.5625
RAW,PTR,C->R,0.3125
RAW,PTR,R->L,0
RAW,PTR,R->C,0.83333333333333337
RAW,PTR,R->R,0.1666666666666666
RAW,PTR,L->L,0.625
RAW,PTR,L->C,0.25
RAW,PTR,L->R,0.125
RAW,PTR,C->L,0.0227272727272727
RAW,PTR,C->C,0.93181818181818177
RAW,PTR,C->R,0.0454545454545454
RAW,PTR,R->L,0.083333333333333301
RAW,PTR,R->C,0.33333333333333331
RAW,PTR,R->R,0.58333333333333337
RAW,PTR,L->L,0
RAW,PTR,L->C,0
RAW,PTR,L->R,0
RAW,PTR,C->L,0
RAW,PTR,C->C,0.7142857142857143
RAW,PTR,C->R,0.2857142857142857
RAW,PTR,R->L,0
RAW,PTR,R->C,0.25
RAW,PTR,R->R,0.75
RAW,PTR,L->L,0.59999999999999998
RAW,PTR,L->C,0.40000000000000002
RAW,PTR,L->R,0
RAW,PTR,C->L,0.20000000000000001
RAW,PTR,C->C,0.69999999999999996
RAW,PTR,C->R,0.10000000000000001
RAW,PTR,R->L,0
RAW,PTR,R->C,0.33333333333333331
RAW,PTR,R->R,0.66666666666666663
RAW,PTR,L->L,0
RAW,PTR,L->C,0
RAW,PTR,L->R,0
RAW,PTR,C->L,0
RAW,PTR,C->C,0.88888888888888884
RAW,PTR,C->R,0.1111111111111111
RAW,PTR,R->L,0
RAW,PTR,R->C,0
RAW,PTR,R->R,0
RAW,PTR,L->L,0
RAW,PTR,L->C,0
RAW,PTR,L->R,0
RAW,PTR,C->L,0
RAW,PTR,C->C,0.875
RAW,PTR,C->R,0.125
RAW,PTR,R->L,0
RAW,PTR,R->C,0
RAW,PTR,R->R,1
RAW,PTR,L->L,0.75
RAW,PTR,L->C,0.25
RAW,PTR,L->R,0
RAW,PTR,C->L,0
RAW,PTR,C->C,0.76470588235294112
RAW,PTR,C->R,0.23529411764705879
RAW,PTR,R->L,0.0769230769230769
RAW,PTR,R->C,0.1538461538461538
RAW,PTR,R->R,0.76923076923076927
RAW,PTR,L->L,0
RAW,PTR,L->C,0
RAW,PTR,L->R,0
RAW,PTR,C->L,0
RAW,PTR,C->C,0.90909090909090917
RAW,PTR,C->R,0.090909090909090898
RAW,PTR,R->L,0
RAW,PTR,R->C,0
RAW,PTR,R->R,0
RAW,PTR,L->L,0.52941176470588236
RAW,PTR,L->C,0.47058823529411759
RAW,PTR,L->R,0
RAW,PTR,C->L,0.070588235294117604
RAW,PTR,C->C,0.84705882352941175
RAW,PTR,C->R,0.082352941176470504
RAW,PTR,R->L,0.1176470588235294
RAW,PTR,R->C,0.29411764705882348
RAW,PTR,R->R,0.58823529411764708
RAW,PTR,L->L,0.5714285714285714
RAW,PTR,L->C,0.14285714285714279
RAW,PTR,L->R,0.2857142857142857
RAW,PTR,C->L,0.33333333333333331
RAW,PTR,C->C,0.33333333333333331
RAW,PTR,C->R,0.33333333333333331
RAW,PTR,R->L,0
RAW,PTR,R->C,0.44444444444444442
RAW,PTR,R->R,0.55555555555555558
RAW,PTR,L->L,0.375
RAW,PTR,L->C,0.375
RAW,PTR,L->R,0.25
RAW,PTR,C->L,0.3571428571428571
RAW,PTR,C->C,0.5714285714285714
RAW,PTR,C->R,0.071428571428571397
RAW,PTR,R->L,0
RAW,PTR,R->C,1
RAW,PTR,R->R,0
RAW,PTR,L->L,0
RAW,PTR,L->C,0
RAW,PTR,L->R,0
RAW,PTR,C->L,0
RAW,PTR,C->C,0.81818181818181823
RAW,PTR,C->R,0.1818181818181818
RAW,PTR,R->L,0
RAW,PTR,R->C,0.5
RAW,PTR,R->R,0.5
RAW,PTR,L->L,0.5
RAW,PTR,L->C,0.5
RAW,PTR,L->R,0
RAW,PTR,C->L,0.1538461538461538
RAW,PTR,C->C,0.84615384615384615
RAW,PTR,C->R,0
RAW,PTR,R->L,0
RAW,PTR,R->C,0
RAW,PTR,R->R,0
RAW,PTR,L->L,0
RAW,PTR,L->C,0
RAW,PTR,L->R,1
RAW,PTR,C->L,0
RAW,PTR,C->C,0.90909090909090917
RAW,PTR,C->R,0.090909090909090898
RAW,PTR,R->L,1
RAW,PTR,R->C,0
RAW,PTR,R->R,0
RAW,PTR,L->L,0.5
RAW,PTR,L->C,0.25
RAW,PTR,L->R,0.25
RAW,PTR,C->L,0.22222222222222221
RAW,PTR,C->C,0.77777777777777779
RAW,PTR,C->R,0
RAW,PTR,R->L,0
RAW,PTR,R->C,0
RAW,PTR,R->R,1
RAW,PTR,L->L,0
RAW,PTR,L->C,0
RAW,PTR,L->R,0
RAW,PTR,C->L,0
RAW,PTR,C->C,0.94736842105263164
RAW,PTR,C->R,0.052631578947368397
RAW,PTR,R->L,0
RAW,PTR,R->C,0
RAW,PTR,R->R,0
RAW,PTR,L->L,0.59999999999999998
RAW,PTR,L->C,0.40000000000000002
RAW,PTR,L->R,0
RAW,PTR,C->L,0.1538461538461538
RAW,PTR,C->C,0.84615384615384615
RAW,PTR,C->R,0
RAW,PTR,R->L,0
RAW,PTR,R->C,0
RAW,PTR,R->R,0
RAW,PTR,L->L,0.5
RAW,PTR,L->C,0.5
RAW,PTR,L->R,0
RAW,PTR,C->L,0.090909090909090898
RAW,PTR,C->C,0.81818181818181823
RAW,PTR,C->R,0.090909090909090898
RAW,PTR,R->L,1
RAW,PTR,R->C,0
RAW,PTR,R->R,0
RAW,PTR,L->L,0.40000000000000002
RAW,PTR,L->C,0.40000000000000002
RAW,PTR,L->R,0.20000000000000001
RAW,PTR,C->L,0.1538461538461538
RAW,PTR,C->C,0.61538461538461542
RAW,PTR,C->R,0.2307692307692307
RAW,PTR,R->L,0.083333333333333301
RAW,PTR,R->C,0.1666666666666666
RAW,PTR,R->R,0.75
RAW,PTR,L->L,0.46153846153846151
RAW,PTR,L->C,0.46153846153846151
RAW,PTR,L->R,0.0769230769230769
RAW,PTR,C->L,0.029126213592233
RAW,PTR,C->C,0.92233009708737879
RAW,PTR,C->R,0.0485436893203883
RAW,PTR,R->L,0.40000000000000002
RAW,PTR,R->C,0.10000000000000001
RAW,PTR,R->R,0.5
RAW,PTR,L->L,0
RAW,PTR,L->C,1
RAW,PTR,L->R,0
RAW,PTR,C->L,0.071428571428571397
RAW,PTR,C->C,0.8571428571428571
RAW,PTR,C->R,0.071428571428571397
RAW,PTR,R->L,0.1666666666666666
RAW,PTR,R->C,0.1666666666666666
RAW,PTR,R->R,0.66666666666666663
RAW,PTR,L->L,0
RAW,PTR,L->C,0
RAW,PTR,L->R,0
RAW,PTR,C->L,0
RAW,PTR,C->C,0.94444444444444442
RAW,PTR,C->R,0.055555555555555497
RAW,PTR,R->L,0
RAW,PTR,R->C,0.5
RAW,PTR,R->R,0.5
RAW,PTR,L->L,0
RAW,PTR,L->C,0
RAW,PTR,L->R,0
RAW,PTR,C->L,0
RAW,PTR,C->C,0.90909090909090917
RAW,PTR,C->R,0.090909090909090898
RAW,PTR,R->L,0
RAW,PTR,R->C,0
RAW,PTR,R->R,1
RAW,PTR,L->L,0
RAW,PTR,L->C,1
RAW,PTR,L->R,0
RAW,PTR,C->L,0.125
RAW,PTR,C->C,0.75
RAW,PTR,C->R,0.125
RAW,PTR,R->L,0
RAW,PTR,R->C,0
RAW,PTR,R->R,1
RAW,PTR,L->L,0.1666666666666666
RAW,PTR,L->C,0.83333333333333337
RAW,PTR,L->R,0
RAW,PTR,C->L,0.3571428571428571
RAW,PTR,C->C,0.5
RAW,PTR,C->R,0.14285714285714279
RAW,PTR,R->L,0
RAW,PTR,R->C,0.25
RAW,PTR,R->R,0.75
RAW,PTR,L->L,0.59999999999999998
RAW,PTR,L->C,0.29999999999999999
RAW,PTR,L->R,0.10000000000000001
RAW,PTR,C->L,0.016806722689075598
RAW,PTR,C->C,0.96638655462184875
RAW,PTR,C->R,0.016806722689075598
RAW,PTR,R->L,1
RAW,PTR,R->C,0
RAW,PTR,R->R,0
HUD,PTR,L->L,0
HUD,PTR,L->C,0
HUD,PTR,L->R,0
HUD,PTR,C->L,0
HUD,PTR,C->C,0.875
HUD,PTR,C->R,0.125
HUD,PTR,R->L,0
HUD,PTR,R->C,0
HUD,PTR,R->R,1
HUD,PTR,L->L,0.66666666666666663
HUD,PTR,L->C,0.1666666666666666
HUD,PTR,L->R,0.1666666666666666
HUD,PTR,C->L,0.25
HUD,PTR,C->C,0.66666666666666663
HUD,PTR,C->R,0.083333333333333301
HUD,PTR,R->L,0.33333333333333331
HUD,PTR,R->C,0.33333333333333331
HUD,PTR,R->R,0.33333333333333331
HUD,PTR,L->L,0
HUD,PTR,L->C,0
HUD,PTR,L->R,0
HUD,PTR,C->L,0
HUD,PTR,C->C,1
HUD,PTR,C->R,0
HUD,PTR,R->L,0
HUD,PTR,R->C,0
HUD,PTR,R->R,0
HUD,PTR,L->L,0.5
HUD,PTR,L->C,0.5
HUD,PTR,L->R,0
HUD,PTR,C->L,0.20000000000000001
HUD,PTR,C->C,0.59999999999999998
HUD,PTR,C->R,0.20000000000000001
HUD,PTR,R->L,0
HUD,PTR,R->C,0.22222222222222221
HUD,PTR,R->R,0.77777777777777779
HUD,PTR,L->L,0
HUD,PTR,L->C,0
HUD,PTR,L->R,0
HUD,PTR,C->L,0
HUD,PTR,C->C,0.80000000000000004
HUD,PTR,C->R,0.20000000000000001
HUD,PTR,R->L,0
HUD,PTR,R->C,0
HUD,PTR,R->R,0
HUD,PTR,L->L,0
HUD,PTR,L->C,0
HUD,PTR,L->R,0
HUD,PTR,C->L,0
HUD,PTR,C->C,0.88888888888888884
HUD,PTR,C->R,0.1111111111111111
HUD,PTR,R->L,0
HUD,PTR,R->C,0
HUD,PTR,R->R,1
HUD,PTR,L->L,0.65000000000000002
HUD,PTR,L->C,0.25
HUD,PTR,L->R,0.10000000000000001
HUD,PTR,C->L,0.074468085106382906
HUD,PTR,C->C,0.88297872340425532
HUD,PTR,C->R,0.042553191489361701
HUD,PTR,R->L,0.066666666666666596
HUD,PTR,R->C,0.40000000000000002
HUD,PTR,R->R,0.53333333333333333
HUD,PTR,L->L,0.55555555555555558
HUD,PTR,L->C,0.22222222222222221
HUD,PTR,L->R,0.22222222222222221
HUD,PTR,C->L,0.14285714285714279
HUD,PTR,C->C,0.14285714285714279
HUD,PTR,C->R,0.7142857142857143
HUD,PTR,R->L,0.14285714285714279
HUD,PTR,R->C,0.2857142857142857
HUD,PTR,R->R,0.5714285714285714
HUD,PTR,L->L,0.69999999999999996
HUD,PTR,L->C,0.20000000000000001
HUD,PTR,L->R,0.10000000000000001
HUD,PTR,C->L,0.14285714285714279
HUD,PTR,C->C,0.7857142857142857
HUD,PTR,C->R,0.071428571428571397
HUD,PTR,R->L,0.5
HUD,PTR,R->C,0
HUD,PTR,R->R,0.5
HUD,PTR,L->L,0
HUD,PTR,L->C,0
HUD,PTR,L->R,0
HUD,PTR,C->L,0
HUD,PTR,C->C,0.94736842105263164
HUD,PTR,C->R,0.052631578947368397
HUD,PTR,R->L,0
HUD,PTR,R->C,0
HUD,PTR,R->R,1
HUD,PTR,L->L,0.66666666666666663
HUD,PTR,L->C,0.33333333333333331
HUD,PTR,L->R,0
HUD,PTR,C->L,0.090909090909090898
HUD,PTR,C->C,0.72727272727272729
HUD,PTR,C->R,0.1818181818181818
HUD,PTR,R->L,0
HUD,PTR,R->C,1
HUD,PTR,R->R,0
HUD,PTR,L->L,0.59999999999999998
HUD,PTR,L->C,0.20000000000000001
HUD,PTR,L->R,0.20000000000000001
HUD,PTR,C->L,0.22222222222222221
HUD,PTR,C->C,0.66666666666666663
HUD,PTR,C->R,0.1111111111111111
HUD,PTR,R->L,0
HUD,PTR,R->C,1
HUD,PTR,R->R,0
HUD,PTR,L->L,1
HUD,PTR,L->C,0
HUD,PTR,L->R,0
HUD,PTR,C->L,0
HUD,PTR,C->C,0.83333333333333337
HUD,PTR,C->R,0.1666666666666666
HUD,PTR,R->L,1
HUD,PTR,R->C,0
HUD,PTR,R->R,0
HUD,PTR,L->L,0
HUD,PTR,L->C,0
HUD,PTR,L->R,0
HUD,PTR,C->L,0
HUD,PTR,C->C,0.93333333333333324
HUD,PTR,C->R,0.066666666666666596
HUD,PTR,R->L,0
HUD,PTR,R->C,0.5
HUD,PTR,R->R,0.5
HUD,PTR,L->L,0
HUD,PTR,L->C,0
HUD,PTR,L->R,0
HUD,PTR,C->L,0
HUD,PTR,C->C,0.83333333333333337
HUD,PTR,C->R,0.1666666666666666
HUD,PTR,R->L,0
HUD,PTR,R->C,0
HUD,PTR,R->R,1
HUD,PTR,L->L,0.77777777777777779
HUD,PTR,L->C,0.1111111111111111
HUD,PTR,L->R,0.1111111111111111
HUD,PTR,C->L,0.2857142857142857
HUD,PTR,C->C,0.7142857142857143
HUD,PTR,C->R,0
HUD,PTR,R->L,0
HUD,PTR,R->C,0
HUD,PTR,R->R,1
HUD,PTR,L->L,0.5
HUD,PTR,L->C,0
HUD,PTR,L->R,0.5
HUD,PTR,C->L,0.052631578947368397
HUD,PTR,C->C,0.84210526315789469
HUD,PTR,C->R,0.10526315789473679
HUD,PTR,R->L,0
HUD,PTR,R->C,0.25
HUD,PTR,R->R,0.75
HUD,PTR,L->L,0.88888888888888884
HUD,PTR,L->C,0.1111111111111111
HUD,PTR,L->R,0
HUD,PTR,C->L,0.0084033613445377991
HUD,PTR,C->C,0.96638655462184875
HUD,PTR,C->R,0.025210084033613401
HUD,PTR,R->L,0.25
HUD,PTR,R->C,0.5
HUD,PTR,R->R,0.25
HUD,PTR,L->L,0.5
HUD,PTR,L->C,0.5
HUD,PTR,L->R,0
HUD,PTR,C->L,0.0172413793103448
HUD,PTR,C->C,0.91379310344827602
HUD,PTR,C->R,0.068965517241379296
HUD,PTR,R->L,0
HUD,PTR,R->C,0.33333333333333331
HUD,PTR,R->R,0.66666666666666663
HUD,PTR,L->L,0
HUD,PTR,L->C,0
HUD,PTR,L->R,0
HUD,PTR,C->L,0
HUD,PTR,C->C,0.75
HUD,PTR,C->R,0.25
HUD,PTR,R->L,0
HUD,PTR,R->C,0.5
HUD,PTR,R->R,0.5
HUD,PTR,L->L,0
HUD,PTR,L->C,0
HUD,PTR,L->R,0
HUD,PTR,C->L,0
HUD,PTR,C->C,0.875
HUD,PTR,C->R,0.125
HUD,PTR,R->L,0
HUD,PTR,R->C,0
HUD,PTR,R->R,1
HUD,PTR,L->L,0
HUD,PTR,L->C,0
HUD,PTR,L->R,0
HUD,PTR,C->L,0
HUD,PTR,C->C,0.94117647058823517
HUD,PTR,C->R,0.058823529411764698
HUD,PTR,R->L,0
HUD,PTR,R->C,0
HUD,PTR,R->R,1
HUD,PTR,L->L,0
HUD,PTR,L->C,0
HUD,PTR,L->R,0
HUD,PTR,C->L,0
HUD,PTR,C->C,1
HUD,PTR,C->R,0
HUD,PTR,R->L,0
HUD,PTR,R->C,0
HUD,PTR,R->R,0
HUD,PTR,L->L,0
HUD,PTR,L->C,0
HUD,PTR,L->R,0
HUD,PTR,C->L,0
HUD,PTR,C->C,0.91666666666666663
HUD,PTR,C->R,0.083333333333333301
HUD,PTR,R->L,0
HUD,PTR,R->C,0
HUD,PTR,R->R,1
HUD,PTR,L->L,0
HUD,PTR,L->C,0
HUD,PTR,L->R,0
HUD,PTR,C->L,0
HUD,PTR,C->C,0.88888888888888884
HUD,PTR,C->R,0.1111111111111111
HUD,PTR,R->L,0
HUD,PTR,R->C,0
HUD,PTR,R->R,1
HUD,PTR,L->L,0
HUD,PTR,L->C,0
HUD,PTR,L->R,1
HUD,PTR,C->L,0.090909090909090898
HUD,PTR,C->C,0.72727272727272729
HUD,PTR,C->R,0.1818181818181818
HUD,PTR,R->L,0
HUD,PTR,R->C,0.33333333333333331
HUD,PTR,R->R,0.66666666666666663
HUD,PTR,L->L,0
HUD,PTR,L->C,0
HUD,PTR,L->R,0
HUD,PTR,C->L,0
HUD,PTR,C->C,1
HUD,PTR,C->R,0
HUD,PTR,R->L,0
HUD,PTR,R->C,0
HUD,PTR,R->R,0
HUD,PTR,L->L,0
HUD,PTR,L->C,0
HUD,PTR,L->R,0
HUD,PTR,C->L,0
HUD,PTR,C->C,0.875
HUD,PTR,C->R,0.125
HUD,PTR,R->L,0
HUD,PTR,R->C,0
HUD,PTR,R->R,1
HUD,PTR,L->L,0.33333333333333331
HUD,PTR,L->C,0.66666666666666663
HUD,PTR,L->R,0
HUD,PTR,C->L,0.1333333333333333
HUD,PTR,C->C,0.66666666666666663
HUD,PTR,C->R,0.20000000000000001
HUD,PTR,R->L,0.058823529411764698
HUD,PTR,R->C,0.1176470588235294
HUD,PTR,R->R,0.82352941176470584
HUD,PTR,L->L,0
HUD,PTR,L->C,0
HUD,PTR,L->R,0
HUD,PTR,C->L,0
HUD,PTR,C->C,0.81818181818181823
HUD,PTR,C->R,0.1818181818181818
HUD,PTR,R->L,0
HUD,PTR,R->C,0.25
HUD,PTR,R->R,0.75
HUD,PTR,L->L,0
HUD,PTR,L->C,0
HUD,PTR,L->R,0
HUD,PTR,C->L,0
HUD,PTR,C->C,1
HUD,PTR,C->R,0
HUD,PTR,R->L,0
HUD,PTR,R->C,0
HUD,PTR,R->R,0
HUD,PTR,L->L,0.33333333333333331
HUD,PTR,L->C,0.66666666666666663
HUD,PTR,L->R,0
HUD,PTR,C->L,0.1111111111111111
HUD,PTR,C->C,0.77777777777777779
HUD,PTR,C->R,0.1111111111111111
HUD,PTR,R->L,0
HUD,PTR,R->C,0.20000000000000001
HUD,PTR,R->R,0.80000000000000004
HUD,PTR,L->L,0
HUD,PTR,L->C,0
HUD,PTR,L->R,0
HUD,PTR,C->L,0
HUD,PTR,C->C,0.8571428571428571
HUD,PTR,C->R,0.14285714285714279
HUD,PTR,R->L,0
HUD,PTR,R->C,1
HUD,PTR,R->R,0
HUD,PTR,L->L,0
HUD,PTR,L->C,1
HUD,PTR,L->R,0
HUD,PTR,C->L,0
HUD,PTR,C->C,0.88888888888888884
HUD,PTR,C->R,0.1111111111111111
HUD,PTR,R->L,0
HUD,PTR,R->C,0
HUD,PTR,R->R,1
HUD,PTR,L->L,0.8666666666666667
HUD,PTR,L->C,0
HUD,PTR,L->R,0.1333333333333333
HUD,PTR,C->L,0.1111111111111111
HUD,PTR,C->C,0.66666666666666663
HUD,PTR,C->R,0.22222222222222221
HUD,PTR,R->L,0.10000000000000001
HUD,PTR,R->C,0.20000000000000001
HUD,PTR,R->R,0.69999999999999996
HUD,PTR,L->L,0
HUD,PTR,L->C,0
HUD,PTR,L->R,0
HUD,PTR,C->L,0
HUD,PTR,C->C,0.8571428571428571
HUD,PTR,C->R,0.14285714285714279
HUD,PTR,R->L,0
HUD,PTR,R->C,1
HUD,PTR,R->R,0
HUD,PTR,L->L,0
HUD,PTR,L->C,0
HUD,PTR,L->R,0
HUD,PTR,C->L,0
HUD,PTR,C->C,0.8571428571428571
HUD,PTR,C->R,0.14285714285714279
HUD,PTR,R->L,0
HUD,PTR,R->C,0
HUD,PTR,R->R,1
HUD,PTR,L->L,0
HUD,PTR,L->C,1
HUD,PTR,L->R,0
HUD,PTR,C->L,0
HUD,PTR,C->C,0.80000000000000004
HUD,PTR,C->R,0.20000000000000001
HUD,PTR,R->L,0
HUD,PTR,R->C,1
HUD,PTR,R->R,0
HUD,PTR,L->L,0
HUD,PTR,L->C,0
HUD,PTR,L->R,0
HUD,PTR,C->L,0
HUD,PTR,C->C,0.90909090909090917
HUD,PTR,C->R,0.090909090909090898
HUD,PTR,R->L,0
HUD,PTR,R->C,1
HUD,PTR,R->R,0
HUD,PTR,L->L,0
HUD,PTR,L->C,1
HUD,PTR,L->R,0
HUD,PTR,C->L,0.090909090909090898
HUD,PTR,C->C,0.63636363636363635
HUD,PTR,C->R,0.27272727272727271
HUD,PTR,R->L,0
HUD,PTR,R->C,0.25
HUD,PTR,R->R,0.75
HUD,PTR,L->L,0
HUD,PTR,L->C,0.5
HUD,PTR,L->R,0.5
HUD,PTR,C->L,0.125
HUD,PTR,C->C,0.625
HUD,PTR,C->R,0.25
HUD,PTR,R->L,0
HUD,PTR,R->C,0.1538461538461538
HUD,PTR,R->R,0.84615384615384615
HUD,PTR,L->L,0.66666666666666663
HUD,PTR,L->C,0.33333333333333331
HUD,PTR,L->R,0
HUD,PTR,C->L,0.013698630136986301
HUD,PTR,C->C,0.9178082191780822
HUD,PTR,C->R,0.068493150684931503
HUD,PTR,R->L,0
HUD,PTR,R->C,0.3571428571428571
HUD,PTR,R->R,0.6428571428571429
HUD,PTR,L->L,0
HUD,PTR,L->C,0
HUD,PTR,L->R,0
HUD,PTR,C->L,0
HUD,PTR,C->C,0.7142857142857143
HUD,PTR,C->R,0.2857142857142857
HUD,PTR,R->L,0
HUD,PTR,R->C,0.25
HUD,PTR,R->R,0.75
HUD,PTR,L->L,0
HUD,PTR,L->C,0
HUD,PTR,L->R,0
HUD,PTR,C->L,0
HUD,PTR,C->C,0.77777777777777779
HUD,PTR,C->R,0.22222222222222221
HUD,PTR,R->L,0
HUD,PTR,R->C,0.083333333333333301
HUD,PTR,R->R,0.91666666666666663
HUD,PTR,L->L,0.40000000000000002
HUD,PTR,L->C,0.20000000000000001
HUD,PTR,L->R,0.40000000000000002
HUD,PTR,C->L,0.1666666666666666
HUD,PTR,C->C,0.5
HUD,PTR,C->R,0.33333333333333331
HUD,PTR,R->L,0.052631578947368397
HUD,PTR,R->C,0.26315789473684209
HUD,PTR,R->R,0.68421052631578949
HUD,PTR,L->L,0
HUD,PTR,L->C,0
HUD,PTR,L->R,0
HUD,PTR,C->L,0
HUD,PTR,C->C,1
HUD,PTR,C->R,0
HUD,PTR,R->L,0
HUD,PTR,R->C,0
HUD,PTR,R->R,0
HUD,PTR,L->L,0.33333333333333331
HUD,PTR,L->C,0.66666666666666663
HUD,PTR,L->R,0
HUD,PTR,C->L,0.2307692307692307
HUD,PTR,C->C,0.69230769230769229
HUD,PTR,C->R,0.0769230769230769
HUD,PTR,R->L,1
HUD,PTR,R->C,0
HUD,PTR,R->R,0
HUD,PTR,L->L,0
HUD,PTR,L->C,0
HUD,PTR,L->R,0
HUD,PTR,C->L,0
HUD,PTR,C->C,0.66666666666666663
HUD,PTR,C->R,0.33333333333333331
HUD,PTR,R->L,0
HUD,PTR,R->C,0
HUD,PTR,R->R,1
HUD,PTR,L->L,0.5
HUD,PTR,L->C,0.5
HUD,PTR,L->R,0
HUD,PTR,C->L,0.0086206896551723998
HUD,PTR,C->C,0.94827586206896564
HUD,PTR,C->R,0.043103448275862002
HUD,PTR,R->L,0.071428571428571397
HUD,PTR,R->C,0.2857142857142857
HUD,PTR,R->R,0.6428571428571429
HUD,PTR,L->L,0
HUD,PTR,L->C,1
HUD,PTR,L->R,0
HUD,PTR,C->L,0.090909090909090898
HUD,PTR,C->C,0.63636363636363635
HUD,PTR,C->R,0.27272727272727271
HUD,PTR,R->L,0
HUD,PTR,R->C,0.25
HUD,PTR,R->R,0.75
HUD,PTR,L->L,0
HUD,PTR,L->C,0
HUD,PTR,L->R,0
HUD,PTR,C->L,0
HUD,PTR,C->C,0.875
HUD,PTR,C->R,0.125
HUD,PTR,R->L,0
HUD,PTR,R->C,0.33333333333333331
HUD,PTR,R->R,0.66666666666666663
HUD,PTR,L->L,0
HUD,PTR,L->C,0
HUD,PTR,L->R,0
HUD,PTR,C->L,0
HUD,PTR,C->C,0.90476190476190477
HUD,PTR,C->R,0.095238095238095205
HUD,PTR,R->L,0
HUD,PTR,R->C,1
HUD,PTR,R->R,0
HUD,PTR,L->L,0
HUD,PTR,L->C,0
HUD,PTR,L->R,0
HUD,PTR,C->L,0
HUD,PTR,C->C,1
HUD,PTR,C->R,0
HUD,PTR,R->L,0
HUD,PTR,R->C,0
HUD,PTR,R->R,0
HUD,PTR,L->L,0
HUD,PTR,L->C,0
HUD,PTR,L->R,0
HUD,PTR,C->L,0
HUD,PTR,C->C,0.9285714285714286
HUD,PTR,C->R,0.071428571428571397
HUD,PTR,R->L,0
HUD,PTR,R->C,0
HUD,PTR,R->R,0
HUD,PTR,L->L,0
HUD,PTR,L->C,0
HUD,PTR,L->R,0
HUD,PTR,C->L,0
HUD,PTR,C->C,0.90909090909090917
HUD,PTR,C->R,0.090909090909090898
HUD,PTR,R->L,0
HUD,PTR,R->C,0
HUD,PTR,R->R,1
HUD,PTR,L->L,0
HUD,PTR,L->C,0
HUD,PTR,L->R,0
HUD,PTR,C->L,0
HUD,PTR,C->C,0.72727272727272729
HUD,PTR,C->R,0.27272727272727271
HUD,PTR,R->L,0
HUD,PTR,R->C,0.22222222222222221
HUD,PTR,R->R,0.77777777777777779
HUD,PTR,L->L,0.75
HUD,PTR,L->C,0.083333333333333301
HUD,PTR,L->R,0.1666666666666666
HUD,PTR,C->L,0.1111111111111111
HUD,PTR,C->C,0.77777777777777779
HUD,PTR,C->R,0.1111111111111111
HUD,PTR,R->L,0.22222222222222221
HUD,PTR,R->C,0.1111111111111111
HUD,PTR,R->R,0.66666666666666663
HUD,PTR,L->L,0
HUD,PTR,L->C,0
HUD,PTR,L->R,0
HUD,PTR,C->L,0
HUD,PTR,C->C,0.80000000000000004
HUD,PTR,C->R,0.20000000000000001
HUD,PTR,R->L,0
HUD,PTR,R->C,0
HUD,PTR,R->R,0
HUD,PTR,L->L,0
HUD,PTR,L->C,0
HUD,PTR,L->R,0
HUD,PTR,C->L,0
HUD,PTR,C->C,0.76923076923076927
HUD,PTR,C->R,0.2307692307692307
HUD,PTR,R->L,0
HUD,PTR,R->C,0.59999999999999998
HUD,PTR,R->R,0.40000000000000002
HUD,PTR,L->L,0
HUD,PTR,L->C,0
HUD,PTR,L->R,0
HUD,PTR,C->L,0
HUD,PTR,C->C,0.875
HUD,PTR,C->R,0.125
HUD,PTR,R->L,0
HUD,PTR,R->C,0
HUD,PTR,R->R,1
HUD,PTR,L->L,0.33333333333333331
HUD,PTR,L->C,0.33333333333333331
HUD,PTR,L->R,0.33333333333333331
HUD,PTR,C->L,0.33333333333333331
HUD,PTR,C->C,0.5
HUD,PTR,C->R,0.1666666666666666
HUD,PTR,R->L,0
HUD,PTR,R->C,1
HUD,PTR,R->R,0
HUD,PTR,L->L,0
HUD,PTR,L->C,0
HUD,PTR,L->R,0
HUD,PTR,C->L,0
HUD,PTR,C->C,0.88235294117647056
HUD,PTR,C->R,0.1176470588235294
HUD,PTR,R->L,0
HUD,PTR,R->C,1
HUD,PTR,R->R,0
HUD,PTR,L->L,0.33333333333333331
HUD,PTR,L->C,0.66666666666666663
HUD,PTR,L->R,0
HUD,PTR,C->L,0.20000000000000001
HUD,PTR,C->C,0.80000000000000004
HUD,PTR,C->R,0
HUD,PTR,R->L,0
HUD,PTR,R->C,0
HUD,PTR,R->R,0
HUD,PTR,L->L,0.5
HUD,PTR,L->C,0.5
HUD,PTR,L->R,0
HUD,PTR,C->L,0.1666666666666666
HUD,PTR,C->C,0.75
HUD,PTR,C->R,0.083333333333333301
HUD,PTR,R->L,0
HUD,PTR,R->C,0
HUD,PTR,R->R,1
HUD,PTR,L->L,0.66666666666666663
HUD,PTR,L->C,0.33333333333333331
HUD,PTR,L->R,0
HUD,PTR,C->L,0.055555555555555497
HUD,PTR,C->C,0.83333333333333337
HUD,PTR,C->R,0.1111111111111111
HUD,PTR,R->L,0
HUD,PTR,R->C,0.5
HUD,PTR,R->R,0.5
HUD,PTR,L->L,0
HUD,PTR,L->C,0
HUD,PTR,L->R,0
HUD,PTR,C->L,0
HUD,PTR,C->C,0.96551724137931039
HUD,PTR,C->R,0.034482758620689599
HUD,PTR,R->L,0
HUD,PTR,R->C,0.5
HUD,PTR,R->R,0.5
HUD,PTR,L->L,0.40000000000000002
HUD,PTR,L->C,0.59999999999999998
HUD,PTR,L->R,0
HUD,PTR,C->L,0.25
HUD,PTR,C->C,0.5
HUD,PTR,C->R,0.25
HUD,PTR,R->L,0.5
HUD,PTR,R->C,0
HUD,PTR,R->R,0.5
HUD,PTR,L->L,0
HUD,PTR,L->C,0
HUD,PTR,L->R,0
HUD,PTR,C->L,0
HUD,PTR,C->C,1
HUD,PTR,C->R,0
HUD,PTR,R->L,0
HUD,PTR,R->C,0
HUD,PTR,R->R,0
HUD,PTR,L->L,0
HUD,PTR,L->C,0
HUD,PTR,L->R,0
HUD,PTR,C->L,0
HUD,PTR,C->C,1
HUD,PTR,C->R,0
HUD,PTR,R->L,0
HUD,PTR,R->C,0
HUD,PTR,R->R,0
HUD,PTR,L->L,0
HUD,PTR,L->C,1
HUD,PTR,L->R,0
HUD,PTR,C->L,0
HUD,PTR,C->C,0.88888888888888884
HUD,PTR,C->R,0.1111111111111111
HUD,PTR,R->L,0
HUD,PTR,R->C,1
HUD,PTR,R->R,0
HUD,PTR,L->L,0
HUD,PTR,L->C,1
HUD,PTR,L->R,0
HUD,PTR,C->L,0
HUD,PTR,C->C,0.59999999999999998
HUD,PTR,C->R,0.40000000000000002
HUD,PTR,R->L,0.20000000000000001
HUD,PTR,R->C,0
HUD,PTR,R->R,0.80000000000000004
HUD,PTR,L->L,0.5
HUD,PTR,L->C,0.40000000000000002
HUD,PTR,L->R,0.10000000000000001
HUD,PTR,C->L,0.1612903225806451
HUD,PTR,C->C,0.79032258064516125
HUD,PTR,C->R,0.048387096774193498
HUD,PTR,R->L,0.090909090909090898
HUD,PTR,R->C,0.36363636363636359
HUD,PTR,R->R,0.54545454545454541
HUD,PTR,L->L,0
HUD,PTR,L->C,0
HUD,PTR,L->R,0
HUD,PTR,C->L,0
HUD,PTR,C->C,0.80000000000000004
HUD,PTR,C->R,0.20000000000000001
HUD,PTR,R->L,0
HUD,PTR,R->C,0
HUD,PTR,R->R,1
HUD,PTR,L->L,0
HUD,PTR,L->C,0
HUD,PTR,L->R,0
HUD,PTR,C->L,0
HUD,PTR,C->C,1
HUD,PTR,C->R,0
HUD,PTR,R->L,0
HUD,PTR,R->C,0
HUD,PTR,R->R,0
HUD,PTR,L->L,0
HUD,PTR,L->C,0
HUD,PTR,L->R,0
HUD,PTR,C->L,0
HUD,PTR,C->C,1
HUD,PTR,C->R,0
HUD,PTR,R->L,0
HUD,PTR,R->C,0
HUD,PTR,R->R,0
HUD,PTR,L->L,0
HUD,PTR,L->C,1
HUD,PTR,L->R,0
HUD,PTR,C->L,0.071428571428571397
HUD,PTR,C->C,0.8571428571428571
HUD,PTR,C->R,0.071428571428571397
HUD,PTR,R->L,0
HUD,PTR,R->C,0
HUD,PTR,R->R,1
HUD,PTR,L->L,0
HUD,PTR,L->C,0
HUD,PTR,L->R,0
HUD,PTR,C->L,0
HUD,PTR,C->C,0.76923076923076927
HUD,PTR,C->R,0.2307692307692307
HUD,PTR,R->L,0
HUD,PTR,R->C,0.2857142857142857
HUD,PTR,R->R,0.7142857142857143
HUD,PTR,L->L,0
HUD,PTR,L->C,0
HUD,PTR,L->R,0
HUD,PTR,C->L,0
HUD,PTR,C->C,0.95774647887323938
HUD,PTR,C->R,0.0422535211267605
HUD,PTR,R->L,0
HUD,PTR,R->C,0.22222222222222221
HUD,PTR,R->R,0.77777777777777779
HUD,PTR,L->L,0.55555555555555558
HUD,PTR,L->C,0.33333333333333331
HUD,PTR,L->R,0.1111111111111111
HUD,PTR,C->L,0.035714285714285698
HUD,PTR,C->C,0.88095238095238093
HUD,PTR,C->R,0.083333333333333301
HUD,PTR,R->L,0.066666666666666596
HUD,PTR,R->C,0.40000000000000002
HUD,PTR,R->R,0.53333333333333333
HUD,PTR,L->L,0.66666666666666663
HUD,PTR,L->C,0.33333333333333331
HUD,PTR,L->R,0
HUD,PTR,C->L,0.1111111111111111
HUD,PTR,C->C,0.66666666666666663
HUD,PTR,C->R,0.22222222222222221
HUD,PTR,R->L,0
HUD,PTR,R->C,0.33333333333333331
HUD,PTR,R->R,0.66666666666666663
HUD,PTR,L->L,0
HUD,PTR,L->C,1
HUD,PTR,L->R,0
HUD,PTR,C->L,0.125
HUD,PTR,C->C,0.75
HUD,PTR,C->R,0.125
HUD,PTR,R->L,0
HUD,PTR,R->C,0
HUD,PTR,R->R,1
HUD,PTR,L->L,0
HUD,PTR,L->C,0
HUD,PTR,L->R,0
HUD,PTR,C->L,0
HUD,PTR,C->C,1
HUD,PTR,C->R,0
HUD,PTR,R->L,0
HUD,PTR,R->C,0
HUD,PTR,R->R,0
HUD,PTR,L->L,0.75
HUD,PTR,L->C,0.25
HUD,PTR,L->R,0
HUD,PTR,C->L,0.25
HUD,PTR,C->C,0.75
HUD,PTR,C->R,0
HUD,PTR,R->L,0
HUD,PTR,R->C,0
HUD,PTR,R->R,0
HUD,PTR,L->L,0
HUD,PTR,L->C,0
HUD,PTR,L->R,0
HUD,PTR,C->L,0
HUD,PTR,C->C,1
HUD,PTR,C->R,0
HUD,PTR,R->L,0
HUD,PTR,R->C,0
HUD,PTR,R->R,0
HUD,PTR,L->L,0
HUD,PTR,L->C,0
HUD,PTR,L->R,0
HUD,PTR,C->L,0
HUD,PTR,C->C,0.8571428571428571
HUD,PTR,C->R,0.14285714285714279
HUD,PTR,R->L,0
HUD,PTR,R->C,0
HUD,PTR,R->R,1
HUD,PTR,L->L,0
HUD,PTR,L->C,0
HUD,PTR,L->R,0
HUD,PTR,C->L,0
HUD,PTR,C->C,0.9285714285714286
HUD,PTR,C->R,0.071428571428571397
HUD,PTR,R->L,0
HUD,PTR,R->C,0
HUD,PTR,R->R,1
HUD,PTR,L->L,0
HUD,PTR,L->C,0
HUD,PTR,L->R,0
HUD,PTR,C->L,0
HUD,PTR,C->C,0.80000000000000004
HUD,PTR,C->R,0.20000000000000001
HUD,PTR,R->L,0
HUD,PTR,R->C,0.052631578947368397
HUD,PTR,R->R,0.94736842105263164
HUD,PTR,L->L,0
HUD,PTR,L->C,0
HUD,PTR,L->R,0
HUD,PTR,C->L,0
HUD,PTR,C->C,1
HUD,PTR,C->R,0
HUD,PTR,R->L,0
HUD,PTR,R->C,0
HUD,PTR,R->R,0
HUD,PTR,L->L,0
HUD,PTR,L->C,0
HUD,PTR,L->R,0
HUD,PTR,C->L,0
HUD,PTR,C->C,0.84615384615384615
HUD,PTR,C->R,0.1538461538461538
HUD,PTR,R->L,0
HUD,PTR,R->C,0.1666666666666666
HUD,PTR,R->R,0.83333333333333337
HUD,PTR,L->L,0
HUD,PTR,L->C,0
HUD,PTR,L->R,0
HUD,PTR,C->L,0
HUD,PTR,C->C,0.80000000000000004
HUD,PTR,C->R,0.20000000000000001
HUD,PTR,R->L,0
HUD,PTR,R->C,0
HUD,PTR,R->R,1
HUD,PTR,L->L,0
HUD,PTR,L->C,0
HUD,PTR,L->R,0
HUD,PTR,C->L,0
HUD,PTR,C->C,0.8571428571428571
HUD,PTR,C->R,0.14285714285714279
HUD,PTR,R->L,0
HUD,PTR,R->C,0
HUD,PTR,R->R,0
HUD,PTR,L->L,0
HUD,PTR,L->C,0
HUD,PTR,L->R,0
HUD,PTR,C->L,0
HUD,PTR,C->C,0.76923076923076927
HUD,PTR,C->R,0.2307692307692307
HUD,PTR,R->L,0
HUD,PTR,R->C,0.75
HUD,PTR,R->R,0.25
HUD,PTR,L->L,0
HUD,PTR,L->C,0
HUD,PTR,L->R,0
HUD,PTR,C->L,0
HUD,PTR,C->C,1
HUD,PTR,C->R,0
HUD,PTR,R->L,0
HUD,PTR,R->C,0
HUD,PTR,R->R,0
HUD,PTR,L->L,0
HUD,PTR,L->C,0
HUD,PTR,L->R,0
HUD,PTR,C->L,0
HUD,PTR,C->C,0.90909090909090917
HUD,PTR,C->R,0.090909090909090898
HUD,PTR,R->L,0
HUD,PTR,R->C,0
HUD,PTR,R->R,1
HUD,PTR,L->L,0.5
HUD,PTR,L->C,0.5
HUD,PTR,L->R,0
HUD,PTR,C->L,0.0769230769230769
HUD,PTR,C->C,0.69230769230769229
HUD,PTR,C->R,0.2307692307692307
HUD,PTR,R->L,0
HUD,PTR,R->C,0.42857142857142849
HUD,PTR,R->R,0.5714285714285714
HUD,PTR,L->L,0
HUD,PTR,L->C,0
HUD,PTR,L->R,0
HUD,PTR,C->L,0
HUD,PTR,C->C,1
HUD,PTR,C->R,0
HUD,PTR,R->L,0
HUD,PTR,R->C,0
HUD,PTR,R->R,0
HUD,PTR,L->L,0
HUD,PTR,L->C,0
HUD,PTR,L->R,0
HUD,PTR,C->L,0
HUD,PTR,C->C,0.8571428571428571
HUD,PTR,C->R,0.14285714285714279
HUD,PTR,R->L,0
HUD,PTR,R->C,0
HUD,PTR,R->R,1
HUD,PTR,L->L,0
HUD,PTR,L->C,0
HUD,PTR,L->R,0
HUD,PTR,C->L,0
HUD,PTR,C->C,0.88235294117647056
HUD,PTR,C->R,0.1176470588235294
HUD,PTR,R->L,0
HUD,PTR,R->C,0.5
HUD,PTR,R->R,0.5
HUD,PTR,L->L,0
HUD,PTR,L->C,0
HUD,PTR,L->R,0
HUD,PTR,C->L,0
HUD,PTR,C->C,1
HUD,PTR,C->R,0
HUD,PTR,R->L,0
HUD,PTR,R->C,0
HUD,PTR,R->R,0
HUD,PTR,L->L,0.75
HUD,PTR,L->C,0.25
HUD,PTR,L->R,0
HUD,PTR,C->L,0.125
HUD,PTR,C->C,0.75
HUD,PTR,C->R,0.125
HUD,PTR,R->L,0
HUD,PTR,R->C,0
HUD,PTR,R->R,1
HUD,PTR,L->L,0.5
HUD,PTR,L->C,0.5
HUD,PTR,L->R,0
HUD,PTR,C->L,0.083333333333333301
HUD,PTR,C->C,0.66666666666666663
HUD,PTR,C->R,0.25
HUD,PTR,R->L,0
HUD,PTR,R->C,0.375
HUD,PTR,R->R,0.625
HUD,PTR,L->L,0.53846153846153844
HUD,PTR,L->C,0.38461538461538458
HUD,PTR,L->R,0.0769230769230769
HUD,PTR,C->L,0.075949367088607597
HUD,PTR,C->C,0.86075949367088611
HUD,PTR,C->R,0.063291139240506306
HUD,PTR,R->L,0
HUD,PTR,R->C,0.7142857142857143
HUD,PTR,R->R,0.2857142857142857
HUD,PTR,L->L,0
HUD,PTR,L->C,0
HUD,PTR,L->R,0
HUD,PTR,C->L,0
HUD,PTR,C->C,1
HUD,PTR,C->R,0
HUD,PTR,R->L,0
HUD,PTR,R->C,0
HUD,PTR,R->R,0
HUD,PTR,L->L,0
HUD,PTR,L->C,0
HUD,PTR,L->R,0
HUD,PTR,C->L,0
HUD,PTR,C->C,0.81818181818181823
HUD,PTR,C->R,0.1818181818181818
HUD,PTR,R->L,0
HUD,PTR,R->C,0.5
HUD,PTR,R->R,0.5
HUD,PTR,L->L,0.40000000000000002
HUD,PTR,L->C,0.40000000000000002
HUD,PTR,L->R,0.20000000000000001
HUD,PTR,C->L,0.10000000000000001
HUD,PTR,C->C,0.69999999999999996
HUD,PTR,C->R,0.20000000000000001
HUD,PTR,R->L,0.090909090909090898
HUD,PTR,R->C,0.27272727272727271
HUD,PTR,R->R,0.63636363636363635
HUD,PTR,L->L,0
HUD,PTR,L->C,1
HUD,PTR,L->R,0
HUD,PTR,C->L,0.125
HUD,PTR,C->C,0.75
HUD,PTR,C->R,0.125
HUD,PTR,R->L,0
HUD,PTR,R->C,0
HUD,PTR,R->R,1
HUD,PTR,L->L,0.33333333333333331
HUD,PTR,L->C,0.66666666666666663
HUD,PTR,L->R,0
HUD,PTR,C->L,0.1666666666666666
HUD,PTR,C->C,0.58333333333333337
HUD,PTR,C->R,0.25
HUD,PTR,R->L,0
HUD,PTR,R->C,0.75
HUD,PTR,R->R,0.25
HUD,PTR,L->L,0
HUD,PTR,L->C,0
HUD,PTR,L->R,0
HUD,PTR,C->L,0
HUD,PTR,C->C,0.8571428571428571
HUD,PTR,C->R,0.14285714285714279
HUD,PTR,R->L,0
HUD,PTR,R->C,0
HUD,PTR,R->R,0
HUD,PTR,L->L,0
HUD,PTR,L->C,1
HUD,PTR,L->R,0
HUD,PTR,C->L,0.125
HUD,PTR,C->C,0.75
HUD,PTR,C->R,0.125
HUD,PTR,R->L,0
HUD,PTR,R->C,0
HUD,PTR,R->R,1
HUD,PTR,L->L,0.66666666666666663
HUD,PTR,L->C,0.1666666666666666
HUD,PTR,L->R,0.1666666666666666
HUD,PTR,C->L,0.33333333333333331
HUD,PTR,C->C,0.33333333333333331
HUD,PTR,C->R,0.33333333333333331
HUD,PTR,R->L,0
HUD,PTR,R->C,0.5
HUD,PTR,R->R,0.5
HUD,PTR,L->L,0
HUD,PTR,L->C,0
HUD,PTR,L->R,0
HUD,PTR,C->L,0
HUD,PTR,C->C,1
HUD,PTR,C->R,0
HUD,PTR,R->L,0
HUD,PTR,R->C,0
HUD,PTR,R->R,0
HUD,PTR,L->L,0
HUD,PTR,L->C,0
HUD,PTR,L->R,0
HUD,PTR,C->L,0
HUD,PTR,C->C,0.93333333333333324
HUD,PTR,C->R,0.066666666666666596
HUD,PTR,R->L,0
HUD,PTR,R->C,0
HUD,PTR,R->R,1
HUD,PTR,L->L,0
HUD,PTR,L->C,0
HUD,PTR,L->R,1
HUD,PTR,C->L,0.083333333333333301
HUD,PTR,C->C,0.83333333333333337
HUD,PTR,C->R,0.083333333333333301
HUD,PTR,R->L,0
HUD,PTR,R->C,0.33333333333333331
HUD,PTR,R->R,0.66666666666666663
HUD,PTR,L->L,0.5
HUD,PTR,L->C,0.5
HUD,PTR,L->R,0
HUD,PTR,C->L,0.10000000000000001
HUD,PTR,C->C,0.69999999999999996
HUD,PTR,C->R,0.20000000000000001
HUD,PTR,R->L,0
HUD,PTR,R->C,0.5
HUD,PTR,R->R,0.5
HUD,PTR,L->L,0
HUD,PTR,L->C,0
HUD,PTR,L->R,0
HUD,PTR,C->L,0
HUD,PTR,C->C,0.91666666666666663
HUD,PTR,C->R,0.083333333333333301
HUD,PTR,R->L,0
HUD,PTR,R->C,0
HUD,PTR,R->R,0
HUD,PTR,L->L,0
HUD,PTR,L->C,1
HUD,PTR,L->R,0
HUD,PTR,C->L,0
HUD,PTR,C->C,0.81818181818181823
HUD,PTR,C->R,0.1818181818181818
HUD,PTR,R->L,0.14285714285714279
HUD,PTR,R->C,0
HUD,PTR,R->R,0.8571428571428571
HUD,PTR,L->L,0
HUD,PTR,L->C,0
HUD,PTR,L->R,0
HUD,PTR,C->L,0
HUD,PTR,C->C,1
HUD,PTR,C->R,0
HUD,PTR,R->L,0
HUD,PTR,R->C,0
HUD,PTR,R->R,0
HUD,PTR,L->L,0
HUD,PTR,L->C,0
HUD,PTR,L->R,0
HUD,PTR,C->L,0
HUD,PTR,C->C,0.8571428571428571
HUD,PTR,C->R,0.14285714285714279
HUD,PTR,R->L,0
HUD,PTR,R->C,0
HUD,PTR,R->R,1
HUD,PTR,L->L,0
HUD,PTR,L->C,0
HUD,PTR,L->R,1
HUD,PTR,C->L,0
HUD,PTR,C->C,0.92307692307692324
HUD,PTR,C->R,0.0769230769230769
HUD,PTR,R->L,0.052631578947368397
HUD,PTR,R->C,0
HUD,PTR,R->R,0.94736842105263164
HUD,PTR,L->L,0
HUD,PTR,L->C,0
HUD,PTR,L->R,0
HUD,PTR,C->L,0
HUD,PTR,C->C,0.8571428571428571
HUD,PTR,C->R,0.14285714285714279
HUD,PTR,R->L,0
HUD,PTR,R->C,1
HUD,PTR,R->R,0
RAW,TR,L->L,0
RAW,TR,L->C,0
RAW,TR,L->R,0
RAW,TR,C->L,0
RAW,TR,C->C,1
RAW,TR,C->R,0
RAW,TR,R->L,0
RAW,TR,R->C,0.066666666666666596
RAW,TR,R->R,0.93333333333333324
RAW,TR,L->L,0
RAW,TR,L->C,0
RAW,TR,L->R,0
RAW,TR,C->L,0
RAW,TR,C->C,1
RAW,TR,C->R,0
RAW,TR,R->L,0
RAW,TR,R->C,0.125
RAW,TR,R->R,0.875
RAW,TR,L->L,0
RAW,TR,L->C,0
RAW,TR,L->R,0
RAW,TR,C->L,0
RAW,TR,C->C,0.8571428571428571
RAW,TR,C->R,0.14285714285714279
RAW,TR,R->L,0
RAW,TR,R->C,0.1666666666666666
RAW,TR,R->R,0.83333333333333337
RAW,TR,L->L,0
RAW,TR,L->C,0
RAW,TR,L->R,1
RAW,TR,C->L,1
RAW,TR,C->C,0
RAW,TR,C->R,0
RAW,TR,R->L,0
RAW,TR,R->C,0.14285714285714279
RAW,TR,R->R,0.8571428571428571
RAW,TR,L->L,0
RAW,TR,L->C,0
RAW,TR,L->R,0
RAW,TR,C->L,0
RAW,TR,C->C,0.5
RAW,TR,C->R,0.5
RAW,TR,R->L,0
RAW,TR,R->C,0.0769230769230769
RAW,TR,R->R,0.92307692307692324
RAW,TR,L->L,0
RAW,TR,L->C,0
RAW,TR,L->R,1
RAW,TR,C->L,0
RAW,TR,C->C,1
RAW,TR,C->R,0
RAW,TR,R->L,0.1666666666666666
RAW,TR,R->C,0.1666666666666666
RAW,TR,R->R,0.66666666666666663
RAW,TR,L->L,0
RAW,TR,L->C,0
RAW,TR,L->R,0
RAW,TR,C->L,0
RAW,TR,C->C,1
RAW,TR,C->R,0
RAW,TR,R->L,0
RAW,TR,R->C,0.1666666666666666
RAW,TR,R->R,0.83333333333333337
RAW,TR,L->L,0
RAW,TR,L->C,0
RAW,TR,L->R,0
RAW,TR,C->L,0
RAW,TR,C->C,1
RAW,TR,C->R,0
RAW,TR,R->L,0
RAW,TR,R->C,0.20000000000000001
RAW,TR,R->R,0.80000000000000004
RAW,TR,L->L,0
RAW,TR,L->C,0
RAW,TR,L->R,0
RAW,TR,C->L,0
RAW,TR,C->C,0.81818181818181823
RAW,TR,C->R,0.1818181818181818
RAW,TR,R->L,0
RAW,TR,R->C,1
RAW,TR,R->R,0
RAW,TR,L->L,0
RAW,TR,L->C,0
RAW,TR,L->R,0
RAW,TR,C->L,0
RAW,TR,C->C,0.875
RAW,TR,C->R,0.125
RAW,TR,R->L,0
RAW,TR,R->C,0.33333333333333331
RAW,TR,R->R,0.66666666666666663
RAW,TR,L->L,0
RAW,TR,L->C,0
RAW,TR,L->R,0
RAW,TR,C->L,0
RAW,TR,C->C,0.59999999999999998
RAW,TR,C->R,0.40000000000000002
RAW,TR,R->L,0
RAW,TR,R->C,0.29999999999999999
RAW,TR,R->R,0.69999999999999996
RAW,TR,L->L,0
RAW,TR,L->C,0
RAW,TR,L->R,0
RAW,TR,C->L,0.25
RAW,TR,C->C,0.75
RAW,TR,C->R,0
RAW,TR,R->L,0
RAW,TR,R->C,0.090909090909090898
RAW,TR,R->R,0.90909090909090917
RAW,TR,L->L,0
RAW,TR,L->C,0
RAW,TR,L->R,0
RAW,TR,C->L,0
RAW,TR,C->C,1
RAW,TR,C->R,0
RAW,TR,R->L,0
RAW,TR,R->C,0.125
RAW,TR,R->R,0.875
RAW,TR,L->L,0
RAW,TR,L->C,0
RAW,TR,L->R,0
RAW,TR,C->L,0
RAW,TR,C->C,1
RAW,TR,C->R,0
RAW,TR,R->L,0
RAW,TR,R->C,0.0769230769230769
RAW,TR,R->R,0.92307692307692324
RAW,TR,L->L,0.5
RAW,TR,L->C,0
RAW,TR,L->R,0.5
RAW,TR,C->L,0
RAW,TR,C->C,1
RAW,TR,C->R,0
RAW,TR,R->L,0.1111111111111111
RAW,TR,R->C,0.1111111111111111
RAW,TR,R->R,0.77777777777777779
RAW,TR,L->L,0
RAW,TR,L->C,1
RAW,TR,L->R,0
RAW,TR,C->L,0.1666666666666666
RAW,TR,C->C,0.83333333333333337
RAW,TR,C->R,0
RAW,TR,R->L,0
RAW,TR,R->C,0.20000000000000001
RAW,TR,R->R,0.80000000000000004
RAW,TR,L->L,0
RAW,TR,L->C,0
RAW,TR,L->R,0
RAW,TR,C->L,0
RAW,TR,C->C,1
RAW,TR,C->R,0
RAW,TR,R->L,0
RAW,TR,R->C,0
RAW,TR,R->R,0
RAW,TR,L->L,0
RAW,TR,L->C,0
RAW,TR,L->R,1
RAW,TR,C->L,0
RAW,TR,C->C,1
RAW,TR,C->R,0
RAW,TR,R->L,0
RAW,TR,R->C,0.33333333333333331
RAW,TR,R->R,0.66666666666666663
RAW,TR,L->L,0
RAW,TR,L->C,0
RAW,TR,L->R,0
RAW,TR,C->L,0
RAW,TR,C->C,0.875
RAW,TR,C->R,0.125
RAW,TR,R->L,0
RAW,TR,R->C,0.33333333333333331
RAW,TR,R->R,0.66666666666666663
RAW,TR,L->L,0
RAW,TR,L->C,0
RAW,TR,L->R,0
RAW,TR,C->L,0
RAW,TR,C->C,1
RAW,TR,C->R,0
RAW,TR,R->L,0
RAW,TR,R->C,0.125
RAW,TR,R->R,0.875
RAW,TR,L->L,0
RAW,TR,L->C,0
RAW,TR,L->R,0
RAW,TR,C->L,0
RAW,TR,C->C,1
RAW,TR,C->R,0
RAW,TR,R->L,0
RAW,TR,R->C,1
RAW,TR,R->R,0
RAW,TR,L->L,0
RAW,TR,L->C,0
RAW,TR,L->R,0
RAW,TR,C->L,0
RAW,TR,C->C,0.83333333333333337
RAW,TR,C->R,0.1666666666666666
RAW,TR,R->L,0
RAW,TR,R->C,0.090909090909090898
RAW,TR,R->R,0.90909090909090917
RAW,TR,L->L,0
RAW,TR,L->C,0
RAW,TR,L->R,0
RAW,TR,C->L,0
RAW,TR,C->C,0.5
RAW,TR,C->R,0.5
RAW,TR,R->L,0
RAW,TR,R->C,0.22222222222222221
RAW,TR,R->R,0.77777777777777779
RAW,TR,L->L,0
RAW,TR,L->C,0
RAW,TR,L->R,0
RAW,TR,C->L,0
RAW,TR,C->C,0.7142857142857143
RAW,TR,C->R,0.2857142857142857
RAW,TR,R->L,0
RAW,TR,R->C,0.40000000000000002
RAW,TR,R->R,0.59999999999999998
RAW,TR,L->L,0
RAW,TR,L->C,0
RAW,TR,L->R,0
RAW,TR,C->L,0
RAW,TR,C->C,1
RAW,TR,C->R,0
RAW,TR,R->L,0
RAW,TR,R->C,0.1666666666666666
RAW,TR,R->R,0.83333333333333337
RAW,TR,L->L,0
RAW,TR,L->C,0
RAW,TR,L->R,1
RAW,TR,C->L,0
RAW,TR,C->C,0
RAW,TR,C->R,1
RAW,TR,R->L,0.083333333333333301
RAW,TR,R->C,0.083333333333333301
RAW,TR,R->R,0.83333333333333337
RAW,TR,L->L,0
RAW,TR,L->C,0
RAW,TR,L->R,0
RAW,TR,C->L,0
RAW,TR,C->C,0
RAW,TR,C->R,1
RAW,TR,R->L,0
RAW,TR,R->C,0.2307692307692307
RAW,TR,R->R,0.76923076923076927
RAW,TR,L->L,0
RAW,TR,L->C,0
RAW,TR,L->R,0
RAW,TR,C->L,0
RAW,TR,C->C,0.8571428571428571
RAW,TR,C->R,0.14285714285714279
RAW,TR,R->L,0
RAW,TR,R->C,0.1666666666666666
RAW,TR,R->R,0.83333333333333337
RAW,TR,L->L,0
RAW,TR,L->C,1
RAW,TR,L->R,0
RAW,TR,C->L,0
RAW,TR,C->C,0.33333333333333331
RAW,TR,C->R,0.66666666666666663
RAW,TR,R->L,0.14285714285714279
RAW,TR,R->C,0.42857142857142849
RAW,TR,R->R,0.42857142857142849
RAW,TR,L->L,0
RAW,TR,L->C,0
RAW,TR,L->R,0
RAW,TR,C->L,0
RAW,TR,C->C,0
RAW,TR,C->R,1
RAW,TR,R->L,0
RAW,TR,R->C,0
RAW,TR,R->R,1
RAW,TR,L->L,0
RAW,TR,L->C,0
RAW,TR,L->R,0
RAW,TR,C->L,0
RAW,TR,C->C,1
RAW,TR,C->R,0
RAW,TR,R->L,0
RAW,TR,R->C,0
RAW,TR,R->R,0
RAW,TR,L->L,0
RAW,TR,L->C,0
RAW,TR,L->R,0
RAW,TR,C->L,0
RAW,TR,C->C,0.5
RAW,TR,C->R,0.5
RAW,TR,R->L,0
RAW,TR,R->C,0
RAW,TR,R->R,0
RAW,TR,L->L,0
RAW,TR,L->C,0
RAW,TR,L->R,0
RAW,TR,C->L,0
RAW,TR,C->C,0
RAW,TR,C->R,0
RAW,TR,R->L,0
RAW,TR,R->C,0.083333333333333301
RAW,TR,R->R,0.91666666666666663
RAW,TR,L->L,0
RAW,TR,L->C,1
RAW,TR,L->R,0
RAW,TR,C->L,0
RAW,TR,C->C,0.66666666666666663
RAW,TR,C->R,0.33333333333333331
RAW,TR,R->L,0
RAW,TR,R->C,0.2857142857142857
RAW,TR,R->R,0.7142857142857143
RAW,TR,L->L,0
RAW,TR,L->C,0
RAW,TR,L->R,0
RAW,TR,C->L,0.090909090909090898
RAW,TR,C->C,0.81818181818181823
RAW,TR,C->R,0.090909090909090898
RAW,TR,R->L,0
RAW,TR,R->C,0.125
RAW,TR,R->R,0.875
RAW,TR,L->L,0
RAW,TR,L->C,0
RAW,TR,L->R,0
RAW,TR,C->L,0
RAW,TR,C->C,0.33333333333333331
RAW,TR,C->R,0.66666666666666663
RAW,TR,R->L,0
RAW,TR,R->C,0.10526315789473679
RAW,TR,R->R,0.89473684210526316
RAW,TR,L->L,0
RAW,TR,L->C,0
RAW,TR,L->R,0
RAW,TR,C->L,0
RAW,TR,C->C,1
RAW,TR,C->R,0
RAW,TR,R->L,0
RAW,TR,R->C,0.125
RAW,TR,R->R,0.875
RAW,TR,L->L,0
RAW,TR,L->C,0
RAW,TR,L->R,0
RAW,TR,C->L,0
RAW,TR,C->C,0.5
RAW,TR,C->R,0.5
RAW,TR,R->L,0
RAW,TR,R->C,0.1818181818181818
RAW,TR,R->R,0.81818181818181823
RAW,TR,L->L,0
RAW,TR,L->C,0
RAW,TR,L->R,0
RAW,TR,C->L,0
RAW,TR,C->C,1
RAW,TR,C->R,0
RAW,TR,R->L,0
RAW,TR,R->C,0.10000000000000001
RAW,TR,R->R,0.90000000000000002
RAW,TR,L->L,0
RAW,TR,L->C,0
RAW,TR,L->R,0
RAW,TR,C->L,0
RAW,TR,C->C,1
RAW,TR,C->R,0
RAW,TR,R->L,0
RAW,TR,R->C,0.14285714285714279
RAW,TR,R->R,0.8571428571428571
RAW,TR,L->L,0
RAW,TR,L->C,0
RAW,TR,L->R,0
RAW,TR,C->L,0
RAW,TR,C->C,1
RAW,TR,C->R,0
RAW,TR,R->L,0
RAW,TR,R->C,0.25
RAW,TR,R->R,0.75
RAW,TR,L->L,0
RAW,TR,L->C,0
RAW,TR,L->R,0
RAW,TR,C->L,0
RAW,TR,C->C,1
RAW,TR,C->R,0
RAW,TR,R->L,0
RAW,TR,R->C,0.20000000000000001
RAW,TR,R->R,0.80000000000000004
RAW,TR,L->L,0
RAW,TR,L->C,0
RAW,TR,L->R,0
RAW,TR,C->L,0
RAW,TR,C->C,0.75
RAW,TR,C->R,0.25
RAW,TR,R->L,0
RAW,TR,R->C,0.1818181818181818
RAW,TR,R->R,0.81818181818181823
RAW,TR,L->L,0
RAW,TR,L->C,0
RAW,TR,L->R,0
RAW,TR,C->L,0
RAW,TR,C->C,1
RAW,TR,C->R,0
RAW,TR,R->L,0
RAW,TR,R->C,0.0769230769230769
RAW,TR,R->R,0.92307692307692324
RAW,TR,L->L,0
RAW,TR,L->C,0
RAW,TR,L->R,0
RAW,TR,C->L,0
RAW,TR,C->C,0.5
RAW,TR,C->R,0.5
RAW,TR,R->L,0
RAW,TR,R->C,0
RAW,TR,R->R,1
RAW,TR,L->L,0
RAW,TR,L->C,0
RAW,TR,L->R,0
RAW,TR,C->L,0
RAW,TR,C->C,0.8571428571428571
RAW,TR,C->R,0.14285714285714279
RAW,TR,R->L,0
RAW,TR,R->C,0.1666666666666666
RAW,TR,R->R,0.83333333333333337
RAW,TR,L->L,0
RAW,TR,L->C,0
RAW,TR,L->R,0
RAW,TR,C->L,0
RAW,TR,C->C,0.80000000000000004
RAW,TR,C->R,0.20000000000000001
RAW,TR,R->L,0
RAW,TR,R->C,0.1666666666666666
RAW,TR,R->R,0.83333333333333337
RAW,TR,L->L,0
RAW,TR,L->C,0
RAW,TR,L->R,0
RAW,TR,C->L,0
RAW,TR,C->C,1
RAW,TR,C->R,0
RAW,TR,R->L,0
RAW,TR,R->C,0.043478260869565202
RAW,TR,R->R,0.95652173913043481
RAW,TR,L->L,0
RAW,TR,L->C,0
RAW,TR,L->R,0
RAW,TR,C->L,0
RAW,TR,C->C,1
RAW,TR,C->R,0
RAW,TR,R->L,0
RAW,TR,R->C,0.1666666666666666
RAW,TR,R->R,0.83333333333333337
RAW,TR,L->L,0
RAW,TR,L->C,0
RAW,TR,L->R,0
RAW,TR,C->L,0
RAW,TR,C->C,1
RAW,TR,C->R,0
RAW,TR,R->L,0
RAW,TR,R->C,0.20000000000000001
RAW,TR,R->R,0.80000000000000004
RAW,TR,L->L,0
RAW,TR,L->C,0
RAW,TR,L->R,0
RAW,TR,C->L,0
RAW,TR,C->C,1
RAW,TR,C->R,0
RAW,TR,R->L,0
RAW,TR,R->C,0.5
RAW,TR,R->R,0.5
RAW,TR,L->L,0
RAW,TR,L->C,0
RAW,TR,L->R,0
RAW,TR,C->L,0
RAW,TR,C->C,0.77777777777777779
RAW,TR,C->R,0.22222222222222221
RAW,TR,R->L,0
RAW,TR,R->C,0.66666666666666663
RAW,TR,R->R,0.33333333333333331
RAW,TR,L->L,0
RAW,TR,L->C,0
RAW,TR,L->R,0
RAW,TR,C->L,0
RAW,TR,C->C,0.83333333333333337
RAW,TR,C->R,0.1666666666666666
RAW,TR,R->L,0
RAW,TR,R->C,0.20000000000000001
RAW,TR,R->R,0.80000000000000004
RAW,TR,L->L,0
RAW,TR,L->C,0
RAW,TR,L->R,0
RAW,TR,C->L,0
RAW,TR,C->C,0.80000000000000004
RAW,TR,C->R,0.20000000000000001
RAW,TR,R->L,0
RAW,TR,R->C,0.25
RAW,TR,R->R,0.75
RAW,TR,L->L,0
RAW,TR,L->C,0
RAW,TR,L->R,0
RAW,TR,C->L,0
RAW,TR,C->C,0.94117647058823517
RAW,TR,C->R,0.058823529411764698
RAW,TR,R->L,0
RAW,TR,R->C,0.5
RAW,TR,R->R,0.5
RAW,TR,L->L,0
RAW,TR,L->C,0
RAW,TR,L->R,0
RAW,TR,C->L,0
RAW,TR,C->C,0.8571428571428571
RAW,TR,C->R,0.14285714285714279
RAW,TR,R->L,0
RAW,TR,R->C,0.090909090909090898
RAW,TR,R->R,0.90909090909090917
RAW,TR,L->L,0
RAW,TR,L->C,0
RAW,TR,L->R,0
RAW,TR,C->L,0
RAW,TR,C->C,1
RAW,TR,C->R,0
RAW,TR,R->L,0
RAW,TR,R->C,0.071428571428571397
RAW,TR,R->R,0.9285714285714286
RAW,TR,L->L,0
RAW,TR,L->C,0
RAW,TR,L->R,0
RAW,TR,C->L,0
RAW,TR,C->C,0.5
RAW,TR,C->R,0.5
RAW,TR,R->L,0
RAW,TR,R->C,0.14285714285714279
RAW,TR,R->R,0.8571428571428571
RAW,TR,L->L,0
RAW,TR,L->C,0
RAW,TR,L->R,0
RAW,TR,C->L,0
RAW,TR,C->C,0.8571428571428571
RAW,TR,C->R,0.14285714285714279
RAW,TR,R->L,0
RAW,TR,R->C,0.20000000000000001
RAW,TR,R->R,0.80000000000000004
RAW,TR,L->L,0
RAW,TR,L->C,0
RAW,TR,L->R,1
RAW,TR,C->L,0.1111111111111111
RAW,TR,C->C,0.88888888888888884
RAW,TR,C->R,0
RAW,TR,R->L,0
RAW,TR,R->C,0.5
RAW,TR,R->R,0.5
RAW,TR,L->L,0
RAW,TR,L->C,0
RAW,TR,L->R,0
RAW,TR,C->L,0
RAW,TR,C->C,0.66666666666666663
RAW,TR,C->R,0.33333333333333331
RAW,TR,R->L,0
RAW,TR,R->C,0.375
RAW,TR,R->R,0.625
RAW,TR,L->L,0
RAW,TR,L->C,0
RAW,TR,L->R,0
RAW,TR,C->L,0
RAW,TR,C->C,1
RAW,TR,C->R,0
RAW,TR,R->L,0
RAW,TR,R->C,0.083333333333333301
RAW,TR,R->R,0.91666666666666663
RAW,TR,L->L,0
RAW,TR,L->C,0
RAW,TR,L->R,0
RAW,TR,C->L,0
RAW,TR,C->C,1
RAW,TR,C->R,0
RAW,TR,R->L,0
RAW,TR,R->C,0.1111111111111111
RAW,TR,R->R,0.88888888888888884
RAW,TR,L->L,0
RAW,TR,L->C,0
RAW,TR,L->R,0
RAW,TR,C->L,0
RAW,TR,C->C,1
RAW,TR,C->R,0
RAW,TR,R->L,0
RAW,TR,R->C,0.5
RAW,TR,R->R,0.5
RAW,TR,L->L,0
RAW,TR,L->C,0
RAW,TR,L->R,0
RAW,TR,C->L,0
RAW,TR,C->C,0
RAW,TR,C->R,0
RAW,TR,R->L,0
RAW,TR,R->C,0.33333333333333331
RAW,TR,R->R,0.66666666666666663
RAW,TR,L->L,0
RAW,TR,L->C,0
RAW,TR,L->R,0
RAW,TR,C->L,0
RAW,TR,C->C,1
RAW,TR,C->R,0
RAW,TR,R->L,0
RAW,TR,R->C,0.25
RAW,TR,R->R,0.75
RAW,TR,L->L,0
RAW,TR,L->C,0
RAW,TR,L->R,0
RAW,TR,C->L,0
RAW,TR,C->C,0.83333333333333337
RAW,TR,C->R,0.1666666666666666
RAW,TR,R->L,0
RAW,TR,R->C,0.5
RAW,TR,R->R,0.5
RAW,TR,L->L,0
RAW,TR,L->C,0
RAW,TR,L->R,0
RAW,TR,C->L,0
RAW,TR,C->C,0.80000000000000004
RAW,TR,C->R,0.20000000000000001
RAW,TR,R->L,0
RAW,TR,R->C,0.33333333333333331
RAW,TR,R->R,0.66666666666666663
RAW,TR,L->L,0
RAW,TR,L->C,0
RAW,TR,L->R,0
RAW,TR,C->L,0
RAW,TR,C->C,1
RAW,TR,C->R,0
RAW,TR,R->L,0
RAW,TR,R->C,0
RAW,TR,R->R,0
RAW,TR,L->L,0
RAW,TR,L->C,0
RAW,TR,L->R,0
RAW,TR,C->L,0
RAW,TR,C->C,1
RAW,TR,C->R,0
RAW,TR,R->L,0
RAW,TR,R->C,0
RAW,TR,R->R,0
RAW,TR,L->L,0
RAW,TR,L->C,0
RAW,TR,L->R,1
RAW,TR,C->L,0
RAW,TR,C->C,0.75
RAW,TR,C->R,0.25
RAW,TR,R->L,0.33333333333333331
RAW,TR,R->C,0.33333333333333331
RAW,TR,R->R,0.33333333333333331
RAW,TR,L->L,0
RAW,TR,L->C,0
RAW,TR,L->R,0
RAW,TR,C->L,0
RAW,TR,C->C,0.59999999999999998
RAW,TR,C->R,0.40000000000000002
RAW,TR,R->L,0
RAW,TR,R->C,0.75
RAW,TR,R->R,0.25
RAW,TR,L->L,0
RAW,TR,L->C,0
RAW,TR,L->R,0
RAW,TR,C->L,0
RAW,TR,C->C,1
RAW,TR,C->R,0
RAW,TR,R->L,0
RAW,TR,R->C,0.1111111111111111
RAW,TR,R->R,0.88888888888888884
RAW,TR,L->L,0
RAW,TR,L->C,0
RAW,TR,L->R,0
RAW,TR,C->L,0
RAW,TR,C->C,0.80000000000000004
RAW,TR,C->R,0.20000000000000001
RAW,TR,R->L,0
RAW,TR,R->C,0.2857142857142857
RAW,TR,R->R,0.7142857142857143
RAW,TR,L->L,0
RAW,TR,L->C,0
RAW,TR,L->R,0
RAW,TR,C->L,0
RAW,TR,C->C,0.7142857142857143
RAW,TR,C->R,0.2857142857142857
RAW,TR,R->L,0
RAW,TR,R->C,0.20000000000000001
RAW,TR,R->R,0.80000000000000004
RAW,TR,L->L,0
RAW,TR,L->C,0
RAW,TR,L->R,0
RAW,TR,C->L,0
RAW,TR,C->C,1
RAW,TR,C->R,0
RAW,TR,R->L,0
RAW,TR,R->C,0.125
RAW,TR,R->R,0.875
RAW,TR,L->L,0
RAW,TR,L->C,0
RAW,TR,L->R,0
RAW,TR,C->L,0
RAW,TR,C->C,0.90909090909090917
RAW,TR,C->R,0.090909090909090898
RAW,TR,R->L,0
RAW,TR,R->C,1
RAW,TR,R->R,0
RAW,TR,L->L,0
RAW,TR,L->C,0
RAW,TR,L->R,0
RAW,TR,C->L,0
RAW,TR,C->C,1
RAW,TR,C->R,0
RAW,TR,R->L,0
RAW,TR,R->C,0.33333333333333331
RAW,TR,R->R,0.66666666666666663
RAW,TR,L->L,0
RAW,TR,L->C,0
RAW,TR,L->R,0
RAW,TR,C->L,0
RAW,TR,C->C,0.66666666666666663
RAW,TR,C->R,0.33333333333333331
RAW,TR,R->L,0
RAW,TR,R->C,0.5
RAW,TR,R->R,0.5
RAW,TR,L->L,0
RAW,TR,L->C,0
RAW,TR,L->R,0
RAW,TR,C->L,0
RAW,TR,C->C,0.90000000000000002
RAW,TR,C->R,0.10000000000000001
RAW,TR,R->L,0
RAW,TR,R->C,1
RAW,TR,R->R,0
RAW,TR,L->L,0
RAW,TR,L->C,0
RAW,TR,L->R,0
RAW,TR,C->L,0
RAW,TR,C->C,1
RAW,TR,C->R,0
RAW,TR,R->L,0
RAW,TR,R->C,0
RAW,TR,R->R,0
RAW,TR,L->L,0
RAW,TR,L->C,0
RAW,TR,L->R,0
RAW,TR,C->L,0
RAW,TR,C->C,1
RAW,TR,C->R,0
RAW,TR,R->L,0
RAW,TR,R->C,0.125
RAW,TR,R->R,0.875
RAW,TR,L->L,0
RAW,TR,L->C,0
RAW,TR,L->R,0
RAW,TR,C->L,0
RAW,TR,C->C,1
RAW,TR,C->R,0
RAW,TR,R->L,0
RAW,TR,R->C,0.14285714285714279
RAW,TR,R->R,0.8571428571428571
RAW,TR,L->L,0
RAW,TR,L->C,0
RAW,TR,L->R,0
RAW,TR,C->L,0
RAW,TR,C->C,0.8571428571428571
RAW,TR,C->R,0.14285714285714279
RAW,TR,R->L,0
RAW,TR,R->C,0.20000000000000001
RAW,TR,R->R,0.80000000000000004
RAW,TR,L->L,0
RAW,TR,L->C,0
RAW,TR,L->R,0
RAW,TR,C->L,0
RAW,TR,C->C,1
RAW,TR,C->R,0
RAW,TR,R->L,0
RAW,TR,R->C,0.055555555555555497
RAW,TR,R->R,0.94444444444444442
RAW,TR,L->L,0
RAW,TR,L->C,0
RAW,TR,L->R,0
RAW,TR,C->L,0
RAW,TR,C->C,0
RAW,TR,C->R,0
RAW,TR,R->L,0
RAW,TR,R->C,0.1666666666666666
RAW,TR,R->R,0.83333333333333337
RAW,TR,L->L,0
RAW,TR,L->C,0
RAW,TR,L->R,0
RAW,TR,C->L,0
RAW,TR,C->C,1
RAW,TR,C->R,0
RAW,TR,R->L,0
RAW,TR,R->C,0.20000000000000001
RAW,TR,R->R,0.80000000000000004
RAW,TR,L->L,0
RAW,TR,L->C,0
RAW,TR,L->R,0
RAW,TR,C->L,0
RAW,TR,C->C,0
RAW,TR,C->R,1
RAW,TR,R->L,0
RAW,TR,R->C,0
RAW,TR,R->R,1
RAW,TR,L->L,0
RAW,TR,L->C,1
RAW,TR,L->R,0
RAW,TR,C->L,0.5
RAW,TR,C->C,0
RAW,TR,C->R,0.5
RAW,TR,R->L,0
RAW,TR,R->C,0.14285714285714279
RAW,TR,R->R,0.8571428571428571
RAW,TR,L->L,0
RAW,TR,L->C,0
RAW,TR,L->R,0
RAW,TR,C->L,0
RAW,TR,C->C,1
RAW,TR,C->R,0
RAW,TR,R->L,0
RAW,TR,R->C,0.20000000000000001
RAW,TR,R->R,0.80000000000000004
RAW,TR,L->L,0
RAW,TR,L->C,0
RAW,TR,L->R,0
RAW,TR,C->L,0
RAW,TR,C->C,0.5
RAW,TR,C->R,0.5
RAW,TR,R->L,0
RAW,TR,R->C,0.40000000000000002
RAW,TR,R->R,0.59999999999999998
RAW,TR,L->L,0
RAW,TR,L->C,0
RAW,TR,L->R,0
RAW,TR,C->L,0
RAW,TR,C->C,0.75
RAW,TR,C->R,0.25
RAW,TR,R->L,0
RAW,TR,R->C,0.2857142857142857
RAW,TR,R->R,0.7142857142857143
RAW,TR,L->L,0
RAW,TR,L->C,0
RAW,TR,L->R,0
RAW,TR,C->L,0
RAW,TR,C->C,0.66666666666666663
RAW,TR,C->R,0.33333333333333331
RAW,TR,R->L,0
RAW,TR,R->C,0.083333333333333301
RAW,TR,R->R,0.91666666666666663
RAW,TR,L->L,0
RAW,TR,L->C,0
RAW,TR,L->R,0
RAW,TR,C->L,0
RAW,TR,C->C,1
RAW,TR,C->R,0
RAW,TR,R->L,0
RAW,TR,R->C,0.071428571428571397
RAW,TR,R->R,0.9285714285714286
RAW,TR,L->L,0
RAW,TR,L->C,1
RAW,TR,L->R,0
RAW,TR,C->L,0.25
RAW,TR,C->C,0.75
RAW,TR,C->R,0
RAW,TR,R->L,0
RAW,TR,R->C,0.083333333333333301
RAW,TR,R->R,0.91666666666666663
RAW,TR,L->L,0
RAW,TR,L->C,0
RAW,TR,L->R,0
RAW,TR,C->L,0
RAW,TR,C->C,0
RAW,TR,C->R,0
RAW,TR,R->L,0
RAW,TR,R->C,0
RAW,TR,R->R,1
RAW,TR,L->L,0
RAW,TR,L->C,0
RAW,TR,L->R,0
RAW,TR,C->L,0
RAW,TR,C->C,1
RAW,TR,C->R,0
RAW,TR,R->L,0
RAW,TR,R->C,0.125
RAW,TR,R->R,0.875
RAW,TR,L->L,0
RAW,TR,L->C,0
RAW,TR,L->R,0
RAW,TR,C->L,0
RAW,TR,C->C,0.59999999999999998
RAW,TR,C->R,0.40000000000000002
RAW,TR,R->L,0
RAW,TR,R->C,0.20000000000000001
RAW,TR,R->R,0.80000000000000004
RAW,TR,L->L,0
RAW,TR,L->C,0
RAW,TR,L->R,0
RAW,TR,C->L,0
RAW,TR,C->C,0.80000000000000004
RAW,TR,C->R,0.20000000000000001
RAW,TR,R->L,0
RAW,TR,R->C,0.14285714285714279
RAW,TR,R->R,0.8571428571428571
RAW,TR,L->L,0
RAW,TR,L->C,0
RAW,TR,L->R,0
RAW,TR,C->L,0
RAW,TR,C->C,1
RAW,TR,C->R,0
RAW,TR,R->L,0
RAW,TR,R->C,0.25
RAW,TR,R->R,0.75
RAW,TR,L->L,0
RAW,TR,L->C,0
RAW,TR,L->R,0
RAW,TR,C->L,0.14285714285714279
RAW,TR,C->C,0.8571428571428571
RAW,TR,C->R,0
RAW,TR,R->L,0
RAW,TR,R->C,0
RAW,TR,R->R,0
RAW,TR,L->L,0
RAW,TR,L->C,0
RAW,TR,L->R,0
RAW,TR,C->L,0
RAW,TR,C->C,1
RAW,TR,C->R,0
RAW,TR,R->L,0
RAW,TR,R->C,0.25
RAW,TR,R->R,0.75
RAW,TR,L->L,0
RAW,TR,L->C,0
RAW,TR,L->R,1
RAW,TR,C->L,0
RAW,TR,C->C,0.625
RAW,TR,C->R,0.375
RAW,TR,R->L,0.071428571428571397
RAW,TR,R->C,0.21428571428571419
RAW,TR,R->R,0.7142857142857143
RAW,TR,L->L,0
RAW,TR,L->C,1
RAW,TR,L->R,0
RAW,TR,C->L,0.25
RAW,TR,C->C,0
RAW,TR,C->R,0.75
RAW,TR,R->L,0
RAW,TR,R->C,0.33333333333333331
RAW,TR,R->R,0.66666666666666663
RAW,TR,L->L,0
RAW,TR,L->C,0
RAW,TR,L->R,0
RAW,TR,C->L,0
RAW,TR,C->C,0.75
RAW,TR,C->R,0.25
RAW,TR,R->L,0
RAW,TR,R->C,0.27272727272727271
RAW,TR,R->R,0.72727272727272729
RAW,TR,L->L,0
RAW,TR,L->C,0
RAW,TR,L->R,0
RAW,TR,C->L,0
RAW,TR,C->C,0.33333333333333331
RAW,TR,C->R,0.66666666666666663
RAW,TR,R->L,0
RAW,TR,R->C,0.33333333333333331
RAW,TR,R->R,0.66666666666666663
RAW,TR,L->L,0.5
RAW,TR,L->C,0
RAW,TR,L->R,0.5
RAW,TR,C->L,0.25
RAW,TR,C->C,0.5
RAW,TR,C->R,0.25
RAW,TR,R->L,0
RAW,TR,R->C,0.42857142857142849
RAW,TR,R->R,0.5714285714285714
RAW,TR,L->L,0
RAW,TR,L->C,0
RAW,TR,L->R,0
RAW,TR,C->L,0
RAW,TR,C->C,1
RAW,TR,C->R,0
RAW,TR,R->L,0
RAW,TR,R->C,0.125
RAW,TR,R->R,0.875
RAW,TR,L->L,0
RAW,TR,L->C,0
RAW,TR,L->R,0
RAW,TR,C->L,0
RAW,TR,C->C,0
RAW,TR,C->R,0
RAW,TR,R->L,0
RAW,TR,R->C,0.14285714285714279
RAW,TR,R->R,0.8571428571428571
RAW,TR,L->L,0
RAW,TR,L->C,0
RAW,TR,L->R,0
RAW,TR,C->L,0
RAW,TR,C->C,0
RAW,TR,C->R,1
RAW,TR,R->L,0
RAW,TR,R->C,0.25
RAW,TR,R->R,0.75
RAW,TR,L->L,0
RAW,TR,L->C,0
RAW,TR,L->R,0
RAW,TR,C->L,0
RAW,TR,C->C,0
RAW,TR,C->R,1
RAW,TR,R->L,0
RAW,TR,R->C,0.10000000000000001
RAW,TR,R->R,0.90000000000000002
RAW,TR,L->L,0
RAW,TR,L->C,0
RAW,TR,L->R,0
RAW,TR,C->L,0
RAW,TR,C->C,0
RAW,TR,C->R,1
RAW,TR,R->L,0
RAW,TR,R->C,0.14285714285714279
RAW,TR,R->R,0.8571428571428571
RAW,TR,L->L,0
RAW,TR,L->C,0
RAW,TR,L->R,1
RAW,TR,C->L,0
RAW,TR,C->C,0.8571428571428571
RAW,TR,C->R,0.14285714285714279
RAW,TR,R->L,0.25
RAW,TR,R->C,0.25
RAW,TR,R->R,0.5
RAW,TR,L->L,0
RAW,TR,L->C,0
RAW,TR,L->R,0
RAW,TR,C->L,0
RAW,TR,C->C,0
RAW,TR,C->R,1
RAW,TR,R->L,0
RAW,TR,R->C,0.058823529411764698
RAW,TR,R->R,0.94117647058823517
RAW,TR,L->L,0
RAW,TR,L->C,0
RAW,TR,L->R,0
RAW,TR,C->L,0
RAW,TR,C->C,1
RAW,TR,C->R,0
RAW,TR,R->L,0
RAW,TR,R->C,0.1666666666666666
RAW,TR,R->R,0.83333333333333337
RAW,TR,L->L,0
RAW,TR,L->C,0
RAW,TR,L->R,0
RAW,TR,C->L,0
RAW,TR,C->C,0
RAW,TR,C->R,0
RAW,TR,R->L,0
RAW,TR,R->C,0
RAW,TR,R->R,1
RAW,TR,L->L,0
RAW,TR,L->C,0
RAW,TR,L->R,0
RAW,TR,C->L,0
RAW,TR,C->C,1
RAW,TR,C->R,0
RAW,TR,R->L,0
RAW,TR,R->C,0.090909090909090898
RAW,TR,R->R,0.90909090909090917
RAW,TR,L->L,0
RAW,TR,L->C,0
RAW,TR,L->R,0
RAW,TR,C->L,0
RAW,TR,C->C,1
RAW,TR,C->R,0
RAW,TR,R->L,0
RAW,TR,R->C,0.0625
RAW,TR,R->R,0.9375
RAW,TR,L->L,0
RAW,TR,L->C,0
RAW,TR,L->R,0
RAW,TR,C->L,0
RAW,TR,C->C,0.75
RAW,TR,C->R,0.25
RAW,TR,R->L,0
RAW,TR,R->C,0.25
RAW,TR,R->R,0.75
RAW,TR,L->L,0
RAW,TR,L->C,0
RAW,TR,L->R,0
RAW,TR,C->L,0
RAW,TR,C->C,0
RAW,TR,C->R,0
RAW,TR,R->L,0
RAW,TR,R->C,0.0454545454545454
RAW,TR,R->R,0.95454545454545459
HUD,TR,L->L,0
HUD,TR,L->C,0
HUD,TR,L->R,0
HUD,TR,C->L,0
HUD,TR,C->C,1
HUD,TR,C->R,0
HUD,TR,R->L,0
HUD,TR,R->C,0
HUD,TR,R->R,0
HUD,TR,L->L,0
HUD,TR,L->C,0
HUD,TR,L->R,0
HUD,TR,C->L,0
HUD,TR,C->C,1
HUD,TR,C->R,0
HUD,TR,R->L,0
HUD,TR,R->C,0.33333333333333331
HUD,TR,R->R,0.66666666666666663
HUD,TR,L->L,0
HUD,TR,L->C,0
HUD,TR,L->R,0
HUD,TR,C->L,0
HUD,TR,C->C,0.8571428571428571
HUD,TR,C->R,0.14285714285714279
HUD,TR,R->L,0
HUD,TR,R->C,0.20000000000000001
HUD,TR,R->R,0.80000000000000004
HUD,TR,L->L,0
HUD,TR,L->C,0
HUD,TR,L->R,0
HUD,TR,C->L,0
HUD,TR,C->C,0
HUD,TR,C->R,1
HUD,TR,R->L,0
HUD,TR,R->C,0.066666666666666596
HUD,TR,R->R,0.93333333333333324
HUD,TR,L->L,0
HUD,TR,L->C,0
HUD,TR,L->R,0
HUD,TR,C->L,0
HUD,TR,C->C,0.75
HUD,TR,C->R,0.25
HUD,TR,R->L,0
HUD,TR,R->C,0.25
HUD,TR,R->R,0.75
HUD,TR,L->L,0
HUD,TR,L->C,0
HUD,TR,L->R,0
HUD,TR,C->L,0
HUD,TR,C->C,1
HUD,TR,C->R,0
HUD,TR,R->L,0
HUD,TR,R->C,0.1666666666666666
HUD,TR,R->R,0.83333333333333337
HUD,TR,L->L,0.66666666666666663
HUD,TR,L->C,0
HUD,TR,L->R,0.33333333333333331
HUD,TR,C->L,0.25
HUD,TR,C->C,0.25
HUD,TR,C->R,0.5
HUD,TR,R->L,0
HUD,TR,R->C,0.1666666666666666
HUD,TR,R->R,0.83333333333333337
HUD,TR,L->L,0
HUD,TR,L->C,0
HUD,TR,L->R,0
HUD,TR,C->L,0
HUD,TR,C->C,0.83333333333333337
HUD,TR,C->R,0.1666666666666666
HUD,TR,R->L,0
HUD,TR,R->C,0.25
HUD,TR,R->R,0.75
HUD,TR,L->L,0
HUD,TR,L->C,0
HUD,TR,L->R,1
HUD,TR,C->L,0
HUD,TR,C->C,0.33333333333333331
HUD,TR,C->R,0.66666666666666663
HUD,TR,R->L,0.10000000000000001
HUD,TR,R->C,0.29999999999999999
HUD,TR,R->R,0.59999999999999998
HUD,TR,L->L,0
HUD,TR,L->C,1
HUD,TR,L->R,0
HUD,TR,C->L,0
HUD,TR,C->C,0.25
HUD,TR,C->R,0.75
HUD,TR,R->L,0.14285714285714279
HUD,TR,R->C,0.14285714285714279
HUD,TR,R->R,0.7142857142857143
HUD,TR,L->L,0.5
HUD,TR,L->C,0
HUD,TR,L->R,0.5
HUD,TR,C->L,0
HUD,TR,C->C,0
HUD,TR,C->R,0
HUD,TR,R->L,0
HUD,TR,R->C,0.0769230769230769
HUD,TR,R->R,0.92307692307692324
HUD,TR,L->L,0
HUD,TR,L->C,0
HUD,TR,L->R,0
HUD,TR,C->L,0
HUD,TR,C->C,1
HUD,TR,C->R,0
HUD,TR,R->L,0
HUD,TR,R->C,0.125
HUD,TR,R->R,0.875
HUD,TR,L->L,0
HUD,TR,L->C,0
HUD,TR,L->R,0
HUD,TR,C->L,0
HUD,TR,C->C,0
HUD,TR,C->R,0
HUD,TR,R->L,0
HUD,TR,R->C,0.125
HUD,TR,R->R,0.875
HUD,TR,L->L,0
HUD,TR,L->C,0
HUD,TR,L->R,1
HUD,TR,C->L,0
HUD,TR,C->C,0
HUD,TR,C->R,0
HUD,TR,R->L,0.090909090909090898
HUD,TR,R->C,0
HUD,TR,R->R,0.90909090909090917
HUD,TR,L->L,0
HUD,TR,L->C,0
HUD,TR,L->R,0
HUD,TR,C->L,0
HUD,TR,C->C,0.5
HUD,TR,C->R,0.5
HUD,TR,R->L,0
HUD,TR,R->C,0.066666666666666596
HUD,TR,R->R,0.93333333333333324
HUD,TR,L->L,0
HUD,TR,L->C,0
HUD,TR,L->R,0
HUD,TR,C->L,0
HUD,TR,C->C,1
HUD,TR,C->R,0
HUD,TR,R->L,0
HUD,TR,R->C,0.066666666666666596
HUD,TR,R->R,0.93333333333333324
HUD,TR,L->L,0
HUD,TR,L->C,0
HUD,TR,L->R,0
HUD,TR,C->L,0
HUD,TR,C->C,0.83333333333333337
HUD,TR,C->R,0.1666666666666666
HUD,TR,R->L,0
HUD,TR,R->C,0.1818181818181818
HUD,TR,R->R,0.81818181818181823
HUD,TR,L->L,0
HUD,TR,L->C,0
HUD,TR,L->R,0
HUD,TR,C->L,0
HUD,TR,C->C,0.66666666666666663
HUD,TR,C->R,0.33333333333333331
HUD,TR,R->L,0
HUD,TR,R->C,0.055555555555555497
HUD,TR,R->R,0.94444444444444442
HUD,TR,L->L,0
HUD,TR,L->C,0
HUD,TR,L->R,0
HUD,TR,C->L,0
HUD,TR,C->C,0
HUD,TR,C->R,1
HUD,TR,R->L,0
HUD,TR,R->C,0.10000000000000001
HUD,TR,R->R,0.90000000000000002
HUD,TR,L->L,0
HUD,TR,L->C,0
HUD,TR,L->R,0
HUD,TR,C->L,0
HUD,TR,C->C,0.66666666666666663
HUD,TR,C->R,0.33333333333333331
HUD,TR,R->L,0
HUD,TR,R->C,0.10000000000000001
HUD,TR,R->R,0.90000000000000002
HUD,TR,L->L,0
HUD,TR,L->C,0
HUD,TR,L->R,0
HUD,TR,C->L,0
HUD,TR,C->C,1
HUD,TR,C->R,0
HUD,TR,R->L,0
HUD,TR,R->C,0.058823529411764698
HUD,TR,R->R,0.94117647058823517
HUD,TR,L->L,0
HUD,TR,L->C,0
HUD,TR,L->R,0
HUD,TR,C->L,0
HUD,TR,C->C,0.5
HUD,TR,C->R,0.5
HUD,TR,R->L,0
HUD,TR,R->C,0
HUD,TR,R->R,1
HUD,TR,L->L,0
HUD,TR,L->C,0
HUD,TR,L->R,0
HUD,TR,C->L,0
HUD,TR,C->C,1
HUD,TR,C->R,0
HUD,TR,R->L,0
HUD,TR,R->C,0.1111111111111111
HUD,TR,R->R,0.88888888888888884
HUD,TR,L->L,0
HUD,TR,L->C,0
HUD,TR,L->R,0
HUD,TR,C->L,0
HUD,TR,C->C,1
HUD,TR,C->R,0
HUD,TR,R->L,0
HUD,TR,R->C,0.1666666666666666
HUD,TR,R->R,0.83333333333333337
HUD,TR,L->L,0
HUD,TR,L->C,0
HUD,TR,L->R,0
HUD,TR,C->L,0
HUD,TR,C->C,0.8571428571428571
HUD,TR,C->R,0.14285714285714279
HUD,TR,R->L,0
HUD,TR,R->C,0.22222222222222221
HUD,TR,R->R,0.77777777777777779
HUD,TR,L->L,0.5
HUD,TR,L->C,0
HUD,TR,L->R,0.5
HUD,TR,C->L,0
HUD,TR,C->C,0.75
HUD,TR,C->R,0.25
HUD,TR,R->L,0
HUD,TR,R->C,0.20000000000000001
HUD,TR,R->R,0.80000000000000004
HUD,TR,L->L,0
HUD,TR,L->C,0
HUD,TR,L->R,0
HUD,TR,C->L,0
HUD,TR,C->C,0.8571428571428571
HUD,TR,C->R,0.14285714285714279
HUD,TR,R->L,0
HUD,TR,R->C,0.25
HUD,TR,R->R,0.75
HUD,TR,L->L,0
HUD,TR,L->C,0
HUD,TR,L->R,0
HUD,TR,C->L,0
HUD,TR,C->C,0.75
HUD,TR,C->R,0.25
HUD,TR,R->L,0
HUD,TR,R->C,0.2857142857142857
HUD,TR,R->R,0.7142857142857143
HUD,TR,L->L,0.5
HUD,TR,L->C,0.5
HUD,TR,L->R,0
HUD,TR,C->L,0.1666666666666666
HUD,TR,C->C,0.5
HUD,TR,C->R,0.33333333333333331
HUD,TR,R->L,0
HUD,TR,R->C,0.5
HUD,TR,R->R,0.5
HUD,TR,L->L,0
HUD,TR,L->C,0
HUD,TR,L->R,0
HUD,TR,C->L,0
HUD,TR,C->C,1
HUD,TR,C->R,0
HUD,TR,R->L,0
HUD,TR,R->C,0.5
HUD,TR,R->R,0.5
HUD,TR,L->L,1
HUD,TR,L->C,0
HUD,TR,L->R,0
HUD,TR,C->L,0.33333333333333331
HUD,TR,C->C,0.66666666666666663
HUD,TR,C->R,0
HUD,TR,R->L,0
HUD,TR,R->C,0.5
HUD,TR,R->R,0.5
HUD,TR,L->L,0
HUD,TR,L->C,0
HUD,TR,L->R,0
HUD,TR,C->L,0
HUD,TR,C->C,0.66666666666666663
HUD,TR,C->R,0.33333333333333331
HUD,TR,R->L,0
HUD,TR,R->C,0.375
HUD,TR,R->R,0.625
HUD,TR,L->L,0
HUD,TR,L->C,0
HUD,TR,L->R,0
HUD,TR,C->L,0
HUD,TR,C->C,0.66666666666666663
HUD,TR,C->R,0.33333333333333331
HUD,TR,R->L,0
HUD,TR,R->C,0.125
HUD,TR,R->R,0.875
HUD,TR,L->L,0
HUD,TR,L->C,0
HUD,TR,L->R,0
HUD,TR,C->L,0
HUD,TR,C->C,1
HUD,TR,C->R,0
HUD,TR,R->L,0
HUD,TR,R->C,0.20000000000000001
HUD,TR,R->R,0.80000000000000004
HUD,TR,L->L,0
HUD,TR,L->C,0
HUD,TR,L->R,0
HUD,TR,C->L,0
HUD,TR,C->C,1
HUD,TR,C->R,0
HUD,TR,R->L,0
HUD,TR,R->C,0
HUD,TR,R->R,0
HUD,TR,L->L,0
HUD,TR,L->C,0
HUD,TR,L->R,0
HUD,TR,C->L,0
HUD,TR,C->C,0.75
HUD,TR,C->R,0.25
HUD,TR,R->L,0
HUD,TR,R->C,0.2857142857142857
HUD,TR,R->R,0.7142857142857143
HUD,TR,L->L,0
HUD,TR,L->C,0
HUD,TR,L->R,0
HUD,TR,C->L,0
HUD,TR,C->C,1
HUD,TR,C->R,0
HUD,TR,R->L,0
HUD,TR,R->C,0.125
HUD,TR,R->R,0.875
HUD,TR,L->L,0
HUD,TR,L->C,0
HUD,TR,L->R,0
HUD,TR,C->L,0
HUD,TR,C->C,0
HUD,TR,C->R,1
HUD,TR,R->L,0
HUD,TR,R->C,0.090909090909090898
HUD,TR,R->R,0.90909090909090917
HUD,TR,L->L,0
HUD,TR,L->C,0
HUD,TR,L->R,0
HUD,TR,C->L,0
HUD,TR,C->C,1
HUD,TR,C->R,0
HUD,TR,R->L,0
HUD,TR,R->C,0.125
HUD,TR,R->R,0.875
HUD,TR,L->L,0
HUD,TR,L->C,0
HUD,TR,L->R,0
HUD,TR,C->L,0
HUD,TR,C->C,1
HUD,TR,C->R,0
HUD,TR,R->L,0
HUD,TR,R->C,0.10000000000000001
HUD,TR,R->R,0.90000000000000002
HUD,TR,L->L,0
HUD,TR,L->C,0
HUD,TR,L->R,0
HUD,TR,C->L,0
HUD,TR,C->C,0.66666666666666663
HUD,TR,C->R,0.33333333333333331
HUD,TR,R->L,0
HUD,TR,R->C,0.20000000000000001
HUD,TR,R->R,0.80000000000000004
HUD,TR,L->L,0
HUD,TR,L->C,0
HUD,TR,L->R,0
HUD,TR,C->L,0
HUD,TR,C->C,0
HUD,TR,C->R,1
HUD,TR,R->L,0
HUD,TR,R->C,0
HUD,TR,R->R,1
HUD,TR,L->L,0
HUD,TR,L->C,0
HUD,TR,L->R,0
HUD,TR,C->L,0
HUD,TR,C->C,1
HUD,TR,C->R,0
HUD,TR,R->L,0
HUD,TR,R->C,0.1666666666666666
HUD,TR,R->R,0.83333333333333337
HUD,TR,L->L,0
HUD,TR,L->C,0
HUD,TR,L->R,0
HUD,TR,C->L,0
HUD,TR,C->C,1
HUD,TR,C->R,0
HUD,TR,R->L,0
HUD,TR,R->C,0.1666666666666666
HUD,TR,R->R,0.83333333333333337
HUD,TR,L->L,0
HUD,TR,L->C,0
HUD,TR,L->R,0
HUD,TR,C->L,0
HUD,TR,C->C,1
HUD,TR,C->R,0
HUD,TR,R->L,0
HUD,TR,R->C,0.33333333333333331
HUD,TR,R->R,0.66666666666666663
HUD,TR,L->L,0
HUD,TR,L->C,0
HUD,TR,L->R,0
HUD,TR,C->L,0
HUD,TR,C->C,0.83333333333333337
HUD,TR,C->R,0.1666666666666666
HUD,TR,R->L,0
HUD,TR,R->C,0.22222222222222221
HUD,TR,R->R,0.77777777777777779
HUD,TR,L->L,0
HUD,TR,L->C,0
HUD,TR,L->R,0
HUD,TR,C->L,0
HUD,TR,C->C,0.5
HUD,TR,C->R,0.5
HUD,TR,R->L,0
HUD,TR,R->C,0.125
HUD,TR,R->R,0.875
HUD,TR,L->L,0
HUD,TR,L->C,0
HUD,TR,L->R,0
HUD,TR,C->L,0
HUD,TR,C->C,1
HUD,TR,C->R,0
HUD,TR,R->L,0
HUD,TR,R->C,0.10000000000000001
HUD,TR,R->R,0.90000000000000002
HUD,TR,L->L,0
HUD,TR,L->C,0
HUD,TR,L->R,0
HUD,TR,C->L,0
HUD,TR,C->C,0.66666666666666663
HUD,TR,C->R,0.33333333333333331
HUD,TR,R->L,0
HUD,TR,R->C,0.1666666666666666
HUD,TR,R->R,0.83333333333333337
HUD,TR,L->L,0
HUD,TR,L->C,0
HUD,TR,L->R,0
HUD,TR,C->L,0
HUD,TR,C->C,1
HUD,TR,C->R,0
HUD,TR,R->L,0
HUD,TR,R->C,0.1666666666666666
HUD,TR,R->R,0.83333333333333337
HUD,TR,L->L,0
HUD,TR,L->C,0
HUD,TR,L->R,0
HUD,TR,C->L,0
HUD,TR,C->C,1
HUD,TR,C->R,0
HUD,TR,R->L,0
HUD,TR,R->C,0.125
HUD,TR,R->R,0.875
HUD,TR,L->L,0
HUD,TR,L->C,0
HUD,TR,L->R,0
HUD,TR,C->L,0
HUD,TR,C->C,0
HUD,TR,C->R,0
HUD,TR,R->L,0
HUD,TR,R->C,0
HUD,TR,R->R,1
HUD,TR,L->L,0
HUD,TR,L->C,0
HUD,TR,L->R,0
HUD,TR,C->L,0
HUD,TR,C->C,0.5
HUD,TR,C->R,0.5
HUD,TR,R->L,0
HUD,TR,R->C,0.1111111111111111
HUD,TR,R->R,0.88888888888888884
HUD,TR,L->L,0
HUD,TR,L->C,0
HUD,TR,L->R,0
HUD,TR,C->L,0
HUD,TR,C->C,1
HUD,TR,C->R,0
HUD,TR,R->L,0
HUD,TR,R->C,0.5
HUD,TR,R->R,0.5
HUD,TR,L->L,0
HUD,TR,L->C,0
HUD,TR,L->R,0
HUD,TR,C->L,0
HUD,TR,C->C,0.5
HUD,TR,C->R,0.5
HUD,TR,R->L,0
HUD,TR,R->C,0.2857142857142857
HUD,TR,R->R,0.7142857142857143
HUD,TR,L->L,0
HUD,TR,L->C,0
HUD,TR,L->R,0
HUD,TR,C->L,0
HUD,TR,C->C,0.75
HUD,TR,C->R,0.25
HUD,TR,R->L,0
HUD,TR,R->C,0.25
HUD,TR,R->R,0.75
HUD,TR,L->L,0
HUD,TR,L->C,0
HUD,TR,L->R,0
HUD,TR,C->L,0
HUD,TR,C->C,1
HUD,TR,C->R,0
HUD,TR,R->L,0
HUD,TR,R->C,1
HUD,TR,R->R,0
HUD,TR,L->L,0
HUD,TR,L->C,0
HUD,TR,L->R,0
HUD,TR,C->L,0
HUD,TR,C->C,1
HUD,TR,C->R,0
HUD,TR,R->L,0
HUD,TR,R->C,0.14285714285714279
HUD,TR,R->R,0.8571428571428571
HUD,TR,L->L,0
HUD,TR,L->C,0
HUD,TR,L->R,0
HUD,TR,C->L,0
HUD,TR,C->C,0.80000000000000004
HUD,TR,C->R,0.20000000000000001
HUD,TR,R->L,0
HUD,TR,R->C,0.20000000000000001
HUD,TR,R->R,0.80000000000000004
HUD,TR,L->L,0
HUD,TR,L->C,0
HUD,TR,L->R,0
HUD,TR,C->L,0
HUD,TR,C->C,1
HUD,TR,C->R,0
HUD,TR,R->L,0
HUD,TR,R->C,0.14285714285714279
HUD,TR,R->R,0.8571428571428571
HUD,TR,L->L,0
HUD,TR,L->C,0
HUD,TR,L->R,0
HUD,TR,C->L,0
HUD,TR,C->C,0
HUD,TR,C->R,0
HUD,TR,R->L,0
HUD,TR,R->C,0.10000000000000001
HUD,TR,R->R,0.90000000000000002
HUD,TR,L->L,0
HUD,TR,L->C,0
HUD,TR,L->R,0
HUD,TR,C->L,0
HUD,TR,C->C,0
HUD,TR,C->R,1
HUD,TR,R->L,0
HUD,TR,R->C,0.1666666666666666
HUD,TR,R->R,0.83333333333333337
HUD,TR,L->L,0
HUD,TR,L->C,0
HUD,TR,L->R,0
HUD,TR,C->L,0
HUD,TR,C->C,0.5
HUD,TR,C->R,0.5
HUD,TR,R->L,0
HUD,TR,R->C,0.1538461538461538
HUD,TR,R->R,0.84615384615384615
HUD,TR,L->L,0
HUD,TR,L->C,0
HUD,TR,L->R,0
HUD,TR,C->L,0
HUD,TR,C->C,1
HUD,TR,C->R,0
HUD,TR,R->L,0
HUD,TR,R->C,0.0625
HUD,TR,R->R,0.9375
HUD,TR,L->L,0
HUD,TR,L->C,0
HUD,TR,L->R,0
HUD,TR,C->L,0
HUD,TR,C->C,0.66666666666666663
HUD,TR,C->R,0.33333333333333331
HUD,TR,R->L,0
HUD,TR,R->C,0.22222222222222221
HUD,TR,R->R,0.77777777777777779
HUD,TR,L->L,0
HUD,TR,L->C,0
HUD,TR,L->R,0
HUD,TR,C->L,0
HUD,TR,C->C,1
HUD,TR,C->R,0
HUD,TR,R->L,0
HUD,TR,R->C,0.1666666666666666
HUD,TR,R->R,0.83333333333333337
HUD,TR,L->L,0
HUD,TR,L->C,0
HUD,TR,L->R,0
HUD,TR,C->L,0
HUD,TR,C->C,1
HUD,TR,C->R,0
HUD,TR,R->L,0
HUD,TR,R->C,0.125
HUD,TR,R->R,0.875
HUD,TR,L->L,0
HUD,TR,L->C,0
HUD,TR,L->R,0
HUD,TR,C->L,0
HUD,TR,C->C,0.20000000000000001
HUD,TR,C->R,0.80000000000000004
HUD,TR,R->L,0
HUD,TR,R->C,0.5
HUD,TR,R->R,0.5
HUD,TR,L->L,0
HUD,TR,L->C,0
HUD,TR,L->R,0
HUD,TR,C->L,0
HUD,TR,C->C,0.83333333333333337
HUD,TR,C->R,0.1666666666666666
HUD,TR,R->L,0
HUD,TR,R->C,0.5
HUD,TR,R->R,0.5
HUD,TR,L->L,0
HUD,TR,L->C,0
HUD,TR,L->R,0
HUD,TR,C->L,0
HUD,TR,C->C,0.80000000000000004
HUD,TR,C->R,0.20000000000000001
HUD,TR,R->L,0
HUD,TR,R->C,0.33333333333333331
HUD,TR,R->R,0.66666666666666663
HUD,TR,L->L,0.80000000000000004
HUD,TR,L->C,0.20000000000000001
HUD,TR,L->R,0
HUD,TR,C->L,0
HUD,TR,C->C,0
HUD,TR,C->R,0
HUD,TR,R->L,0.090909090909090898
HUD,TR,R->C,0
HUD,TR,R->R,0.90909090909090917
HUD,TR,L->L,0
HUD,TR,L->C,0
HUD,TR,L->R,1
HUD,TR,C->L,0.1666666666666666
HUD,TR,C->C,0.5
HUD,TR,C->R,0.33333333333333331
HUD,TR,R->L,0
HUD,TR,R->C,0.22222222222222221
HUD,TR,R->R,0.77777777777777779
HUD,TR,L->L,0
HUD,TR,L->C,0
HUD,TR,L->R,0
HUD,TR,C->L,0
HUD,TR,C->C,1
HUD,TR,C->R,0
HUD,TR,R->L,0
HUD,TR,R->C,0.125
HUD,TR,R->R,0.875
HUD,TR,L->L,0
HUD,TR,L->C,0
HUD,TR,L->R,0
HUD,TR,C->L,0
HUD,TR,C->C,0.66666666666666663
HUD,TR,C->R,0.33333333333333331
HUD,TR,R->L,0
HUD,TR,R->C,0
HUD,TR,R->R,1
HUD,TR,L->L,0
HUD,TR,L->C,0
HUD,TR,L->R,0
HUD,TR,C->L,0
HUD,TR,C->C,0.75
HUD,TR,C->R,0.25
HUD,TR,R->L,0
HUD,TR,R->C,0.071428571428571397
HUD,TR,R->R,0.9285714285714286
HUD,TR,L->L,0
HUD,TR,L->C,0
HUD,TR,L->R,0
HUD,TR,C->L,0
HUD,TR,C->C,1
HUD,TR,C->R,0
HUD,TR,R->L,0
HUD,TR,R->C,0.058823529411764698
HUD,TR,R->R,0.94117647058823517
HUD,TR,L->L,0
HUD,TR,L->C,0
HUD,TR,L->R,0
HUD,TR,C->L,0
HUD,TR,C->C,1
HUD,TR,C->R,0
HUD,TR,R->L,0
HUD,TR,R->C,0.1111111111111111
HUD,TR,R->R,0.88888888888888884
HUD,TR,L->L,0
HUD,TR,L->C,0
HUD,TR,L->R,0
HUD,TR,C->L,0
HUD,TR,C->C,1
HUD,TR,C->R,0
HUD,TR,R->L,0
HUD,TR,R->C,0.055555555555555497
HUD,TR,R->R,0.94444444444444442
HUD,TR,L->L,0
HUD,TR,L->C,0
HUD,TR,L->R,0
HUD,TR,C->L,0
HUD,TR,C->C,1
HUD,TR,C->R,0
HUD,TR,R->L,0
HUD,TR,R->C,0.040000000000000001
HUD,TR,R->R,0.95999999999999996
HUD,TR,L->L,0
HUD,TR,L->C,0
HUD,TR,L->R,0
HUD,TR,C->L,0
HUD,TR,C->C,0.66666666666666663
HUD,TR,C->R,0.33333333333333331
HUD,TR,R->L,0
HUD,TR,R->C,0.33333333333333331
HUD,TR,R->R,0.66666666666666663
HUD,TR,L->L,0
HUD,TR,L->C,0
HUD,TR,L->R,0
HUD,TR,C->L,0
HUD,TR,C->C,1
HUD,TR,C->R,0
HUD,TR,R->L,0
HUD,TR,R->C,0.090909090909090898
HUD,TR,R->R,0.90909090909090917
HUD,TR,L->L,0
HUD,TR,L->C,0.5
HUD,TR,L->R,0.5
HUD,TR,C->L,0.33333333333333331
HUD,TR,C->C,0.5
HUD,TR,C->R,0.1666666666666666
HUD,TR,R->L,0
HUD,TR,R->C,0.20000000000000001
HUD,TR,R->R,0.80000000000000004
HUD,TR,L->L,0
HUD,TR,L->C,0
HUD,TR,L->R,0
HUD,TR,C->L,0
HUD,TR,C->C,0.7142857142857143
HUD,TR,C->R,0.2857142857142857
HUD,TR,R->L,0
HUD,TR,R->C,0.25
HUD,TR,R->R,0.75
HUD,TR,L->L,0
HUD,TR,L->C,0
HUD,TR,L->R,0
HUD,TR,C->L,0
HUD,TR,C->C,1
HUD,TR,C->R,0
HUD,TR,R->L,0
HUD,TR,R->C,0.1666666666666666
HUD,TR,R->R,0.83333333333333337
HUD,TR,L->L,0
HUD,TR,L->C,0
HUD,TR,L->R,0
HUD,TR,C->L,0
HUD,TR,C->C,1
HUD,TR,C->R,0
HUD,TR,R->L,0
HUD,TR,R->C,0.1111111111111111
HUD,TR,R->R,0.88888888888888884
HUD,TR,L->L,0
HUD,TR,L->C,0
HUD,TR,L->R,0
HUD,TR,C->L,0
HUD,TR,C->C,1
HUD,TR,C->R,0
HUD,TR,R->L,0
HUD,TR,R->C,0.33333333333333331
HUD,TR,R->R,0.66666666666666663
HUD,TR,L->L,0
HUD,TR,L->C,0
HUD,TR,L->R,0
HUD,TR,C->L,0
HUD,TR,C->C,1
HUD,TR,C->R,0
HUD,TR,R->L,0
HUD,TR,R->C,0.25
HUD,TR,R->R,0.75
HUD,TR,L->L,0
HUD,TR,L->C,0
HUD,TR,L->R,0
HUD,TR,C->L,0
HUD,TR,C->C,0.80000000000000004
HUD,TR,C->R,0.20000000000000001
HUD,TR,R->L,0
HUD,TR,R->C,0.083333333333333301
HUD,TR,R->R,0.91666666666666663
HUD,TR,L->L,0
HUD,TR,L->C,0
HUD,TR,L->R,0
HUD,TR,C->L,0
HUD,TR,C->C,1
HUD,TR,C->R,0
HUD,TR,R->L,0
HUD,TR,R->C,0.20000000000000001
HUD,TR,R->R,0.80000000000000004
HUD,TR,L->L,0
HUD,TR,L->C,0
HUD,TR,L->R,0
HUD,TR,C->L,0
HUD,TR,C->C,1
HUD,TR,C->R,0
HUD,TR,R->L,0
HUD,TR,R->C,0.1666666666666666
HUD,TR,R->R,0.83333333333333337
HUD,TR,L->L,0
HUD,TR,L->C,0
HUD,TR,L->R,0
HUD,TR,C->L,0
HUD,TR,C->C,0.83333333333333337
HUD,TR,C->R,0.1666666666666666
HUD,TR,R->L,0
HUD,TR,R->C,0.20000000000000001
HUD,TR,R->R,0.80000000000000004
HUD,TR,L->L,0
HUD,TR,L->C,0
HUD,TR,L->R,0
HUD,TR,C->L,0
HUD,TR,C->C,0.5
HUD,TR,C->R,0.5
HUD,TR,R->L,0
HUD,TR,R->C,0.14285714285714279
HUD,TR,R->R,0.8571428571428571
HUD,TR,L->L,0
HUD,TR,L->C,0
HUD,TR,L->R,0
HUD,TR,C->L,0
HUD,TR,C->C,0.59999999999999998
HUD,TR,C->R,0.40000000000000002
HUD,TR,R->L,0
HUD,TR,R->C,0.21428571428571419
HUD,TR,R->R,0.7857142857142857
HUD,TR,L->L,0
HUD,TR,L->C,0
HUD,TR,L->R,0
HUD,TR,C->L,0
HUD,TR,C->C,1
HUD,TR,C->R,0
HUD,TR,R->L,0
HUD,TR,R->C,0.125
HUD,TR,R->R,0.875
HUD,TR,L->L,0
HUD,TR,L->C,0
HUD,TR,L->R,0
HUD,TR,C->L,0
HUD,TR,C->C,0.77777777777777779
HUD,TR,C->R,0.22222222222222221
HUD,TR,R->L,0
HUD,TR,R->C,0.5
HUD,TR,R->R,0.5
HUD,TR,L->L,0
HUD,TR,L->C,0
HUD,TR,L->R,0
HUD,TR,C->L,0
HUD,TR,C->C,1
HUD,TR,C->R,0
HUD,TR,R->L,0
HUD,TR,R->C,0.20000000000000001
HUD,TR,R->R,0.80000000000000004
HUD,TR,L->L,0
HUD,TR,L->C,0
HUD,TR,L->R,0
HUD,TR,C->L,0
HUD,TR,C->C,1
HUD,TR,C->R,0
HUD,TR,R->L,0
HUD,TR,R->C,0.33333333333333331
HUD,TR,R->R,0.66666666666666663
HUD,TR,L->L,0
HUD,TR,L->C,0
HUD,TR,L->R,0
HUD,TR,C->L,0
HUD,TR,C->C,0
HUD,TR,C->R,0
HUD,TR,R->L,0
HUD,TR,R->C,0
HUD,TR,R->R,1
HUD,TR,L->L,0
HUD,TR,L->C,0
HUD,TR,L->R,0
HUD,TR,C->L,0
HUD,TR,C->C,1
HUD,TR,C->R,0
HUD,TR,R->L,0
HUD,TR,R->C,0.10000000000000001
HUD,TR,R->R,0.90000000000000002
HUD,TR,L->L,0
HUD,TR,L->C,0
HUD,TR,L->R,0
HUD,TR,C->L,0
HUD,TR,C->C,0.7142857142857143
HUD,TR,C->R,0.2857142857142857
HUD,TR,R->L,0
HUD,TR,R->C,0.375
HUD,TR,R->R,0.625
HUD,TR,L->L,0
HUD,TR,L->C,0
HUD,TR,L->R,0
HUD,TR,C->L,0
HUD,TR,C->C,1
HUD,TR,C->R,0
HUD,TR,R->L,0
HUD,TR,R->C,0.125
HUD,TR,R->R,0.875
HUD,TR,L->L,0
HUD,TR,L->C,0
HUD,TR,L->R,0
HUD,TR,C->L,0
HUD,TR,C->C,0
HUD,TR,C->R,1
HUD,TR,R->L,0
HUD,TR,R->C,0.058823529411764698
HUD,TR,R->R,0.94117647058823517
HUD,TR,L->L,0.5
HUD,TR,L->C,0
HUD,TR,L->R,0.5
HUD,TR,C->L,0.25
HUD,TR,C->C,0.75
HUD,TR,C->R,0
HUD,TR,R->L,0
HUD,TR,R->C,1
HUD,TR,R->R,0
HUD,TR,L->L,0
HUD,TR,L->C,0
HUD,TR,L->R,0
HUD,TR,C->L,0
HUD,TR,C->C,1
HUD,TR,C->R,0
HUD,TR,R->L,0
HUD,TR,R->C,0.20000000000000001
HUD,TR,R->R,0.80000000000000004
HUD,TR,L->L,0
HUD,TR,L->C,0
HUD,TR,L->R,1
HUD,TR,C->L,0
HUD,TR,C->C,0.88888888888888884
HUD,TR,C->R,0.1111111111111111
HUD,TR,R->L,0.5
HUD,TR,R->C,0.5
HUD,TR,R->R,0
HUD,TR,L->L,0
HUD,TR,L->C,0
HUD,TR,L->R,0
HUD,TR,C->L,0
HUD,TR,C->C,0.7142857142857143
HUD,TR,C->R,0.2857142857142857
HUD,TR,R->L,0
HUD,TR,R->C,0.42857142857142849
HUD,TR,R->R,0.5714285714285714
HUD,TR,L->L,0.5
HUD,TR,L->C,0
HUD,TR,L->R,0.5
HUD,TR,C->L,0
HUD,TR,C->C,0.59999999999999998
HUD,TR,C->R,0.40000000000000002
HUD,TR,R->L,0
HUD,TR,R->C,0.29999999999999999
HUD,TR,R->R,0.69999999999999996
HUD,TR,L->L,0
HUD,TR,L->C,0
HUD,TR,L->R,0
HUD,TR,C->L,0
HUD,TR,C->C,1
HUD,TR,C->R,0
HUD,TR,R->L,0
HUD,TR,R->C,0.10000000000000001
HUD,TR,R->R,0.90000000000000002
HUD,TR,L->L,0
HUD,TR,L->C,0
HUD,TR,L->R,0
HUD,TR,C->L,0
HUD,TR,C->C,0.875
HUD,TR,C->R,0.125
HUD,TR,R->L,0
HUD,TR,R->C,0.2857142857142857
HUD,TR,R->R,0.7142857142857143
HUD,TR,L->L,0
HUD,TR,L->C,0
HUD,TR,L->R,0
HUD,TR,C->L,0
HUD,TR,C->C,0.66666666666666663
HUD,TR,C->R,0.33333333333333331
HUD,TR,R->L,0
HUD,TR,R->C,0.1666666666666666
HUD,TR,R->R,0.83333333333333337
HUD,TR,L->L,0.33333333333333331
HUD,TR,L->C,0.33333333333333331
HUD,TR,L->R,0.33333333333333331
HUD,TR,C->L,0.125
HUD,TR,C->C,0.625
HUD,TR,C->R,0.25
HUD,TR,R->L,0.1111111111111111
HUD,TR,R->C,0.33333333333333331
HUD,TR,R->R,0.55555555555555558
HUD,TR,L->L,0
HUD,TR,L->C,0
HUD,TR,L->R,0
HUD,TR,C->L,0
HUD,TR,C->C,0.66666666666666663
HUD,TR,C->R,0.33333333333333331
HUD,TR,R->L,0
HUD,TR,R->C,0.33333333333333331
HUD,TR,R->R,0.66666666666666663
HUD,TR,L->L,0
HUD,TR,L->C,0
HUD,TR,L->R,0
HUD,TR,C->L,0
HUD,TR,C->C,0.91666666666666663
HUD,TR,C->R,0.083333333333333301
HUD,TR,R->L,0
HUD,TR,R->C,1
HUD,TR,R->R,0
HUD,TR,L->L,0
HUD,TR,L->C,0
HUD,TR,L->R,0
HUD,TR,C->L,0
HUD,TR,C->C,1
HUD,TR,C->R,0
HUD,TR,R->L,0
HUD,TR,R->C,0.33333333333333331
HUD,TR,R->R,0.66666666666666663
HUD,TR,L->L,0
HUD,TR,L->C,0
HUD,TR,L->R,0
HUD,TR,C->L,0
HUD,TR,C->C,0.75
HUD,TR,C->R,0.25
HUD,TR,R->L,0
HUD,TR,R->C,0.2857142857142857
HUD,TR,R->R,0.7142857142857143
HUD,TR,L->L,0
HUD,TR,L->C,0
HUD,TR,L->R,0
HUD,TR,C->L,0
HUD,TR,C->C,0.66666666666666663
HUD,TR,C->R,0.33333333333333331
HUD,TR,R->L,0
HUD,TR,R->C,0.33333333333333331
HUD,TR,R->R,0.66666666666666663
HUD,TR,L->L,0
HUD,TR,L->C,0
HUD,TR,L->R,0
HUD,TR,C->L,0.25
HUD,TR,C->C,0.5
HUD,TR,C->R,0.25
HUD,TR,R->L,0
HUD,TR,R->C,0.33333333333333331
HUD,TR,R->R,0.66666666666666663
HUD,TR,L->L,0
HUD,TR,L->C,0
HUD,TR,L->R,0
HUD,TR,C->L,0
HUD,TR,C->C,1
HUD,TR,C->R,0
HUD,TR,R->L,0
HUD,TR,R->C,0.20000000000000001
HUD,TR,R->R,0.80000000000000004
HUD,TR,L->L,0
HUD,TR,L->C,0
HUD,TR,L->R,0
HUD,TR,C->L,0
HUD,TR,C->C,1
HUD,TR,C->R,0
HUD,TR,R->L,0
HUD,TR,R->C,0.33333333333333331
HUD,TR,R->R,0.66666666666666663
HUD,TR,L->L,0
HUD,TR,L->C,0
HUD,TR,L->R,0
HUD,TR,C->L,0
HUD,TR,C->C,1
HUD,TR,C->R,0
HUD,TR,R->L,0
HUD,TR,R->C,0.25
HUD,TR,R->R,0.75
